date,athlete_id,exercise,weight_kg,sets,reps,rpe
2023-01-02,ATH004,Burpees,20.0,5,5,8.0
2023-01-02,ATH004,Deadlift,155.0,3,3,8.0
2023-01-02,ATH004,Assault Bike,382.5,1,1170,8.0
2023-01-03,ATH004,Squat,105.0,4,6,7.0
2023-01-03,ATH004,Box Jump,37.5,4,5,7.5
2023-01-03,ATH004,Handstand Push-up,5.0,4,20,8.0
2023-01-03,ATH004,Rowing Machine,275.0,1,1344,7.0
2023-01-03,ATH008,Squat,125.0,4,5,7.0
2023-01-03,ATH008,Bench Press,72.5,5,6,7.0
2023-01-03,ATH008,Leg Curl,45.0,4,10,7.0
2023-01-04,ATH004,Squat,102.5,4,6,7.5
2023-01-04,ATH004,Handstand Push-up,5.0,5,20,7.0
2023-01-04,ATH004,Assault Bike,370.0,1,573,8.0
2023-01-04,ATH004,Rowing Machine,330.0,1,1891,8.5
2023-01-05,ATH002,Snatch,37.5,5,2,7.0
2023-01-05,ATH002,Face Pull,25.0,4,10,6.5
2023-01-05,ATH002,Romanian Deadlift,80.0,4,12,7.0
2023-01-05,ATH002,Pull-up,20.0,3,8,7.5
2023-01-05,ATH005,Log Press,60.0,4,8,9.0
2023-01-05,ATH005,Stone Load,65.0,4,10,8.5
2023-01-05,ATH005,Overhead Press,47.5,3,12,9.0
2023-01-05,ATH005,Front Squat,65.0,3,12,8.5
2023-01-05,ATH005,Barbell Row,52.5,3,15,8.5
2023-01-05,ATH008,Squat,135.0,4,5,7.5
2023-01-05,ATH008,Lateral Raise,15.0,3,15,7.0
2023-01-05,ATH008,Calf Raise,40.0,4,12,6.0
2023-01-06,ATH002,Front Squat,80.0,3,10,6.5
2023-01-06,ATH002,Clean & Jerk,62.5,3,2,7.5
2023-01-06,ATH002,Overhead Press,32.5,4,10,7.5
2023-01-06,ATH002,Face Pull,22.5,4,10,7.0
2023-01-06,ATH008,Bench Press,82.5,3,6,6.0
2023-01-06,ATH008,Calf Raise,55.0,3,15,7.5
2023-01-07,ATH001,Deadlift,230.0,3,8,8.5
2023-01-07,ATH001,Tricep Extension,37.5,4,8,8.0
2023-01-07,ATH001,Bicep Curl,25.0,4,10,9.0
2023-01-07,ATH001,Dumbbell Press,60.0,3,10,9.5
2023-01-07,ATH002,Snatch,40.0,4,2,6.5
2023-01-07,ATH002,Front Squat,100.0,3,15,6.5
2023-01-07,ATH002,Romanian Deadlift,105.0,4,10,6.0
2023-01-07,ATH008,Bench Press,97.5,4,6,7.0
2023-01-07,ATH008,Deadlift,115.0,4,5,8.0
2023-01-07,ATH008,Leg Curl,37.5,4,12,6.5
2023-01-08,ATH004,Deadlift,127.5,5,3,6.5
2023-01-08,ATH004,Burpees,20.0,3,20,8.0
2023-01-08,ATH004,Pull-up,12.5,3,15,7.0
2023-01-08,ATH004,Assault Bike,342.5,1,1902,7.5
2023-01-08,ATH008,Bench Press,90.0,5,8,7.0
2023-01-08,ATH008,Bicep Curl,22.5,4,10,6.0
2023-01-08,ATH008,Lateral Raise,22.5,4,10,7.5
2023-01-08,ATH008,Calf Raise,45.0,3,12,7.5
2023-01-08,ATH009,Box Jump,35.0,5,10,8.5
2023-01-08,ATH009,Burpees,17.5,3,15,6.5
2023-01-08,ATH009,Muscle Up,12.5,5,10,7.5
2023-01-09,ATH002,Clean & Jerk,40.0,5,1,6.0
2023-01-09,ATH002,Snatch,50.0,4,2,7.5
2023-01-09,ATH002,Face Pull,35.0,4,8,8.0
2023-01-09,ATH006,Squat,252.5,4,6,8.5
2023-01-09,ATH006,Bicep Curl,47.5,4,15,9.0
2023-01-09,ATH006,Barbell Row,150.0,3,8,9.0
2023-01-09,ATH007,Clean & Jerk,35.0,3,1,7.0
2023-01-09,ATH007,Face Pull,25.0,3,15,6.5
2023-01-09,ATH007,Romanian Deadlift,75.0,4,8,6.5
2023-01-09,ATH008,Bench Press,72.5,5,5,8.0
2023-01-09,ATH008,Squat,97.5,3,6,7.0
2023-01-09,ATH008,Tricep Extension,22.5,4,8,6.5
2023-01-09,ATH008,Bicep Curl,30.0,4,12,7.5
2023-01-09,ATH008,Lateral Raise,17.5,3,12,7.0
2023-01-09,ATH009,Box Jump,40.0,3,15,7.0
2023-01-09,ATH009,Squat,127.5,5,6,7.5
2023-01-09,ATH009,Assault Bike,342.5,1,1323,7.5
2023-01-09,ATH009,Pull-up,17.5,4,15,7.5
2023-01-09,ATH009,Muscle Up,7.5,4,5,7.5
2023-01-10,ATH002,Front Squat,60.0,3,8,7.0
2023-01-10,ATH002,Clean & Jerk,67.5,3,2,8.0
2023-01-10,ATH002,Overhead Press,55.0,4,10,7.0
2023-01-10,ATH005,Yoke Walk,257.5,4,15,8.5
2023-01-10,ATH005,Log Press,62.5,3,15,9.0
2023-01-10,ATH005,Overhead Press,42.75,4,15,9.5
2023-01-10,ATH008,Deadlift,127.5,4,6,6.0
2023-01-10,ATH008,Bicep Curl,22.5,4,10,7.5
2023-01-10,ATH008,Calf Raise,57.5,3,10,7.5
2023-01-10,ATH008,Lateral Raise,20.0,3,8,7.0
2023-01-10,ATH009,Deadlift,120.0,4,6,8.5
2023-01-10,ATH009,Box Jump,40.0,4,15,7.0
2023-01-10,ATH009,Muscle Up,10.0,4,15,8.0
2023-01-10,ATH010,Stone Load,92.5,3,8,8.5
2023-01-10,ATH010,Farmers Walk,122.5,3,15,8.0
2023-01-11,ATH001,Deadlift,212.5,3,3,7.5
2023-01-11,ATH001,Bench Press,117.5,4,5,8.5
2023-01-11,ATH001,Barbell Row,85.0,3,12,9.5
2023-01-11,ATH002,Front Squat,95.0,4,10,7.5
2023-01-11,ATH002,Snatch,40.0,4,1,7.5
2023-01-11,ATH002,Overhead Press,32.5,3,10,6.5
2023-01-11,ATH002,Face Pull,27.5,3,12,7.0
2023-01-11,ATH002,Romanian Deadlift,82.5,4,8,6.5
2023-01-11,ATH004,Box Jump,37.5,3,15,8.0
2023-01-11,ATH004,Pull-up,20.0,4,12,7.0
2023-01-11,ATH004,Handstand Push-up,7.5,4,10,7.5
2023-01-11,ATH004,Rowing Machine,327.5,1,1482,7.0
2023-01-11,ATH005,Stone Load,90.0,3,15,9.5
2023-01-11,ATH005,Yoke Walk,250.0,3,15,8.5
2023-01-11,ATH005,Barbell Row,50.0,4,12,8.5
2023-01-11,ATH007,Snatch,30.0,3,3,7.0
2023-01-11,ATH007,Front Squat,52.5,3,8,7.0
2023-01-11,ATH007,Overhead Press,45.0,3,15,6.0
2023-01-11,ATH009,Box Jump,37.5,4,20,8.0
2023-01-11,ATH009,Assault Bike,420.0,1,1224,8.0
2023-01-12,ATH001,Squat,152.5,3,5,8.0
2023-01-12,ATH001,Dumbbell Press,62.5,3,12,8.0
2023-01-12,ATH001,Bicep Curl,32.5,3,8,9.5
2023-01-12,ATH004,Deadlift,107.5,3,5,7.5
2023-01-12,ATH004,Box Jump,42.5,3,5,7.5
2023-01-12,ATH004,Muscle Up,10.0,3,15,8.0
2023-01-12,ATH005,Log Press,51.75,4,12,8.5
2023-01-12,ATH005,Stone Load,85.0,3,8,9.0
2023-01-12,ATH005,Barbell Row,65.0,4,12,7.5
2023-01-12,ATH005,Farmers Walk,122.5,3,12,9.0
2023-01-12,ATH005,Overhead Press,70.0,3,15,8.0
2023-01-12,ATH007,Snatch,32.5,5,1,7.0
2023-01-12,ATH007,Overhead Press,40.0,4,12,7.0
2023-01-13,ATH004,Box Jump,37.5,4,20,7.0
2023-01-13,ATH004,Muscle Up,7.5,4,20,8.0
2023-01-13,ATH004,Assault Bike,415.0,1,743,8.0
2023-01-13,ATH004,Handstand Push-up,7.5,4,20,7.0
2023-01-13,ATH005,Log Press,57.5,4,10,9.5
2023-01-13,ATH005,Yoke Walk,230.0,3,10,8.0
2023-01-13,ATH005,Front Squat,92.5,3,15,7.5
2023-01-13,ATH005,Farmers Walk,120.0,3,10,9.5
2023-01-13,ATH006,Squat,187.5,3,6,8.5
2023-01-13,ATH006,Bicep Curl,40.0,4,8,8.0
2023-01-13,ATH007,Clean & Jerk,40.0,4,1,6.0
2023-01-13,ATH007,Face Pull,25.0,3,12,7.0
2023-01-13,ATH007,Overhead Press,42.5,4,8,7.0
2023-01-13,ATH007,Romanian Deadlift,62.5,4,15,7.0
2023-01-13,ATH008,Squat,135.0,5,3,6.5
2023-01-13,ATH008,Calf Raise,50.0,3,8,6.5
2023-01-13,ATH008,Bicep Curl,31.5,4,15,8.5
2023-01-13,ATH009,Deadlift,100.0,5,8,7.5
2023-01-13,ATH009,Pull-up,22.5,4,10,6.5
2023-01-13,ATH009,Handstand Push-up,7.5,3,10,6.5
2023-01-13,ATH009,Rowing Machine,300.0,1,1078,8.0
2023-01-13,ATH010,Deadlift,200.0,3,3,8.5
2023-01-13,ATH010,Barbell Row,67.5,4,10,8.0
2023-01-14,ATH004,Burpees,22.5,3,15,7.5
2023-01-14,ATH004,Deadlift,137.5,4,5,7.0
2023-01-14,ATH004,Rowing Machine,342.5,1,837,8.0
2023-01-14,ATH004,Handstand Push-up,5.0,4,20,8.0
2023-01-14,ATH006,Bench Press,167.5,3,5,9.0
2023-01-14,ATH006,Barbell Row,115.0,3,10,8.5
2023-01-14,ATH006,Bicep Curl,55.0,4,10,9.5
2023-01-14,ATH007,Front Squat,65.0,3,8,6.5
2023-01-14,ATH007,Snatch,36.0,3,3,8.0
2023-01-14,ATH007,Pull-up,7.5,3,15,7.0
2023-01-14,ATH007,Romanian Deadlift,60.0,4,12,6.5
2023-01-14,ATH007,Face Pull,17.5,4,10,6.5
2023-01-14,ATH009,Squat,90.0,4,6,8.0
2023-01-14,ATH009,Rowing Machine,312.5,1,711,7.5
2023-01-14,ATH009,Pull-up,22.5,3,12,7.5
2023-01-15,ATH002,Front Squat,85.0,4,10,7.5
2023-01-15,ATH002,Pull-up,22.5,3,10,7.5
2023-01-15,ATH002,Romanian Deadlift,97.5,3,12,6.5
2023-01-15,ATH003,Deadlift,62.5,5,6,5.5
2023-01-15,ATH003,Bench Press,47.5,5,6,6.0
2023-01-15,ATH003,Leg Curl,15.0,4,12,7.0
2023-01-15,ATH004,Box Jump,30.0,5,15,7.5
2023-01-15,ATH004,Assault Bike,400.0,1,1197,8.0
2023-01-15,ATH007,Snatch,30.0,5,3,7.0
2023-01-15,ATH007,Romanian Deadlift,67.5,3,15,6.5
2023-01-15,ATH007,Pull-up,5.0,3,10,5.5
2023-01-15,ATH008,Squat,115.0,3,6,6.5
2023-01-15,ATH008,Calf Raise,57.5,4,12,8.0
2023-01-15,ATH009,Box Jump,35.0,5,20,7.0
2023-01-15,ATH009,Burpees,20.0,3,10,8.5
2023-01-15,ATH009,Assault Bike,382.5,1,1344,7.5
2023-01-15,ATH009,Rowing Machine,315.0,1,1608,6.5
2023-01-16,ATH001,Squat,190.0,3,3,8.0
2023-01-16,ATH001,Deadlift,165.0,5,8,9.0
2023-01-16,ATH001,Bicep Curl,32.5,3,10,8.0
2023-01-16,ATH002,Clean & Jerk,42.5,5,3,8.0
2023-01-16,ATH002,Front Squat,68.25,4,15,8.0
2023-01-16,ATH002,Face Pull,29.25,3,8,8.0
2023-01-16,ATH003,Bench Press,32.5,5,8,6.5
2023-01-16,ATH003,Overhead Press,35.0,4,10,6.5
2023-01-16,ATH003,Lateral Raise,12.5,4,10,5.0
2023-01-16,ATH003,Bicep Curl,17.5,3,15,6.0
2023-01-16,ATH004,Squat,145.0,4,5,7.5
2023-01-16,ATH004,Handstand Push-up,7.5,5,5,6.5
2023-01-16,ATH004,Rowing Machine,335.0,1,752,8.0
2023-01-16,ATH004,Muscle Up,10.0,3,5,7.0
2023-01-16,ATH005,Stone Load,90.0,3,10,8.0
2023-01-16,ATH005,Log Press,67.5,3,10,9.0
2023-01-16,ATH005,Front Squat,60.0,3,10,8.0
2023-01-16,ATH008,Squat,105.0,4,8,6.5
2023-01-16,ATH008,Bicep Curl,35.0,3,10,7.0
2023-01-16,ATH009,Deadlift,162.5,4,5,7.5
2023-01-16,ATH009,Muscle Up,10.0,3,20,7.5
2023-01-16,ATH010,Yoke Walk,342.5,3,10,9.0
2023-01-16,ATH010,Front Squat,132.5,4,10,8.5
2023-01-16,ATH010,Overhead Press,70.0,3,8,8.0
2023-01-17,ATH002,Front Squat,50.0,4,15,6.5
2023-01-17,ATH002,Romanian Deadlift,85.0,3,8,7.5
2023-01-17,ATH003,Deadlift,80.0,3,5,6.0
2023-01-17,ATH003,Squat,67.5,3,8,7.0
2023-01-17,ATH003,Bicep Curl,20.0,4,15,6.0
2023-01-17,ATH003,Tricep Extension,10.0,3,10,6.5
2023-01-17,ATH004,Deadlift,112.5,3,6,8.5
2023-01-17,ATH004,Muscle Up,9.0,4,10,8.0
2023-01-17,ATH004,Pull-up,12.5,4,15,7.0
2023-01-17,ATH006,Squat,272.5,5,5,10.0
2023-01-17,ATH006,Tricep Extension,37.5,4,10,9.0
2023-01-17,ATH007,Front Squat,57.5,4,15,7.0
2023-01-17,ATH007,Romanian Deadlift,67.5,4,15,6.0
2023-01-17,ATH007,Pull-up,15.0,4,15,7.0
2023-01-17,ATH010,Yoke Walk,287.5,3,8,8.5
2023-01-17,ATH010,Log Press,67.5,4,10,9.5
2023-01-17,ATH010,Barbell Row,107.5,4,15,7.5
2023-01-18,ATH001,Bench Press,147.5,3,6,9.0
2023-01-18,ATH001,Dumbbell Press,56.25,3,12,9.0
2023-01-18,ATH001,Bicep Curl,45.0,4,8,9.0
2023-01-18,ATH003,Bench Press,55.0,4,5,6.0
2023-01-18,ATH003,Deadlift,87.5,5,8,5.0
2023-01-18,ATH003,Tricep Extension,17.5,4,10,5.5
2023-01-18,ATH003,Leg Curl,30.0,3,12,5.0
2023-01-18,ATH004,Box Jump,37.5,3,20,8.0
2023-01-18,ATH004,Deadlift,142.5,3,6,8.0
2023-01-18,ATH004,Handstand Push-up,10.0,5,10,7.0
2023-01-18,ATH006,Bench Press,152.5,5,8,8.0
2023-01-18,ATH006,Bicep Curl,55.0,3,8,9.0
2023-01-18,ATH006,Tricep Extension,52.5,3,15,8.0
2023-01-18,ATH007,Snatch,25.0,4,2,7.0
2023-01-18,ATH007,Front Squat,65.0,3,12,7.5
2023-01-18,ATH007,Face Pull,26.25,3,12,7.5
2023-01-18,ATH007,Overhead Press,30.0,4,15,7.0
2023-01-18,ATH007,Pull-up,5.0,4,10,6.5
2023-01-18,ATH009,Squat,107.5,5,3,7.5
2023-01-18,ATH009,Deadlift,125.0,4,3,8.5
2023-01-18,ATH009,Pull-up,22.5,4,8,8.0
2023-01-18,ATH009,Assault Bike,396.375,1,600,7.5
2023-01-18,ATH009,Muscle Up,10.0,3,10,8.0
2023-01-19,ATH001,Squat,182.5,4,5,9.0
2023-01-19,ATH001,Dumbbell Press,57.5,4,10,8.0
2023-01-19,ATH002,Front Squat,72.5,4,8,7.5
2023-01-19,ATH002,Snatch,37.5,4,2,6.5
2023-01-19,ATH002,Romanian Deadlift,85.0,4,8,6.5
2023-01-19,ATH002,Face Pull,30.0,4,10,8.0
2023-01-19,ATH004,Squat,102.375,4,8,8.5
2023-01-19,ATH004,Assault Bike,470.0,1,1525,7.5
2023-01-19,ATH004,Pull-up,20.0,4,10,7.5
2023-01-19,ATH005,Deadlift,100.0,4,5,7.5
2023-01-19,ATH005,Farmers Walk,107.5,4,10,8.5
2023-01-19,ATH005,Front Squat,97.5,3,10,8.5
2023-01-19,ATH007,Front Squat,42.5,4,10,6.5
2023-01-19,ATH007,Romanian Deadlift,70.0,3,12,7.5
2023-01-19,ATH007,Pull-up,5.0,3,15,6.5
2023-01-19,ATH007,Face Pull,20.0,3,12,6.0
2023-01-19,ATH008,Deadlift,152.5,4,6,6.5
2023-01-19,ATH008,Squat,100.0,5,6,6.5
2023-01-19,ATH008,Calf Raise,52.5,4,15,8.0
2023-01-19,ATH008,Bicep Curl,27.5,3,8,7.5
2023-01-19,ATH010,Log Press,60.0,4,8,7.5
2023-01-19,ATH010,Barbell Row,120.0,3,10,9.5
2023-01-19,ATH010,Overhead Press,65.0,4,8,8.5
2023-01-19,ATH010,Front Squat,105.0,4,8,8.0
2023-01-20,ATH003,Bench Press,40.0,3,6,6.0
2023-01-20,ATH003,Leg Curl,21.0,3,15,6.0
2023-01-20,ATH003,Calf Raise,32.5,4,10,6.5
2023-01-20,ATH003,Lateral Raise,13.5,3,15,8.0
2023-01-20,ATH005,Stone Load,75.0,3,15,9.0
2023-01-20,ATH005,Deadlift,117.5,4,6,9.0
2023-01-20,ATH005,Front Squat,82.5,3,15,9.5
2023-01-20,ATH005,Overhead Press,67.5,3,8,9.5
2023-01-20,ATH005,Farmers Walk,122.5,3,10,8.0
2023-01-20,ATH006,Deadlift,297.0,5,3,9.5
2023-01-20,ATH006,Lat Pulldown,120.0,4,12,9.0
2023-01-20,ATH009,Squat,80.0,4,5,7.5
2023-01-20,ATH009,Burpees,20.0,4,5,8.0
2023-01-20,ATH009,Assault Bike,430.0,1,1144,7.5
2023-01-20,ATH009,Pull-up,15.0,3,15,7.0
2023-01-20,ATH009,Handstand Push-up,7.5,5,10,8.0
2023-01-21,ATH003,Deadlift,52.5,5,3,5.5
2023-01-21,ATH003,Bench Press,35.0,5,6,6.0
2023-01-21,ATH003,Tricep Extension,15.0,3,8,5.0
2023-01-21,ATH003,Bicep Curl,10.0,4,10,7.0
2023-01-21,ATH004,Burpees,17.5,3,5,7.5
2023-01-21,ATH004,Handstand Push-up,9.0,4,15,8.5
2023-01-21,ATH004,Muscle Up,10.0,3,5,8.0
2023-01-21,ATH005,Deadlift,127.5,4,6,7.5
2023-01-21,ATH005,Front Squat,85.0,3,8,9.0
2023-01-21,ATH005,Overhead Press,72.5,4,8,9.0
2023-01-21,ATH007,Clean & Jerk,50.0,3,2,6.5
2023-01-21,ATH007,Overhead Press,30.0,4,12,6.0
2023-01-21,ATH008,Deadlift,150.0,3,8,6.5
2023-01-21,ATH008,Leg Curl,35.0,4,12,7.0
2023-01-21,ATH008,Tricep Extension,22.5,3,12,7.0
2023-01-21,ATH008,Calf Raise,72.5,3,8,8.0
2023-01-22,ATH002,Snatch,32.5,3,2,6.5
2023-01-22,ATH002,Front Squat,62.5,4,10,7.0
2023-01-22,ATH002,Pull-up,17.5,4,8,7.5
2023-01-22,ATH002,Overhead Press,57.5,3,10,8.0
2023-01-22,ATH002,Face Pull,30.0,4,12,7.5
2023-01-22,ATH003,Deadlift,62.5,4,6,5.5
2023-01-22,ATH003,Bench Press,40.0,5,5,6.0
2023-01-22,ATH003,Calf Raise,40.0,3,12,5.5
2023-01-22,ATH003,Lateral Raise,15.0,3,15,5.5
2023-01-22,ATH003,Bicep Curl,12.5,3,12,7.0
2023-01-22,ATH004,Box Jump,30.0,3,15,7.5
2023-01-22,ATH004,Squat,132.5,5,8,7.5
2023-01-22,ATH004,Assault Bike,472.5,1,1866,7.0
2023-01-22,ATH004,Handstand Push-up,10.0,4,15,8.0
2023-01-22,ATH008,Deadlift,119.25,3,8,9.0
2023-01-22,ATH008,Bicep Curl,27.5,3,8,7.0
2023-01-23,ATH002,Snatch,52.5,4,3,6.5
2023-01-23,ATH002,Front Squat,90.0,4,12,7.5
2023-01-23,ATH002,Pull-up,17.5,3,12,7.0
2023-01-23,ATH004,Box Jump,35.0,5,15,6.5
2023-01-23,ATH004,Rowing Machine,267.5,1,870,6.5
2023-01-23,ATH004,Assault Bike,360.0,1,1672,7.5
2023-01-23,ATH004,Pull-up,20.0,4,8,8.0
2023-01-23,ATH006,Squat,290.0,4,8,10.0
2023-01-23,ATH006,Deadlift,215.0,4,8,9.0
2023-01-23,ATH006,Dumbbell Press,52.5,3,12,9.0
2023-01-23,ATH006,Tricep Extension,40.0,4,10,8.0
2023-01-23,ATH009,Squat,127.5,5,8,7.5
2023-01-23,ATH009,Assault Bike,417.5,1,1719,7.5
2023-01-23,ATH009,Handstand Push-up,10.0,3,5,7.0
2023-01-23,ATH010,Deadlift,195.0,4,6,9.0
2023-01-23,ATH010,Farmers Walk,145.0,4,15,8.5
2023-01-23,ATH010,Front Squat,125.0,3,15,8.5
2023-01-24,ATH001,Deadlift,155.0,4,3,8.5
2023-01-24,ATH001,Bench Press,122.5,5,8,8.5
2023-01-24,ATH001,Tricep Extension,40.0,4,10,9.5
2023-01-24,ATH001,Dumbbell Press,55.0,4,15,8.0
2023-01-24,ATH003,Deadlift,87.5,4,3,7.0
2023-01-24,ATH003,Tricep Extension,12.5,3,15,5.0
2023-01-24,ATH003,Calf Raise,22.5,3,15,6.5
2023-01-24,ATH004,Squat,97.5,3,6,7.5
2023-01-24,ATH004,Assault Bike,425.0,1,722,7.5
2023-01-24,ATH004,Pull-up,22.5,4,10,7.0
2023-01-24,ATH004,Rowing Machine,290.25,1,834,9.0
2023-01-24,ATH006,Deadlift,297.5,4,6,9.5
2023-01-24,ATH006,Tricep Extension,37.5,3,8,9.5
2023-01-24,ATH006,Dumbbell Press,90.0,4,15,8.0
2023-01-24,ATH007,Clean & Jerk,36.0,5,2,8.0
2023-01-24,ATH007,Snatch,32.5,3,2,6.0
2023-01-24,ATH007,Romanian Deadlift,56.25,4,12,8.0
2023-01-24,ATH007,Pull-up,15.0,3,12,6.0
2023-01-25,ATH003,Bench Press,40.0,5,3,5.5
2023-01-25,ATH003,Overhead Press,22.5,3,8,5.5
2023-01-25,ATH003,Calf Raise,20.25,4,10,8.0
2023-01-25,ATH003,Leg Curl,27.5,3,15,6.5
2023-01-25,ATH003,Tricep Extension,17.5,3,10,6.0
2023-01-25,ATH004,Deadlift,120.0,4,5,8.0
2023-01-25,ATH004,Handstand Push-up,7.5,5,5,8.5
2023-01-25,ATH007,Snatch,35.0,3,3,6.5
2023-01-25,ATH007,Overhead Press,45.0,4,15,6.0
2023-01-25,ATH008,Overhead Press,60.0,4,12,8.0
2023-01-25,ATH008,Bicep Curl,25.0,4,10,6.5
2023-01-25,ATH009,Squat,95.0,3,5,8.5
2023-01-25,ATH009,Muscle Up,9.0,5,10,8.5
2023-01-26,ATH002,Clean & Jerk,57.5,5,3,7.5
2023-01-26,ATH002,Romanian Deadlift,100.0,4,15,7.5
2023-01-26,ATH002,Face Pull,20.0,4,12,6.0
2023-01-26,ATH005,Stone Load,87.5,3,10,9.5
2023-01-26,ATH005,Log Press,52.5,4,12,8.0
2023-01-26,ATH005,Front Squat,97.5,3,8,7.5
2023-01-26,ATH008,Deadlift,123.75,5,5,8.0
2023-01-26,ATH008,Overhead Press,72.5,4,10,7.5
2023-01-26,ATH008,Lateral Raise,15.0,4,8,7.5
2023-01-26,ATH008,Leg Curl,35.0,3,15,8.0
2023-01-26,ATH008,Tricep Extension,27.5,4,10,8.0
2023-01-27,ATH001,Bench Press,149.625,3,5,8.5
2023-01-27,ATH001,Squat,132.5,4,5,8.5
2023-01-27,ATH001,Tricep Extension,47.5,3,12,9.0
2023-01-27,ATH002,Clean & Jerk,65.0,4,1,7.5
2023-01-27,ATH002,Overhead Press,60.0,3,10,7.0
2023-01-27,ATH007,Snatch,40.0,3,2,7.0
2023-01-27,ATH007,Pull-up,7.5,3,8,6.5
2023-01-27,ATH007,Face Pull,25.0,4,12,6.5
2023-01-27,ATH008,Bench Press,87.5,4,6,7.0
2023-01-27,ATH008,Lateral Raise,17.5,4,15,7.5
2023-01-27,ATH008,Tricep Extension,25.0,3,8,7.5
2023-01-27,ATH008,Leg Curl,40.0,4,15,6.5
2023-01-27,ATH009,Squat,125.0,4,8,7.0
2023-01-27,ATH009,Burpees,25.0,5,5,6.5
2023-01-27,ATH009,Rowing Machine,295.0,1,1376,7.0
2023-01-27,ATH010,Yoke Walk,350.0,3,8,8.5
2023-01-27,ATH010,Stone Load,130.0,4,10,8.5
2023-01-27,ATH010,Overhead Press,58.5,4,12,9.0
2023-01-27,ATH010,Farmers Walk,122.5,3,10,8.0
2023-01-27,ATH010,Barbell Row,120.0,3,8,9.0
2023-01-28,ATH002,Clean & Jerk,50.0,5,2,7.5
2023-01-28,ATH002,Overhead Press,32.5,3,15,7.5
2023-01-28,ATH002,Face Pull,32.5,3,15,8.0
2023-01-28,ATH003,Squat,52.5,5,6,5.5
2023-01-28,ATH003,Leg Curl,17.5,3,10,6.5
2023-01-28,ATH003,Bicep Curl,15.0,3,12,6.0
2023-01-28,ATH003,Lateral Raise,10.0,3,15,6.0
2023-01-28,ATH004,Box Jump,45.0,3,20,7.0
2023-01-28,ATH004,Muscle Up,10.0,5,15,8.0
2023-01-28,ATH006,Squat,262.5,4,3,9.0
2023-01-28,ATH006,Bench Press,177.5,3,5,9.0
2023-01-28,ATH006,Dumbbell Press,60.0,4,8,9.0
2023-01-28,ATH006,Barbell Row,112.5,3,8,10.0
2023-01-28,ATH006,Lat Pulldown,117.5,3,15,10.0
2023-01-28,ATH007,Front Squat,60.0,3,10,7.0
2023-01-28,ATH007,Pull-up,7.5,4,10,6.5
2023-01-28,ATH007,Romanian Deadlift,52.5,4,10,7.0
2023-01-28,ATH007,Face Pull,15.75,3,12,8.0
2023-01-28,ATH008,Overhead Press,65.0,3,8,6.5
2023-01-28,ATH008,Bench Press,97.5,4,8,7.0
2023-01-28,ATH008,Lateral Raise,20.0,3,10,7.0
2023-01-28,ATH009,Squat,125.0,3,3,8.5
2023-01-28,ATH009,Deadlift,112.5,5,8,7.0
2023-01-28,ATH009,Pull-up,20.0,4,8,8.5
2023-01-28,ATH009,Rowing Machine,332.5,1,589,7.0
2023-01-28,ATH009,Muscle Up,12.5,3,15,7.5
2023-01-28,ATH010,Yoke Walk,312.5,3,12,8.0
2023-01-28,ATH010,Deadlift,177.5,3,5,9.0
2023-01-28,ATH010,Front Squat,80.0,3,15,7.5
2023-01-28,ATH010,Barbell Row,77.5,4,8,8.0
2023-01-28,ATH010,Farmers Walk,102.5,3,8,9.5
2023-01-29,ATH001,Deadlift,195.0,4,5,8.0
2023-01-29,ATH001,Squat,207.5,3,8,9.5
2023-01-29,ATH001,Barbell Row,102.5,4,12,9.5
2023-01-29,ATH002,Front Squat,55.0,3,8,7.0
2023-01-29,ATH002,Face Pull,35.0,3,8,7.0
2023-01-29,ATH002,Romanian Deadlift,85.0,3,10,7.5
2023-01-29,ATH002,Pull-up,12.5,3,12,7.5
2023-01-29,ATH003,Overhead Press,25.0,3,8,7.0
2023-01-29,ATH003,Bicep Curl,10.0,4,15,6.5
2023-01-29,ATH003,Tricep Extension,17.5,4,15,5.5
2023-01-29,ATH003,Calf Raise,22.5,3,15,5.5
2023-01-29,ATH008,Bench Press,90.0,3,5,7.0
2023-01-29,ATH008,Overhead Press,60.75,3,8,8.5
2023-01-29,ATH008,Bicep Curl,20.0,3,10,8.0
2023-01-29,ATH008,Lateral Raise,22.5,4,12,8.0
2023-01-29,ATH008,Tricep Extension,29.25,3,12,9.0
2023-01-29,ATH009,Box Jump,38.25,5,20,9.5
2023-01-29,ATH009,Pull-up,20.25,4,15,9.5
2023-01-29,ATH010,Log Press,75.0,4,8,9.5
2023-01-29,ATH010,Deadlift,252.5,5,8,8.5
2023-01-29,ATH010,Front Squat,115.0,4,10,9.5
2023-01-29,ATH010,Overhead Press,75.0,3,10,8.5
2023-01-30,ATH003,Bench Press,47.5,3,6,6.5
2023-01-30,ATH003,Calf Raise,35.0,3,12,5.0
2023-01-30,ATH004,Deadlift,170.0,5,3,8.5
2023-01-30,ATH004,Squat,95.0,4,5,7.5
2023-01-30,ATH004,Handstand Push-up,5.0,3,20,8.0
2023-01-30,ATH004,Rowing Machine,292.5,1,1812,7.0
2023-01-30,ATH004,Pull-up,25.0,3,15,8.5
2023-01-30,ATH005,Deadlift,105.0,5,8,7.5
2023-01-30,ATH005,Log Press,70.0,3,10,9.0
2023-01-30,ATH005,Barbell Row,80.0,3,10,9.0
2023-01-30,ATH005,Overhead Press,45.0,4,10,8.0
2023-01-30,ATH006,Bench Press,180.0,5,5,9.5
2023-01-30,ATH006,Tricep Extension,42.5,4,15,9.0
2023-01-30,ATH006,Bicep Curl,62.5,4,15,8.0
2023-01-30,ATH006,Lat Pulldown,115.0,4,8,9.5
2023-01-30,ATH008,Squat,150.0,3,6,7.5
2023-01-30,ATH008,Deadlift,121.5,4,3,8.0
2023-01-30,ATH008,Tricep Extension,20.0,3,10,6.5
2023-01-30,ATH008,Calf Raise,62.5,4,8,8.0
2023-01-30,ATH009,Box Jump,45.0,4,10,7.5
2023-01-30,ATH009,Burpees,22.5,5,5,8.0
2023-01-30,ATH009,Pull-up,17.5,3,10,7.0
2023-01-31,ATH003,Overhead Press,27.5,3,8,6.5
2023-01-31,ATH003,Squat,77.5,5,3,6.5
2023-01-31,ATH003,Lateral Raise,10.0,4,12,7.0
2023-01-31,ATH003,Calf Raise,32.5,4,12,6.0
2023-01-31,ATH003,Tricep Extension,12.5,3,12,6.0
2023-01-31,ATH004,Burpees,25.0,3,5,7.0
2023-01-31,ATH004,Deadlift,195.0,5,3,7.0
2023-01-31,ATH004,Rowing Machine,330.0,1,1687,7.0
2023-01-31,ATH004,Assault Bike,380.0,1,671,7.0
2023-01-31,ATH007,Snatch,42.5,3,2,6.0
2023-01-31,ATH007,Overhead Press,27.5,4,8,6.0
2023-01-31,ATH007,Romanian Deadlift,67.5,4,10,7.5
2023-01-31,ATH009,Squat,145.0,4,8,8.5
2023-01-31,ATH009,Deadlift,152.5,3,5,8.0
2023-01-31,ATH009,Muscle Up,13.125,4,20,8.0
2023-01-31,ATH009,Pull-up,20.0,3,8,8.0
2023-01-31,ATH009,Handstand Push-up,10.0,3,5,8.5
2023-01-31,ATH010,Deadlift,234.0,3,3,10.0
2023-01-31,ATH010,Yoke Walk,427.5,4,15,9.5
2023-01-31,ATH010,Farmers Walk,135.0,3,10,9.0
2023-02-01,ATH001,Deadlift,172.5,4,8,9.5
2023-02-01,ATH001,Squat,142.5,5,6,8.5
2023-02-01,ATH001,Dumbbell Press,67.5,3,15,8.0
2023-02-01,ATH001,Barbell Row,110.0,3,10,8.5
2023-02-01,ATH002,Front Squat,102.5,3,15,8.0
2023-02-01,ATH002,Pull-up,22.5,3,10,7.0
2023-02-01,ATH002,Overhead Press,32.5,3,8,6.5
2023-02-01,ATH002,Romanian Deadlift,110.0,4,8,6.5
2023-02-01,ATH003,Squat,62.5,5,5,5.5
2023-02-01,ATH003,Bench Press,57.5,3,8,6.5
2023-02-01,ATH003,Bicep Curl,10.0,4,10,7.0
2023-02-01,ATH003,Lateral Raise,12.5,3,8,5.5
2023-02-01,ATH004,Box Jump,32.5,3,20,7.0
2023-02-01,ATH004,Squat,119.25,5,5,8.0
2023-02-01,ATH004,Pull-up,20.0,4,12,8.5
2023-02-01,ATH005,Yoke Walk,265.0,4,12,9.5
2023-02-01,ATH005,Barbell Row,82.5,4,15,9.0
2023-02-01,ATH005,Front Squat,90.0,4,15,8.0
2023-02-01,ATH005,Farmers Walk,120.0,3,8,9.5
2023-02-01,ATH007,Clean & Jerk,50.0,4,2,6.5
2023-02-01,ATH007,Snatch,35.0,3,1,6.5
2023-02-01,ATH007,Overhead Press,45.0,3,8,7.0
2023-02-02,ATH003,Overhead Press,27.5,3,8,6.5
2023-02-02,ATH003,Calf Raise,22.5,3,15,6.0
2023-02-02,ATH003,Tricep Extension,18.0,4,15,8.0
2023-02-02,ATH003,Leg Curl,27.5,3,10,5.5
2023-02-02,ATH004,Burpees,22.5,4,20,8.5
2023-02-02,ATH004,Pull-up,27.5,4,15,8.5
2023-02-02,ATH004,Rowing Machine,347.5,1,1760,8.5
2023-02-02,ATH006,Deadlift,237.5,5,5,9.5
2023-02-02,ATH006,Squat,222.5,4,3,8.5
2023-02-02,ATH006,Barbell Row,142.5,4,15,8.5
2023-02-02,ATH006,Dumbbell Press,85.0,4,12,8.5
2023-02-02,ATH008,Bench Press,94.5,5,6,9.0
2023-02-02,ATH008,Squat,127.5,5,8,7.5
2023-02-02,ATH008,Lateral Raise,22.5,4,8,6.5
2023-02-02,ATH009,Burpees,22.5,4,15,7.5
2023-02-02,ATH009,Squat,142.5,4,8,8.0
2023-02-02,ATH009,Rowing Machine,330.0,1,1529,8.0
2023-02-02,ATH009,Assault Bike,450.0,1,613,7.5
2023-02-03,ATH003,Bench Press,57.5,3,5,5.5
2023-02-03,ATH003,Leg Curl,15.75,3,15,8.0
2023-02-03,ATH006,Squat,262.5,5,5,8.5
2023-02-03,ATH006,Deadlift,337.5,5,5,9.0
2023-02-03,ATH006,Barbell Row,127.5,4,8,9.0
2023-02-03,ATH006,Tricep Extension,42.5,3,8,9.0
2023-02-03,ATH006,Bicep Curl,42.5,4,10,9.5
2023-02-03,ATH007,Clean & Jerk,55.0,3,3,6.5
2023-02-03,ATH007,Romanian Deadlift,82.5,4,10,6.0
2023-02-03,ATH008,Squat,100.0,4,6,6.5
2023-02-03,ATH008,Deadlift,141.75,5,3,8.0
2023-02-03,ATH008,Bicep Curl,35.0,3,10,6.5
2023-02-03,ATH009,Burpees,20.0,5,20,7.0
2023-02-03,ATH009,Muscle Up,10.0,4,20,8.0
2023-02-03,ATH009,Assault Bike,467.5,1,1583,7.5
2023-02-03,ATH009,Rowing Machine,342.5,1,1634,8.0
2023-02-04,ATH001,Deadlift,185.0,3,3,9.5
2023-02-04,ATH001,Bicep Curl,40.0,4,8,8.0
2023-02-04,ATH001,Barbell Row,112.5,3,12,8.0
2023-02-04,ATH001,Tricep Extension,47.5,3,12,8.5
2023-02-04,ATH002,Front Squat,110.0,3,10,7.0
2023-02-04,ATH002,Snatch,62.5,3,2,7.5
2023-02-04,ATH002,Face Pull,37.5,3,15,8.0
2023-02-04,ATH002,Pull-up,22.5,3,10,7.0
2023-02-04,ATH002,Romanian Deadlift,105.0,4,10,7.5
2023-02-04,ATH007,Front Squat,60.0,3,10,6.0
2023-02-04,ATH007,Clean & Jerk,52.5,5,1,6.5
2023-02-04,ATH007,Face Pull,20.0,3,12,6.0
2023-02-04,ATH007,Romanian Deadlift,67.5,3,8,7.0
2023-02-04,ATH007,Pull-up,15.0,3,10,5.5
2023-02-04,ATH008,Deadlift,165.0,3,6,8.0
2023-02-04,ATH008,Bench Press,107.5,5,3,7.5
2023-02-04,ATH008,Leg Curl,50.0,4,12,7.0
2023-02-04,ATH008,Calf Raise,57.5,4,15,7.0
2023-02-04,ATH008,Lateral Raise,17.5,3,15,8.0
2023-02-04,ATH009,Squat,127.5,3,5,8.0
2023-02-04,ATH009,Box Jump,37.5,4,10,7.5
2023-02-04,ATH009,Muscle Up,10.0,4,10,7.0
2023-02-04,ATH010,Yoke Walk,342.5,3,10,9.5
2023-02-04,ATH010,Farmers Walk,142.5,4,10,7.5
2023-02-04,ATH010,Barbell Row,102.5,4,8,9.5
2023-02-04,ATH010,Overhead Press,55.0,4,8,7.5
2023-02-05,ATH001,Squat,170.0,3,6,9.5
2023-02-05,ATH001,Barbell Row,100.0,3,15,9.5
2023-02-05,ATH001,Lat Pulldown,90.0,4,15,9.0
2023-02-05,ATH001,Tricep Extension,32.5,4,8,8.0
2023-02-05,ATH002,Snatch,65.0,5,1,7.0
2023-02-05,ATH002,Front Squat,57.5,3,12,8.0
2023-02-05,ATH002,Face Pull,27.5,3,12,7.0
2023-02-05,ATH002,Overhead Press,52.5,3,15,6.5
2023-02-05,ATH002,Romanian Deadlift,92.25,3,12,8.0
2023-02-05,ATH003,Squat,82.5,3,8,7.0
2023-02-05,ATH003,Leg Curl,29.25,4,10,8.0
2023-02-05,ATH003,Lateral Raise,7.5,3,8,6.0
2023-02-05,ATH004,Box Jump,37.5,4,15,8.5
2023-02-05,ATH004,Squat,97.5,3,5,8.0
2023-02-05,ATH004,Handstand Push-up,7.5,5,10,8.0
2023-02-05,ATH005,Log Press,67.5,3,12,8.0
2023-02-05,ATH005,Stone Load,97.5,4,12,9.5
2023-02-05,ATH005,Front Squat,110.0,4,12,9.5
2023-02-05,ATH007,Snatch,27.5,5,3,6.0
2023-02-05,ATH007,Clean & Jerk,37.5,5,2,5.5
2023-02-05,ATH007,Overhead Press,40.0,3,10,7.5
2023-02-05,ATH007,Face Pull,18.0,4,15,8.0
2023-02-05,ATH007,Pull-up,7.5,4,15,6.0
2023-02-05,ATH009,Burpees,27.5,3,10,8.5
2023-02-05,ATH009,Box Jump,47.5,3,5,7.5
2023-02-05,ATH009,Pull-up,25.0,4,10,8.0
2023-02-06,ATH001,Squat,177.5,5,5,9.5
2023-02-06,ATH001,Tricep Extension,37.5,3,10,8.0
2023-02-06,ATH003,Deadlift,80.0,5,5,6.5
2023-02-06,ATH003,Bench Press,60.0,5,3,5.5
2023-02-06,ATH003,Tricep Extension,12.5,4,15,6.0
2023-02-06,ATH003,Lateral Raise,15.0,3,15,5.5
2023-02-06,ATH004,Burpees,20.0,3,20,8.0
2023-02-06,ATH004,Deadlift,152.5,5,3,8.5
2023-02-06,ATH004,Assault Bike,452.5,1,1631,7.5
2023-02-06,ATH004,Rowing Machine,325.0,1,1715,7.0
2023-02-06,ATH005,Stone Load,105.0,4,12,9.0
2023-02-06,ATH005,Log Press,45.0,4,15,8.5
2023-02-06,ATH005,Front Squat,105.0,3,12,9.5
2023-02-06,ATH005,Farmers Walk,127.5,3,8,8.0
2023-02-06,ATH005,Barbell Row,57.5,4,10,8.5
2023-02-06,ATH007,Front Squat,70.0,4,8,6.0
2023-02-06,ATH007,Pull-up,7.5,3,15,7.5
2023-02-06,ATH007,Romanian Deadlift,65.0,3,8,6.0
2023-02-06,ATH009,Squat,107.5,5,3,8.5
2023-02-06,ATH009,Rowing Machine,270.0,1,1549,8.5
2023-02-06,ATH009,Muscle Up,12.5,3,10,8.5
2023-02-07,ATH002,Snatch,67.5,4,1,6.5
2023-02-07,ATH002,Clean & Jerk,45.0,3,2,7.5
2023-02-07,ATH002,Face Pull,37.5,4,15,8.0
2023-02-07,ATH002,Overhead Press,37.5,4,15,7.0
2023-02-07,ATH002,Romanian Deadlift,107.5,3,15,7.0
2023-02-07,ATH003,Deadlift,67.5,4,8,6.5
2023-02-07,ATH003,Overhead Press,22.5,3,12,6.0
2023-02-07,ATH003,Bicep Curl,17.5,4,12,5.5
2023-02-07,ATH003,Tricep Extension,10.0,4,8,5.5
2023-02-07,ATH006,Deadlift,222.5,5,6,8.5
2023-02-07,ATH006,Bench Press,152.5,3,5,8.5
2023-02-07,ATH006,Dumbbell Press,72.5,3,10,10.0
2023-02-07,ATH006,Bicep Curl,45.0,3,15,9.0
2023-02-07,ATH006,Lat Pulldown,132.5,3,8,8.5
2023-02-07,ATH007,Front Squat,72.5,3,15,7.0
2023-02-07,ATH007,Snatch,32.5,3,2,7.0
2023-02-07,ATH007,Pull-up,11.25,3,15,8.0
2023-02-07,ATH007,Face Pull,22.5,4,12,7.0
2023-02-07,ATH009,Burpees,22.5,4,20,7.5
2023-02-07,ATH009,Deadlift,167.5,4,3,7.0
2023-02-07,ATH009,Muscle Up,11.25,5,10,9.0
2023-02-07,ATH009,Rowing Machine,372.5,1,1443,7.0
2023-02-08,ATH002,Clean & Jerk,47.5,3,1,6.5
2023-02-08,ATH002,Romanian Deadlift,100.0,3,8,6.5
2023-02-08,ATH002,Face Pull,25.0,4,8,6.5
2023-02-08,ATH003,Overhead Press,37.5,4,8,5.5
2023-02-08,ATH003,Bench Press,45.0,4,8,7.0
2023-02-08,ATH003,Tricep Extension,15.0,4,12,5.5
2023-02-08,ATH003,Bicep Curl,10.0,4,12,7.0
2023-02-08,ATH003,Calf Raise,25.0,4,10,6.0
2023-02-08,ATH004,Burpees,17.5,3,20,7.5
2023-02-08,ATH004,Deadlift,197.5,4,6,8.5
2023-02-08,ATH004,Muscle Up,7.5,4,15,7.5
2023-02-08,ATH004,Rowing Machine,290.0,1,1767,7.0
2023-02-08,ATH004,Handstand Push-up,5.0,5,5,8.0
2023-02-08,ATH008,Overhead Press,55.0,4,10,7.5
2023-02-08,ATH008,Tricep Extension,30.0,4,15,7.5
2023-02-08,ATH008,Bicep Curl,25.0,4,8,7.0
2023-02-09,ATH002,Clean & Jerk,55.0,4,3,7.5
2023-02-09,ATH002,Romanian Deadlift,80.0,3,15,7.5
2023-02-09,ATH005,Log Press,55.0,4,12,8.5
2023-02-09,ATH005,Barbell Row,55.0,4,8,8.5
2023-02-09,ATH006,Deadlift,327.5,5,6,9.0
2023-02-09,ATH006,Squat,257.5,3,8,9.0
2023-02-09,ATH006,Lat Pulldown,127.5,4,10,9.5
2023-02-09,ATH006,Bicep Curl,52.5,4,15,9.0
2023-02-09,ATH006,Barbell Row,140.0,4,12,8.5
2023-02-09,ATH009,Deadlift,200.0,4,3,8.5
2023-02-09,ATH009,Assault Bike,380.0,1,1815,8.5
2023-02-09,ATH009,Handstand Push-up,5.0,4,10,8.0
2023-02-10,ATH001,Bench Press,120.0,5,3,9.0
2023-02-10,ATH001,Barbell Row,135.0,3,8,8.0
2023-02-10,ATH001,Tricep Extension,32.5,4,12,7.5
2023-02-10,ATH001,Dumbbell Press,52.5,3,8,10.0
2023-02-10,ATH002,Front Squat,110.0,3,12,6.5
2023-02-10,ATH002,Romanian Deadlift,90.0,3,15,6.5
2023-02-10,ATH002,Face Pull,27.5,3,15,7.0
2023-02-10,ATH002,Pull-up,17.5,3,8,8.0
2023-02-10,ATH003,Overhead Press,30.0,3,8,5.0
2023-02-10,ATH003,Deadlift,92.5,3,5,6.0
2023-02-10,ATH003,Calf Raise,32.5,3,15,7.0
2023-02-10,ATH004,Squat,112.5,5,6,8.0
2023-02-10,ATH004,Deadlift,172.5,4,3,6.5
2023-02-10,ATH004,Rowing Machine,345.0,1,845,8.0
2023-02-10,ATH004,Pull-up,10.0,3,8,6.5
2023-02-10,ATH004,Muscle Up,12.5,4,15,7.0
2023-02-10,ATH005,Log Press,52.5,3,8,9.0
2023-02-10,ATH005,Barbell Row,77.5,4,15,8.0
2023-02-10,ATH005,Front Squat,102.375,4,15,9.5
2023-02-10,ATH005,Farmers Walk,110.0,4,12,8.0
2023-02-10,ATH007,Front Squat,45.0,3,8,6.0
2023-02-10,ATH007,Romanian Deadlift,65.0,3,8,7.0
2023-02-10,ATH007,Overhead Press,35.0,3,15,6.5
2023-02-10,ATH008,Bench Press,87.75,4,5,8.5
2023-02-10,ATH008,Calf Raise,60.0,3,15,6.5
2023-02-10,ATH009,Box Jump,45.0,5,20,8.0
2023-02-10,ATH009,Squat,102.5,3,8,8.0
2023-02-10,ATH009,Pull-up,15.0,4,15,7.0
2023-02-10,ATH009,Handstand Push-up,10.0,4,15,7.5
2023-02-10,ATH009,Assault Bike,422.5,1,1006,8.0
2023-02-11,ATH003,Overhead Press,30.0,3,15,7.0
2023-02-11,ATH003,Lateral Raise,12.5,3,10,6.5
2023-02-11,ATH006,Squat,235.0,3,5,8.5
2023-02-11,ATH006,Deadlift,357.5,3,8,10.0
2023-02-11,ATH006,Bicep Curl,45.0,4,15,9.5
2023-02-11,ATH006,Lat Pulldown,147.5,3,15,9.5
2023-02-11,ATH007,Snatch,35.0,4,1,6.5
2023-02-11,ATH007,Front Squat,47.5,4,10,6.0
2023-02-11,ATH007,Pull-up,7.5,4,8,6.0
2023-02-11,ATH008,Deadlift,172.5,4,3,7.0
2023-02-11,ATH008,Overhead Press,51.75,4,8,8.0
2023-02-11,ATH008,Leg Curl,35.0,4,12,7.0
2023-02-11,ATH008,Calf Raise,50.0,3,15,6.0
2023-02-11,ATH008,Lateral Raise,20.0,3,8,7.5
2023-02-11,ATH009,Box Jump,47.5,5,15,8.0
2023-02-11,ATH009,Burpees,22.5,4,15,7.5
2023-02-11,ATH009,Handstand Push-up,10.0,5,15,7.0
2023-02-11,ATH009,Muscle Up,10.0,3,10,6.5
2023-02-11,ATH009,Pull-up,17.5,4,15,7.5
2023-02-12,ATH001,Squat,145.0,3,5,9.0
2023-02-12,ATH001,Deadlift,210.0,5,8,9.5
2023-02-12,ATH001,Tricep Extension,37.5,3,12,8.0
2023-02-12,ATH001,Bicep Curl,37.5,3,10,8.0
2023-02-12,ATH002,Snatch,37.5,3,1,8.0
2023-02-12,ATH002,Clean & Jerk,47.5,4,1,8.0
2023-02-12,ATH002,Romanian Deadlift,112.5,4,8,7.0
2023-02-12,ATH003,Overhead Press,27.5,3,12,6.5
2023-02-12,ATH003,Deadlift,94.5,4,6,7.5
2023-02-12,ATH003,Calf Raise,35.0,4,8,6.0
2023-02-12,ATH003,Leg Curl,22.5,4,10,6.0
2023-02-12,ATH003,Lateral Raise,12.5,4,10,7.0
2023-02-12,ATH004,Squat,142.5,4,5,7.0
2023-02-12,ATH004,Rowing Machine,350.0,1,1949,8.5
2023-02-12,ATH004,Muscle Up,10.0,4,20,8.5
2023-02-12,ATH004,Handstand Push-up,10.0,5,10,7.5
2023-02-12,ATH005,Deadlift,157.5,4,3,9.5
2023-02-12,ATH005,Yoke Walk,302.5,3,15,9.5
2023-02-12,ATH005,Overhead Press,77.5,3,10,8.5
2023-02-12,ATH007,Front Squat,55.0,4,15,6.5
2023-02-12,ATH007,Pull-up,10.0,4,12,7.0
2023-02-12,ATH007,Overhead Press,40.0,3,10,6.5
2023-02-12,ATH007,Face Pull,25.0,4,8,7.0
2023-02-12,ATH008,Overhead Press,45.0,3,8,6.5
2023-02-12,ATH008,Calf Raise,45.0,3,8,7.5
2023-02-12,ATH008,Lateral Raise,17.5,4,10,8.0
2023-02-12,ATH009,Box Jump,40.0,3,5,7.0
2023-02-12,ATH009,Muscle Up,12.5,4,15,7.5
2023-02-12,ATH010,Yoke Walk,382.5,3,15,9.5
2023-02-12,ATH010,Deadlift,225.0,3,5,9.0
2023-02-12,ATH010,Barbell Row,105.0,4,15,8.5
2023-02-13,ATH002,Clean & Jerk,60.0,4,1,7.0
2023-02-13,ATH002,Face Pull,30.0,4,10,7.0
2023-02-13,ATH004,Deadlift,197.5,4,6,7.0
2023-02-13,ATH004,Box Jump,42.75,5,5,9.5
2023-02-13,ATH004,Pull-up,24.75,4,15,9.0
2023-02-13,ATH004,Assault Bike,477.5,1,1070,7.0
2023-02-13,ATH008,Bench Press,107.5,5,6,7.5
2023-02-13,ATH008,Overhead Press,77.5,3,12,6.5
2023-02-13,ATH008,Calf Raise,77.5,4,12,7.5
2023-02-13,ATH008,Bicep Curl,35.0,4,12,8.0
2023-02-13,ATH009,Squat,117.5,5,5,7.5
2023-02-13,ATH009,Rowing Machine,355.0,1,1661,8.5
2023-02-13,ATH009,Muscle Up,10.0,4,5,6.5
2023-02-13,ATH009,Handstand Push-up,7.5,3,10,8.0
2023-02-13,ATH010,Yoke Walk,372.5,3,15,7.5
2023-02-13,ATH010,Farmers Walk,105.0,3,10,9.0
2023-02-14,ATH003,Squat,72.5,3,3,6.0
2023-02-14,ATH003,Calf Raise,30.0,4,10,7.0
2023-02-14,ATH003,Lateral Raise,15.0,4,15,5.5
2023-02-14,ATH003,Bicep Curl,17.5,3,12,6.5
2023-02-14,ATH004,Burpees,20.0,3,10,8.0
2023-02-14,ATH004,Pull-up,22.5,4,8,8.0
2023-02-14,ATH004,Handstand Push-up,5.0,3,10,7.5
2023-02-14,ATH007,Clean & Jerk,55.0,3,1,6.0
2023-02-14,ATH007,Pull-up,10.0,4,10,7.0
2023-02-14,ATH008,Overhead Press,51.75,3,12,8.5
2023-02-14,ATH008,Leg Curl,42.5,4,12,8.0
2023-02-14,ATH009,Deadlift,160.0,3,5,8.5
2023-02-14,ATH009,Assault Bike,452.5,1,787,7.5
2023-02-14,ATH009,Handstand Push-up,7.5,5,5,8.5
2023-02-14,ATH009,Pull-up,15.0,3,12,8.0
2023-02-15,ATH003,Overhead Press,40.0,3,8,5.5
2023-02-15,ATH003,Tricep Extension,15.0,3,15,6.5
2023-02-15,ATH003,Lateral Raise,12.5,3,8,7.0
2023-02-15,ATH004,Deadlift,150.0,5,3,7.0
2023-02-15,ATH004,Burpees,22.5,5,15,8.0
2023-02-15,ATH004,Muscle Up,10.0,4,5,8.5
2023-02-15,ATH004,Handstand Push-up,7.5,3,5,7.0
2023-02-15,ATH004,Assault Bike,472.5,1,1789,7.0
2023-02-15,ATH007,Clean & Jerk,37.5,3,1,6.5
2023-02-15,ATH007,Pull-up,15.0,3,12,6.5
2023-02-15,ATH007,Overhead Press,47.5,3,10,7.0
2023-02-15,ATH007,Romanian Deadlift,90.0,3,12,6.0
2023-02-15,ATH008,Bench Press,72.5,3,8,7.5
2023-02-15,ATH008,Overhead Press,67.5,4,8,6.5
2023-02-15,ATH008,Bicep Curl,37.5,4,8,7.5
2023-02-15,ATH009,Box Jump,42.5,4,15,7.0
2023-02-15,ATH009,Handstand Push-up,10.0,3,10,8.5
2023-02-16,ATH001,Bench Press,137.5,5,5,8.0
2023-02-16,ATH001,Squat,177.5,4,8,8.5
2023-02-16,ATH001,Barbell Row,85.0,4,8,8.5
2023-02-16,ATH001,Bicep Curl,47.5,4,15,9.0
2023-02-16,ATH003,Squat,42.5,4,8,6.5
2023-02-16,ATH003,Bench Press,37.5,3,3,6.0
2023-02-16,ATH003,Leg Curl,27.5,4,10,7.0
2023-02-16,ATH003,Tricep Extension,17.5,3,12,6.0
2023-02-16,ATH003,Calf Raise,22.5,4,8,8.0
2023-02-16,ATH004,Box Jump,35.0,4,20,7.0
2023-02-16,ATH004,Burpees,25.0,4,5,7.0
2023-02-16,ATH004,Handstand Push-up,10.0,3,5,7.5
2023-02-16,ATH004,Pull-up,25.0,3,12,8.0
2023-02-16,ATH005,Deadlift,115.0,4,3,9.5
2023-02-16,ATH005,Barbell Row,85.0,4,8,9.0
2023-02-16,ATH005,Farmers Walk,135.0,3,12,8.5
2023-02-16,ATH007,Snatch,42.5,3,2,7.5
2023-02-16,ATH007,Overhead Press,42.5,4,12,7.0
2023-02-16,ATH008,Deadlift,160.0,4,6,7.5
2023-02-16,ATH008,Leg Curl,40.0,3,12,7.0
2023-02-16,ATH008,Tricep Extension,32.5,3,15,7.5
2023-02-16,ATH009,Box Jump,47.25,5,20,8.0
2023-02-16,ATH009,Pull-up,12.5,3,12,8.5
2023-02-16,ATH009,Muscle Up,10.0,5,5,7.5
2023-02-16,ATH009,Rowing Machine,327.5,1,1858,8.5
2023-02-17,ATH002,Clean & Jerk,47.5,4,3,6.5
2023-02-17,ATH002,Romanian Deadlift,82.5,4,8,8.0
2023-02-17,ATH002,Overhead Press,45.0,3,12,6.5
2023-02-17,ATH003,Bench Press,37.5,4,3,5.5
2023-02-17,ATH003,Deadlift,80.0,3,3,6.0
2023-02-17,ATH003,Lateral Raise,11.25,4,12,8.0
2023-02-17,ATH003,Tricep Extension,15.0,3,12,6.0
2023-02-17,ATH003,Calf Raise,22.5,3,8,6.5
2023-02-17,ATH004,Burpees,17.5,3,20,8.0
2023-02-17,ATH004,Rowing Machine,345.0,1,1798,7.0
2023-02-17,ATH004,Muscle Up,10.0,5,15,8.0
2023-02-17,ATH005,Stone Load,82.5,4,10,9.0
2023-02-17,ATH005,Yoke Walk,292.5,4,15,8.5
2023-02-17,ATH005,Overhead Press,67.5,3,12,9.5
2023-02-17,ATH005,Barbell Row,77.5,4,10,8.5
2023-02-17,ATH006,Bench Press,155.0,5,6,9.0
2023-02-17,ATH006,Deadlift,320.0,3,6,9.5
2023-02-17,ATH006,Bicep Curl,60.0,4,12,9.0
2023-02-17,ATH007,Front Squat,50.0,3,8,7.5
2023-02-17,ATH007,Clean & Jerk,37.5,4,2,6.0
2023-02-17,ATH007,Romanian Deadlift,82.5,3,10,7.5
2023-02-17,ATH007,Face Pull,20.0,3,15,6.5
2023-02-17,ATH009,Box Jump,40.0,4,5,7.0
2023-02-17,ATH009,Deadlift,157.5,3,6,7.5
2023-02-17,ATH009,Pull-up,22.5,4,12,8.0
2023-02-17,ATH009,Muscle Up,10.0,3,10,8.5
2023-02-17,ATH009,Rowing Machine,332.5,1,1910,6.5
2023-02-17,ATH010,Deadlift,172.5,4,3,8.5
2023-02-17,ATH010,Barbell Row,105.0,4,15,7.5
2023-02-18,ATH002,Snatch,42.5,3,2,6.5
2023-02-18,ATH002,Overhead Press,37.5,3,12,7.0
2023-02-18,ATH003,Overhead Press,26.25,4,8,5.5
2023-02-18,ATH003,Squat,45.0,3,3,6.5
2023-02-18,ATH003,Leg Curl,22.5,4,8,8.0
2023-02-18,ATH006,Deadlift,357.5,5,6,9.5
2023-02-18,ATH006,Bench Press,170.0,4,5,10.0
2023-02-18,ATH006,Tricep Extension,40.0,3,15,9.5
2023-02-18,ATH006,Bicep Curl,72.5,4,12,9.0
2023-02-18,ATH007,Clean & Jerk,42.5,4,1,6.5
2023-02-18,ATH007,Snatch,30.0,3,3,6.5
2023-02-18,ATH007,Romanian Deadlift,60.0,4,12,6.5
2023-02-18,ATH010,Log Press,77.5,4,10,7.5
2023-02-18,ATH010,Overhead Press,87.5,4,8,9.0
2023-02-18,ATH010,Front Squat,100.0,3,12,8.0
2023-02-18,ATH010,Barbell Row,125.0,4,12,8.0
2023-02-19,ATH002,Clean & Jerk,75.0,5,1,8.0
2023-02-19,ATH002,Front Squat,102.5,3,10,7.0
2023-02-19,ATH002,Pull-up,27.5,4,12,7.5
2023-02-19,ATH002,Face Pull,32.5,4,10,7.0
2023-02-19,ATH002,Romanian Deadlift,125.0,4,15,8.0
2023-02-19,ATH004,Squat,125.0,3,5,8.0
2023-02-19,ATH004,Box Jump,35.0,3,5,8.5
2023-02-19,ATH004,Pull-up,12.5,3,15,7.0
2023-02-19,ATH005,Stone Load,70.0,4,10,8.5
2023-02-19,ATH005,Farmers Walk,110.0,4,10,9.5
2023-02-19,ATH006,Deadlift,282.5,3,6,8.5
2023-02-19,ATH006,Lat Pulldown,122.5,3,12,9.5
2023-02-19,ATH008,Overhead Press,47.5,3,10,7.5
2023-02-19,ATH008,Leg Curl,57.5,4,15,8.0
2023-02-19,ATH008,Bicep Curl,25.0,4,8,7.0
2023-02-20,ATH002,Clean & Jerk,62.5,3,3,7.0
2023-02-20,ATH002,Snatch,37.5,3,1,7.5
2023-02-20,ATH002,Romanian Deadlift,95.0,4,12,8.0
2023-02-20,ATH003,Overhead Press,27.5,3,8,6.0
2023-02-20,ATH003,Squat,55.0,3,5,6.0
2023-02-20,ATH003,Calf Raise,32.5,3,15,6.5
2023-02-20,ATH004,Burpees,27.5,3,5,7.0
2023-02-20,ATH004,Assault Bike,430.0,1,1727,8.0
2023-02-20,ATH004,Handstand Push-up,7.5,5,10,7.5
2023-02-20,ATH004,Muscle Up,12.5,3,15,8.5
2023-02-20,ATH008,Bench Press,90.0,4,5,6.5
2023-02-20,ATH008,Lateral Raise,27.5,3,8,7.0
2023-02-20,ATH008,Bicep Curl,40.0,4,10,7.5
2023-02-20,ATH008,Calf Raise,47.5,3,8,7.0
2023-02-20,ATH009,Squat,92.5,3,5,8.5
2023-02-20,ATH009,Muscle Up,10.0,4,20,8.0
2023-02-20,ATH009,Assault Bike,457.5,1,1563,7.5
2023-02-20,ATH009,Pull-up,20.0,3,12,8.0
2023-02-20,ATH010,Yoke Walk,342.0,3,10,9.0
2023-02-20,ATH010,Deadlift,272.5,4,3,9.0
2023-02-20,ATH010,Farmers Walk,135.0,4,15,8.0
2023-02-20,ATH010,Front Squat,102.5,3,10,9.5
2023-02-21,ATH001,Squat,220.0,4,3,8.0
2023-02-21,ATH001,Bench Press,92.5,4,6,8.5
2023-02-21,ATH001,Dumbbell Press,45.0,3,10,8.0
2023-02-21,ATH003,Squat,72.5,5,6,6.0
2023-02-21,ATH003,Overhead Press,32.5,4,12,6.0
2023-02-21,ATH003,Tricep Extension,12.5,3,12,5.5
2023-02-21,ATH003,Calf Raise,22.5,4,10,7.0
2023-02-21,ATH003,Lateral Raise,17.5,3,10,5.5
2023-02-21,ATH004,Squat,152.5,3,3,7.0
2023-02-21,ATH004,Box Jump,50.0,5,10,7.0
2023-02-21,ATH004,Rowing Machine,370.0,1,1188,7.0
2023-02-21,ATH004,Pull-up,25.0,3,12,8.5
2023-02-21,ATH004,Assault Bike,480.0,1,946,7.5
2023-02-21,ATH007,Front Squat,57.5,4,15,6.0
2023-02-21,ATH007,Snatch,30.0,3,2,7.0
2023-02-21,ATH007,Face Pull,20.0,4,12,6.5
2023-02-21,ATH007,Pull-up,7.5,3,12,7.0
2023-02-21,ATH007,Overhead Press,30.0,3,10,7.5
2023-02-21,ATH008,Bench Press,75.0,4,6,6.5
2023-02-21,ATH008,Tricep Extension,30.0,4,12,6.5
2023-02-21,ATH008,Bicep Curl,22.5,4,12,7.0
2023-02-21,ATH009,Deadlift,197.5,5,3,7.5
2023-02-21,ATH009,Handstand Push-up,10.0,3,15,8.0
2023-02-21,ATH009,Rowing Machine,270.0,1,1633,7.0
2023-02-21,ATH009,Pull-up,27.5,4,10,7.5
2023-02-21,ATH010,Stone Load,112.5,4,8,9.5
2023-02-21,ATH010,Log Press,72.5,3,12,9.0
2023-02-21,ATH010,Overhead Press,95.0,4,12,9.0
2023-02-21,ATH010,Farmers Walk,127.5,3,15,9.5
2023-02-21,ATH010,Front Squat,107.5,3,10,9.5
2023-02-22,ATH002,Clean & Jerk,55.0,5,2,7.5
2023-02-22,ATH002,Snatch,62.5,3,2,7.5
2023-02-22,ATH002,Romanian Deadlift,85.0,4,15,6.5
2023-02-22,ATH002,Face Pull,22.5,3,15,6.5
2023-02-22,ATH006,Squat,220.0,5,5,10.0
2023-02-22,ATH006,Bench Press,145.0,3,3,9.0
2023-02-22,ATH006,Tricep Extension,55.0,3,15,8.5
2023-02-22,ATH006,Barbell Row,142.5,4,15,8.5
2023-02-22,ATH006,Lat Pulldown,112.5,4,12,8.5
2023-02-22,ATH009,Burpees,22.5,4,20,8.5
2023-02-22,ATH009,Muscle Up,10.0,4,5,8.5
2023-02-22,ATH009,Handstand Push-up,7.5,5,20,7.5
2023-02-23,ATH002,Front Squat,60.0,4,8,7.5
2023-02-23,ATH002,Snatch,45.0,5,3,8.0
2023-02-23,ATH002,Romanian Deadlift,105.0,3,12,6.5
2023-02-23,ATH002,Face Pull,40.0,4,12,6.5
2023-02-23,ATH002,Pull-up,15.0,3,15,7.5
2023-02-23,ATH003,Squat,72.5,4,8,6.0
2023-02-23,ATH003,Leg Curl,22.5,3,8,6.0
2023-02-23,ATH003,Tricep Extension,15.0,4,12,5.5
2023-02-23,ATH004,Box Jump,45.0,3,5,8.0
2023-02-23,ATH004,Squat,128.625,3,5,8.5
2023-02-23,ATH004,Muscle Up,10.0,4,15,8.0
2023-02-23,ATH006,Squat,272.25,3,8,9.5
2023-02-23,ATH006,Tricep Extension,50.0,3,12,9.5
2023-02-23,ATH006,Dumbbell Press,97.5,3,12,8.5
2023-02-23,ATH006,Lat Pulldown,135.0,3,15,9.0
2023-02-23,ATH007,Front Squat,62.5,3,10,6.0
2023-02-23,ATH007,Face Pull,27.5,4,8,7.5
2023-02-23,ATH007,Overhead Press,32.5,3,8,6.0
2023-02-23,ATH008,Deadlift,94.5,3,3,8.5
2023-02-23,ATH008,Bench Press,112.5,5,5,8.0
2023-02-23,ATH008,Bicep Curl,37.5,3,8,7.0
2023-02-23,ATH008,Leg Curl,35.0,3,8,8.0
2023-02-23,ATH008,Lateral Raise,22.5,3,15,7.5
2023-02-24,ATH001,Bench Press,107.5,3,8,8.0
2023-02-24,ATH001,Tricep Extension,32.5,4,8,9.0
2023-02-24,ATH001,Barbell Row,102.5,4,12,8.0
2023-02-24,ATH002,Snatch,62.5,3,3,6.5
2023-02-24,ATH002,Front Squat,102.5,4,12,8.0
2023-02-24,ATH002,Romanian Deadlift,110.0,4,10,8.0
2023-02-24,ATH004,Burpees,22.5,4,20,7.0
2023-02-24,ATH004,Squat,105.0,4,3,7.0
2023-02-24,ATH004,Muscle Up,12.5,3,5,8.5
2023-02-24,ATH005,Deadlift,152.5,5,3,9.5
2023-02-24,ATH005,Yoke Walk,252.5,4,15,8.0
2023-02-24,ATH005,Farmers Walk,127.5,3,15,8.5
2023-02-24,ATH006,Squat,297.5,3,6,8.5
2023-02-24,ATH006,Tricep Extension,40.0,4,8,9.0
2023-02-24,ATH006,Dumbbell Press,102.5,4,12,9.5
2023-02-24,ATH006,Bicep Curl,50.0,4,12,10.0
2023-02-24,ATH007,Front Squat,55.0,4,8,6.5
2023-02-24,ATH007,Snatch,32.5,4,1,6.0
2023-02-24,ATH007,Overhead Press,37.5,4,10,6.5
2023-02-24,ATH007,Pull-up,17.5,4,12,6.0
2023-02-24,ATH007,Face Pull,26.25,3,10,6.5
2023-02-24,ATH008,Squat,152.5,4,6,8.0
2023-02-24,ATH008,Lateral Raise,25.0,3,8,7.5
2023-02-24,ATH010,Log Press,77.5,3,12,8.5
2023-02-24,ATH010,Deadlift,164.25,5,3,10.0
2023-02-24,ATH010,Farmers Walk,147.5,4,12,9.0
2023-02-24,ATH010,Barbell Row,115.0,4,12,9.5
2023-02-25,ATH002,Clean & Jerk,60.0,4,3,8.0
2023-02-25,ATH002,Front Squat,100.0,3,12,7.0
2023-02-25,ATH002,Pull-up,18.0,4,12,8.0
2023-02-25,ATH002,Overhead Press,67.5,3,8,8.0
2023-02-25,ATH003,Squat,62.5,5,8,6.0
2023-02-25,ATH003,Lateral Raise,12.5,3,8,6.0
2023-02-25,ATH004,Deadlift,180.0,5,5,8.0
2023-02-25,ATH004,Rowing Machine,375.0,1,629,8.5
2023-02-25,ATH007,Front Squat,47.5,4,12,7.0
2023-02-25,ATH007,Clean & Jerk,40.0,3,1,6.0
2023-02-25,ATH007,Overhead Press,42.5,4,10,6.0
2023-02-25,ATH007,Pull-up,7.5,4,8,7.0
2023-02-25,ATH009,Squat,87.5,5,6,8.5
2023-02-25,ATH009,Deadlift,172.5,3,3,8.5
2023-02-25,ATH009,Handstand Push-up,7.5,5,5,7.0
2023-02-25,ATH010,Stone Load,127.5,3,8,8.0
2023-02-25,ATH010,Yoke Walk,377.5,3,8,8.5
2023-02-25,ATH010,Farmers Walk,119.25,3,8,9.5
2023-02-25,ATH010,Front Squat,150.0,3,12,8.0
2023-02-25,ATH010,Overhead Press,85.0,4,8,8.0
2023-02-26,ATH003,Squat,57.5,3,8,6.5
2023-02-26,ATH003,Deadlift,97.5,5,5,6.5
2023-02-26,ATH003,Tricep Extension,12.5,3,15,5.5
2023-02-26,ATH008,Deadlift,120.0,4,6,8.5
2023-02-26,ATH008,Bench Press,107.5,4,8,8.0
2023-02-26,ATH008,Tricep Extension,32.5,4,8,8.0
2023-02-26,ATH009,Squat,107.5,5,3,9.0
2023-02-26,ATH009,Deadlift,182.5,3,6,8.5
2023-02-26,ATH009,Muscle Up,12.5,5,15,8.0
2023-02-26,ATH009,Assault Bike,412.5,1,1097,8.0
2023-02-27,ATH001,Deadlift,185.0,5,6,9.0
2023-02-27,ATH001,Bench Press,142.5,5,6,9.5
2023-02-27,ATH001,Bicep Curl,35.0,4,8,8.5
2023-02-27,ATH001,Tricep Extension,45.0,3,15,9.0
2023-02-27,ATH002,Snatch,50.0,3,1,8.0
2023-02-27,ATH002,Front Squat,57.5,3,8,7.5
2023-02-27,ATH002,Pull-up,12.5,3,8,7.0
2023-02-27,ATH004,Box Jump,45.0,3,20,8.0
2023-02-27,ATH004,Muscle Up,13.125,5,15,9.0
2023-02-27,ATH005,Deadlift,112.5,5,8,10.5
2023-02-27,ATH005,Yoke Walk,245.0,4,15,9.5
2023-02-27,ATH005,Barbell Row,77.5,4,10,9.5
2023-02-27,ATH007,Front Squat,52.5,3,12,7.0
2023-02-27,ATH007,Snatch,30.0,3,2,6.0
2023-02-27,ATH007,Face Pull,23.625,3,10,8.0
2023-02-27,ATH007,Overhead Press,40.0,4,10,7.0
2023-02-27,ATH008,Deadlift,175.0,4,8,7.0
2023-02-27,ATH008,Lateral Raise,25.0,4,8,6.5
2023-02-27,ATH008,Bicep Curl,27.5,4,8,7.5
2023-02-28,ATH003,Squat,82.5,3,8,6.0
2023-02-28,ATH003,Calf Raise,32.5,3,8,6.0
2023-02-28,ATH003,Leg Curl,22.5,4,12,6.5
2023-02-28,ATH003,Tricep Extension,17.5,3,12,5.5
2023-02-28,ATH006,Bench Press,155.0,5,5,9.0
2023-02-28,ATH006,Dumbbell Press,92.5,4,15,9.0
2023-02-28,ATH006,Tricep Extension,47.5,3,12,9.5
2023-02-28,ATH008,Squat,137.5,4,5,8.5
2023-02-28,ATH008,Leg Curl,42.5,3,8,8.5
2023-02-28,ATH008,Lateral Raise,27.5,3,15,8.5
2023-02-28,ATH009,Burpees,27.5,3,15,8.5
2023-02-28,ATH009,Muscle Up,12.5,3,5,7.5
2023-03-01,ATH003,Deadlift,72.5,4,6,5.5
2023-03-01,ATH003,Squat,62.5,4,3,5.5
2023-03-01,ATH003,Calf Raise,35.0,3,15,6.0
2023-03-01,ATH003,Leg Curl,30.0,3,12,5.5
2023-03-01,ATH003,Bicep Curl,15.0,3,8,6.0
2023-03-01,ATH004,Box Jump,45.0,5,10,7.5
2023-03-01,ATH004,Assault Bike,427.5,1,1519,8.0
2023-03-01,ATH007,Front Squat,65.0,3,8,7.0
2023-03-01,ATH007,Overhead Press,42.5,3,15,6.5
2023-03-01,ATH008,Deadlift,105.0,3,5,6.5
2023-03-01,ATH008,Calf Raise,72.5,4,8,7.0
2023-03-01,ATH008,Tricep Extension,30.0,4,8,7.0
2023-03-01,ATH009,Deadlift,162.5,5,5,7.0
2023-03-01,ATH009,Rowing Machine,317.5,1,521,8.5
2023-03-01,ATH009,Assault Bike,467.5,1,1013,8.5
2023-03-01,ATH009,Handstand Push-up,10.0,3,15,7.0
2023-03-02,ATH001,Bench Press,148.5,5,8,10.0
2023-03-02,ATH001,Squat,170.0,3,6,8.5
2023-03-02,ATH001,Lat Pulldown,110.0,4,15,8.0
2023-03-02,ATH001,Bicep Curl,27.0,3,10,10.5
2023-03-02,ATH001,Dumbbell Press,80.0,3,8,10.0
2023-03-02,ATH004,Deadlift,117.5,5,8,7.0
2023-03-02,ATH004,Box Jump,45.0,5,5,7.0
2023-03-02,ATH004,Assault Bike,442.5,1,1111,8.0
2023-03-02,ATH004,Pull-up,17.5,3,12,8.0
2023-03-02,ATH009,Burpees,22.5,3,15,7.5
2023-03-02,ATH009,Handstand Push-up,5.0,4,10,7.0
2023-03-02,ATH009,Assault Bike,432.5,1,519,7.5
2023-03-03,ATH002,Clean & Jerk,57.5,4,2,8.0
2023-03-03,ATH002,Pull-up,12.5,4,8,8.5
2023-03-03,ATH002,Overhead Press,57.5,3,8,7.0
2023-03-03,ATH003,Squat,62.5,5,5,7.0
2023-03-03,ATH003,Calf Raise,30.0,3,10,5.5
2023-03-03,ATH003,Bicep Curl,12.5,4,12,7.0
2023-03-03,ATH005,Log Press,67.5,4,8,9.0
2023-03-03,ATH005,Overhead Press,55.0,4,8,9.0
2023-03-03,ATH005,Farmers Walk,95.0,4,10,9.0
2023-03-03,ATH005,Front Squat,80.0,3,10,8.5
2023-03-03,ATH006,Deadlift,370.0,3,6,10.0
2023-03-03,ATH006,Bench Press,165.0,5,3,9.5
2023-03-03,ATH006,Lat Pulldown,135.0,4,8,8.5
2023-03-03,ATH007,Front Squat,57.5,4,10,7.0
2023-03-03,ATH007,Clean & Jerk,47.5,5,3,7.0
2023-03-03,ATH007,Romanian Deadlift,65.0,4,8,7.0
2023-03-04,ATH003,Deadlift,72.5,3,6,7.0
2023-03-04,ATH003,Bicep Curl,12.5,4,10,6.0
2023-03-04,ATH004,Deadlift,150.75,3,5,8.5
2023-03-04,ATH004,Squat,165.0,5,5,8.5
2023-03-04,ATH004,Pull-up,22.5,4,8,7.5
2023-03-04,ATH004,Handstand Push-up,12.5,3,10,8.0
2023-03-04,ATH004,Muscle Up,12.5,5,20,8.0
2023-03-04,ATH006,Deadlift,402.5,5,3,9.0
2023-03-04,ATH006,Barbell Row,152.5,4,8,9.5
2023-03-04,ATH006,Tricep Extension,42.5,4,10,8.5
2023-03-04,ATH007,Snatch,30.0,4,2,7.5
2023-03-04,ATH007,Pull-up,7.5,3,12,6.5
2023-03-04,ATH007,Face Pull,20.0,4,8,7.0
2023-03-04,ATH009,Deadlift,157.5,4,6,8.5
2023-03-04,ATH009,Squat,137.5,4,6,8.5
2023-03-04,ATH009,Rowing Machine,310.0,1,646,8.5
2023-03-04,ATH010,Stone Load,97.5,4,10,9.0
2023-03-04,ATH010,Farmers Walk,152.5,3,10,8.5
2023-03-04,ATH010,Front Squat,152.5,4,12,8.5
2023-03-05,ATH002,Front Squat,72.5,4,15,6.5
2023-03-05,ATH002,Snatch,60.0,3,1,6.5
2023-03-05,ATH002,Face Pull,26.25,4,12,8.5
2023-03-05,ATH003,Deadlift,57.5,4,6,6.5
2023-03-05,ATH003,Squat,62.5,3,5,5.5
2023-03-05,ATH003,Calf Raise,37.5,4,10,5.5
2023-03-05,ATH007,Front Squat,60.0,4,12,6.5
2023-03-05,ATH007,Clean & Jerk,42.5,4,3,7.5
2023-03-05,ATH007,Overhead Press,30.0,4,15,7.5
2023-03-05,ATH007,Pull-up,10.0,3,8,7.0
2023-03-05,ATH007,Romanian Deadlift,77.5,3,10,7.5
2023-03-05,ATH009,Burpees,27.5,4,10,8.0
2023-03-05,ATH009,Deadlift,122.5,3,6,7.5
2023-03-05,ATH009,Rowing Machine,332.5,1,584,7.5
2023-03-05,ATH009,Assault Bike,485.0,1,1318,8.5
2023-03-05,ATH009,Pull-up,30.0,3,10,7.0
2023-03-05,ATH010,Deadlift,262.5,5,6,8.0
2023-03-05,ATH010,Log Press,95.0,3,15,8.5
2023-03-05,ATH010,Barbell Row,105.0,3,8,9.5
2023-03-06,ATH001,Squat,205.0,4,5,10.0
2023-03-06,ATH001,Bench Press,97.5,5,3,8.0
2023-03-06,ATH001,Tricep Extension,45.0,4,15,9.0
2023-03-06,ATH002,Front Squat,95.0,4,8,7.5
2023-03-06,ATH002,Pull-up,25.0,4,8,8.0
2023-03-06,ATH003,Bench Press,60.0,4,5,6.5
2023-03-06,ATH003,Bicep Curl,17.5,4,15,6.0
2023-03-06,ATH003,Calf Raise,40.0,3,8,5.5
2023-03-06,ATH004,Burpees,20.0,3,5,8.5
2023-03-06,ATH004,Squat,126.0,5,6,7.5
2023-03-06,ATH004,Assault Bike,465.0,1,932,7.5
2023-03-06,ATH004,Rowing Machine,310.0,1,1583,7.0
2023-03-06,ATH004,Handstand Push-up,5.0,5,10,8.5
2023-03-06,ATH006,Bench Press,175.0,3,5,9.5
2023-03-06,ATH006,Squat,262.5,5,8,9.0
2023-03-06,ATH006,Lat Pulldown,147.5,3,12,8.5
2023-03-06,ATH006,Bicep Curl,70.0,3,12,10.0
2023-03-06,ATH006,Barbell Row,145.0,3,15,10.0
2023-03-06,ATH007,Snatch,47.5,3,2,7.0
2023-03-06,ATH007,Clean & Jerk,45.0,3,1,6.5
2023-03-06,ATH007,Romanian Deadlift,72.5,4,15,7.0
2023-03-06,ATH008,Bench Press,100.0,4,3,8.0
2023-03-06,ATH008,Leg Curl,52.5,4,12,8.0
2023-03-06,ATH009,Burpees,27.5,4,5,7.5
2023-03-06,ATH009,Handstand Push-up,7.5,3,5,8.0
2023-03-06,ATH009,Muscle Up,10.0,3,5,8.5
2023-03-06,ATH009,Assault Bike,497.5,1,1445,7.5
2023-03-07,ATH003,Squat,77.5,4,8,6.5
2023-03-07,ATH003,Tricep Extension,15.0,4,15,7.0
2023-03-07,ATH003,Calf Raise,32.5,3,15,6.0
2023-03-07,ATH004,Squat,126.0,3,5,8.5
2023-03-07,ATH004,Rowing Machine,350.0,1,1447,7.5
2023-03-07,ATH005,Yoke Walk,347.5,4,8,9.0
2023-03-07,ATH005,Barbell Row,80.0,4,15,9.5
2023-03-07,ATH005,Overhead Press,57.5,4,8,9.5
2023-03-07,ATH005,Front Squat,101.25,4,15,10.0
2023-03-07,ATH007,Snatch,40.0,3,2,7.0
2023-03-07,ATH007,Clean & Jerk,35.0,3,2,6.0
2023-03-07,ATH007,Pull-up,12.5,3,15,6.0
2023-03-07,ATH007,Overhead Press,32.5,3,10,6.0
2023-03-07,ATH008,Overhead Press,85.0,3,12,7.5
2023-03-07,ATH008,Lateral Raise,27.5,3,15,7.5
2023-03-07,ATH008,Calf Raise,62.5,4,12,6.5
2023-03-07,ATH009,Squat,105.0,4,3,8.0
2023-03-07,ATH009,Burpees,22.5,4,20,7.5
2023-03-07,ATH009,Handstand Push-up,7.5,3,15,8.0
2023-03-07,ATH009,Pull-up,12.5,3,12,7.5
2023-03-08,ATH002,Clean & Jerk,62.5,4,2,6.5
2023-03-08,ATH002,Romanian Deadlift,122.5,4,8,8.5
2023-03-08,ATH002,Overhead Press,67.5,4,15,6.5
2023-03-08,ATH002,Face Pull,31.5,4,8,8.5
2023-03-08,ATH004,Squat,107.5,3,6,8.0
2023-03-08,ATH004,Deadlift,160.0,4,5,7.5
2023-03-08,ATH004,Assault Bike,512.5,1,642,7.5
2023-03-08,ATH004,Muscle Up,10.0,4,20,8.0
2023-03-08,ATH006,Deadlift,305.0,4,6,9.5
2023-03-08,ATH006,Dumbbell Press,60.0,3,8,9.0
2023-03-08,ATH007,Clean & Jerk,47.5,4,1,7.5
2023-03-08,ATH007,Romanian Deadlift,67.5,3,8,6.5
2023-03-08,ATH007,Overhead Press,30.0,3,8,7.0
2023-03-08,ATH008,Squat,102.5,3,3,6.5
2023-03-08,ATH008,Deadlift,155.0,3,6,8.0
2023-03-08,ATH008,Lateral Raise,20.0,4,15,8.0
2023-03-08,ATH008,Bicep Curl,42.5,3,12,8.0
2023-03-08,ATH008,Tricep Extension,32.5,3,8,7.5
2023-03-08,ATH009,Deadlift,162.5,4,3,9.0
2023-03-08,ATH009,Pull-up,12.5,4,8,7.0
2023-03-09,ATH003,Deadlift,82.5,5,6,6.5
2023-03-09,ATH003,Overhead Press,27.5,4,15,5.5
2023-03-09,ATH003,Calf Raise,39.375,3,15,7.5
2023-03-09,ATH003,Tricep Extension,15.0,3,12,7.0
2023-03-09,ATH003,Lateral Raise,15.0,4,15,6.5
2023-03-09,ATH004,Burpees,20.0,4,15,8.5
2023-03-09,ATH004,Rowing Machine,317.5,1,1663,8.5
2023-03-09,ATH004,Handstand Push-up,10.0,5,10,8.5
2023-03-09,ATH007,Clean & Jerk,37.5,4,1,7.5
2023-03-09,ATH007,Front Squat,65.0,4,10,6.0
2023-03-09,ATH007,Overhead Press,35.0,3,12,7.5
2023-03-09,ATH008,Deadlift,152.5,3,5,7.0
2023-03-09,ATH008,Bicep Curl,24.75,4,12,8.5
2023-03-10,ATH002,Snatch,50.0,4,1,7.5
2023-03-10,ATH002,Face Pull,31.5,3,10,8.5
2023-03-10,ATH002,Romanian Deadlift,97.5,4,8,7.5
2023-03-10,ATH003,Deadlift,60.0,5,3,6.5
2023-03-10,ATH003,Leg Curl,27.5,3,12,7.0
2023-03-10,ATH003,Bicep Curl,20.0,3,12,5.5
2023-03-10,ATH003,Calf Raise,27.5,4,8,6.0
2023-03-10,ATH008,Overhead Press,67.5,4,10,7.0
2023-03-10,ATH008,Bicep Curl,38.25,3,15,9.5
2023-03-10,ATH008,Tricep Extension,32.5,4,10,7.0
2023-03-10,ATH008,Leg Curl,47.5,3,15,8.0
2023-03-10,ATH009,Burpees,27.5,3,20,8.5
2023-03-10,ATH009,Deadlift,121.5,3,5,8.0
2023-03-10,ATH009,Rowing Machine,385.0,1,757,7.0
2023-03-11,ATH001,Squat,232.5,3,3,8.0
2023-03-11,ATH001,Deadlift,235.0,4,3,8.5
2023-03-11,ATH001,Barbell Row,140.0,4,10,8.5
2023-03-11,ATH001,Lat Pulldown,92.5,4,12,8.5
2023-03-11,ATH002,Front Squat,117.5,3,10,6.5
2023-03-11,ATH002,Romanian Deadlift,117.5,3,15,6.5
2023-03-11,ATH002,Pull-up,20.0,4,8,7.0
2023-03-11,ATH003,Overhead Press,25.0,4,8,5.5
2023-03-11,ATH003,Bench Press,35.0,4,3,6.5
2023-03-11,ATH003,Tricep Extension,12.5,4,12,6.5
2023-03-11,ATH003,Lateral Raise,7.5,3,15,7.0
2023-03-11,ATH004,Box Jump,50.0,4,15,7.0
2023-03-11,ATH004,Assault Bike,462.5,1,526,8.0
2023-03-11,ATH004,Muscle Up,12.5,4,10,8.0
2023-03-11,ATH006,Deadlift,332.5,4,5,10.0
2023-03-11,ATH006,Barbell Row,162.5,4,15,10.0
2023-03-11,ATH007,Snatch,42.5,4,1,7.5
2023-03-11,ATH007,Front Squat,75.0,3,12,7.0
2023-03-11,ATH007,Romanian Deadlift,70.0,3,15,6.0
2023-03-11,ATH009,Deadlift,110.0,3,5,8.0
2023-03-11,ATH009,Assault Bike,517.5,1,792,8.5
2023-03-11,ATH009,Muscle Up,10.0,3,5,7.5
2023-03-11,ATH010,Deadlift,252.5,3,6,9.5
2023-03-11,ATH010,Barbell Row,130.0,3,10,9.5
2023-03-12,ATH002,Snatch,37.5,3,3,7.0
2023-03-12,ATH002,Front Squat,84.0,4,15,7.5
2023-03-12,ATH002,Overhead Press,67.5,3,10,7.5
2023-03-12,ATH002,Pull-up,15.0,3,12,8.5
2023-03-12,ATH002,Romanian Deadlift,85.5,3,12,8.0
2023-03-12,ATH004,Squat,167.5,5,3,8.0
2023-03-12,ATH004,Burpees,27.5,5,20,8.0
2023-03-12,ATH004,Handstand Push-up,7.5,4,20,7.5
2023-03-12,ATH004,Rowing Machine,325.0,1,564,7.5
2023-03-12,ATH005,Log Press,47.5,3,8,9.5
2023-03-12,ATH005,Deadlift,152.5,5,5,9.5
2023-03-12,ATH005,Farmers Walk,107.5,4,8,9.0
2023-03-12,ATH005,Front Squat,117.5,3,15,8.0
2023-03-12,ATH007,Snatch,47.5,4,2,6.5
2023-03-12,ATH007,Clean & Jerk,33.75,4,1,8.5
2023-03-12,ATH007,Face Pull,25.0,4,12,7.5
2023-03-12,ATH007,Romanian Deadlift,65.0,3,8,7.0
2023-03-12,ATH007,Overhead Press,40.0,3,12,7.0
2023-03-12,ATH009,Box Jump,37.5,5,5,7.5
2023-03-12,ATH009,Muscle Up,12.5,4,20,7.0
2023-03-12,ATH009,Handstand Push-up,5.0,3,10,7.5
2023-03-12,ATH009,Pull-up,18.0,3,12,10.0
2023-03-12,ATH010,Stone Load,145.0,3,10,9.0
2023-03-12,ATH010,Overhead Press,70.0,3,8,8.0
2023-03-12,ATH010,Barbell Row,120.0,4,10,9.0
2023-03-12,ATH010,Farmers Walk,167.5,3,15,8.5
2023-03-13,ATH003,Deadlift,90.0,4,6,6.0
2023-03-13,ATH003,Tricep Extension,17.5,3,15,6.5
2023-03-13,ATH003,Leg Curl,18.0,3,15,8.0
2023-03-13,ATH005,Log Press,55.0,3,10,8.5
2023-03-13,ATH005,Stone Load,100.0,4,15,8.0
2023-03-13,ATH005,Barbell Row,65.0,4,12,9.0
2023-03-13,ATH005,Overhead Press,55.0,4,12,9.5
2023-03-13,ATH005,Front Squat,115.0,4,10,9.0
2023-03-13,ATH007,Front Squat,70.0,4,10,7.5
2023-03-13,ATH007,Snatch,32.5,3,1,6.5
2023-03-13,ATH007,Overhead Press,32.5,3,10,6.0
2023-03-13,ATH007,Pull-up,15.0,3,15,8.0
2023-03-13,ATH007,Romanian Deadlift,67.5,3,12,6.5
2023-03-13,ATH008,Deadlift,117.5,4,6,7.5
2023-03-13,ATH008,Bench Press,72.5,3,8,8.5
2023-03-13,ATH008,Bicep Curl,30.0,4,8,6.5
2023-03-13,ATH009,Box Jump,35.0,4,20,9.0
2023-03-13,ATH009,Muscle Up,15.0,5,5,9.0
2023-03-13,ATH009,Rowing Machine,307.125,1,1358,8.5
2023-03-14,ATH001,Bench Press,147.5,5,3,9.0
2023-03-14,ATH001,Deadlift,270.0,4,6,8.5
2023-03-14,ATH001,Barbell Row,100.0,4,10,8.5
2023-03-14,ATH007,Front Squat,75.0,3,12,6.5
2023-03-14,ATH007,Face Pull,22.5,4,8,6.5
2023-03-14,ATH008,Overhead Press,80.0,3,10,8.0
2023-03-14,ATH008,Deadlift,165.0,5,5,8.5
2023-03-14,ATH008,Tricep Extension,25.0,4,8,7.0
2023-03-14,ATH010,Yoke Walk,352.5,4,12,8.5
2023-03-14,ATH010,Stone Load,150.0,4,12,9.0
2023-03-14,ATH010,Overhead Press,70.0,4,8,9.5
2023-03-15,ATH003,Deadlift,60.0,5,5,6.5
2023-03-15,ATH003,Calf Raise,45.0,3,15,6.0
2023-03-15,ATH004,Squat,137.5,4,5,9.0
2023-03-15,ATH004,Deadlift,180.0,4,6,8.0
2023-03-15,ATH004,Pull-up,25.0,4,12,8.0
2023-03-15,ATH004,Handstand Push-up,6.75,5,5,8.5
2023-03-15,ATH006,Squat,305.0,3,6,9.0
2023-03-15,ATH006,Lat Pulldown,110.0,4,8,9.5
2023-03-15,ATH006,Bicep Curl,57.5,4,12,9.0
2023-03-15,ATH006,Tricep Extension,50.0,3,12,9.5
2023-03-15,ATH007,Front Squat,70.0,4,15,6.5
2023-03-15,ATH007,Face Pull,22.5,3,8,7.5
2023-03-15,ATH007,Overhead Press,37.5,3,10,6.5
2023-03-15,ATH007,Romanian Deadlift,62.5,3,10,6.5
2023-03-15,ATH009,Burpees,25.0,5,20,7.0
2023-03-15,ATH009,Box Jump,45.0,5,15,7.0
2023-03-15,ATH009,Muscle Up,10.0,5,20,7.5
2023-03-15,ATH009,Assault Bike,437.5,1,882,7.5
2023-03-15,ATH009,Pull-up,22.5,4,8,8.0
2023-03-16,ATH001,Squat,142.5,5,6,9.5
2023-03-16,ATH001,Barbell Row,107.5,3,12,9.5
2023-03-16,ATH002,Clean & Jerk,55.0,4,1,7.5
2023-03-16,ATH002,Front Squat,115.0,4,12,7.5
2023-03-16,ATH002,Pull-up,30.0,4,10,6.5
2023-03-16,ATH002,Romanian Deadlift,112.5,4,10,7.0
2023-03-16,ATH004,Box Jump,40.0,5,5,8.5
2023-03-16,ATH004,Assault Bike,480.0,1,1940,8.0
2023-03-16,ATH004,Muscle Up,12.5,3,5,7.5
2023-03-16,ATH004,Handstand Push-up,7.5,4,5,8.0
2023-03-16,ATH005,Log Press,60.0,4,8,8.5
2023-03-16,ATH005,Front Squat,110.0,4,8,9.0
2023-03-16,ATH006,Deadlift,392.5,5,8,9.5
2023-03-16,ATH006,Squat,282.5,3,3,10.0
2023-03-16,ATH006,Dumbbell Press,82.5,3,15,10.0
2023-03-16,ATH006,Tricep Extension,57.5,3,8,9.0
2023-03-16,ATH007,Snatch,47.5,5,3,6.0
2023-03-16,ATH007,Clean & Jerk,50.0,4,1,8.0
2023-03-16,ATH007,Face Pull,27.5,3,15,6.5
2023-03-16,ATH007,Overhead Press,40.0,4,15,6.0
2023-03-17,ATH002,Clean & Jerk,52.5,4,2,8.0
2023-03-17,ATH002,Face Pull,35.0,3,10,7.0
2023-03-17,ATH002,Romanian Deadlift,115.0,4,8,6.5
2023-03-17,ATH003,Squat,83.25,4,6,8.0
2023-03-17,ATH003,Lateral Raise,7.5,4,15,7.0
2023-03-17,ATH003,Bicep Curl,17.5,3,15,6.5
2023-03-17,ATH004,Squat,145.0,5,6,8.5
2023-03-17,ATH004,Muscle Up,10.0,5,15,8.0
2023-03-17,ATH004,Pull-up,15.0,3,15,8.5
2023-03-17,ATH004,Rowing Machine,372.5,1,1984,8.5
2023-03-17,ATH007,Clean & Jerk,55.0,3,1,7.5
2023-03-17,ATH007,Snatch,37.5,4,1,7.0
2023-03-17,ATH007,Romanian Deadlift,90.0,4,12,6.5
2023-03-17,ATH007,Face Pull,30.0,4,15,6.0
2023-03-17,ATH009,Deadlift,173.25,5,5,8.0
2023-03-17,ATH009,Handstand Push-up,7.5,3,15,7.0
2023-03-17,ATH009,Muscle Up,10.0,4,5,9.0
2023-03-17,ATH009,Rowing Machine,367.5,1,1068,9.0
2023-03-17,ATH010,Yoke Walk,365.0,3,8,8.0
2023-03-17,ATH010,Overhead Press,90.0,3,12,9.0
2023-03-18,ATH002,Clean & Jerk,57.5,3,1,6.5
2023-03-18,ATH002,Romanian Deadlift,100.0,3,10,7.5
2023-03-18,ATH002,Overhead Press,62.5,3,8,8.5
2023-03-18,ATH003,Overhead Press,27.5,4,15,7.0
2023-03-18,ATH003,Calf Raise,30.0,4,8,7.0
2023-03-18,ATH003,Lateral Raise,10.0,3,10,6.5
2023-03-18,ATH003,Tricep Extension,12.5,4,10,6.0
2023-03-18,ATH005,Deadlift,150.0,5,6,9.5
2023-03-18,ATH005,Log Press,55.0,3,12,10.0
2023-03-18,ATH005,Front Squat,82.5,3,15,9.0
2023-03-18,ATH005,Farmers Walk,122.5,4,15,8.5
2023-03-18,ATH005,Barbell Row,72.5,4,12,8.5
2023-03-18,ATH006,Bench Press,150.0,3,3,9.0
2023-03-18,ATH006,Deadlift,327.5,5,5,9.5
2023-03-18,ATH006,Barbell Row,172.5,3,10,9.0
2023-03-18,ATH006,Dumbbell Press,97.5,3,8,9.0
2023-03-18,ATH006,Bicep Curl,65.0,3,10,10.0
2023-03-18,ATH007,Front Squat,49.5,3,8,8.5
2023-03-18,ATH007,Pull-up,7.5,3,15,7.0
2023-03-18,ATH007,Romanian Deadlift,65.0,3,12,6.5
2023-03-18,ATH008,Bench Press,92.5,3,5,7.5
2023-03-18,ATH008,Calf Raise,62.5,3,8,8.0
2023-03-19,ATH001,Bench Press,125.0,3,8,9.5
2023-03-19,ATH001,Deadlift,172.5,3,6,8.0
2023-03-19,ATH001,Dumbbell Press,70.0,4,10,8.0
2023-03-19,ATH001,Bicep Curl,35.0,4,10,9.0
2023-03-19,ATH002,Front Squat,85.0,4,15,6.5
2023-03-19,ATH002,Clean & Jerk,45.0,4,3,8.0
2023-03-19,ATH002,Overhead Press,75.0,4,12,7.0
2023-03-19,ATH002,Romanian Deadlift,125.0,3,15,7.0
2023-03-19,ATH002,Pull-up,22.5,4,15,8.5
2023-03-19,ATH004,Deadlift,215.0,3,8,8.0
2023-03-19,ATH004,Muscle Up,10.0,3,15,8.0
2023-03-19,ATH004,Pull-up,27.5,4,15,7.5
2023-03-19,ATH009,Squat,127.5,4,6,7.5
2023-03-19,ATH009,Assault Bike,460.0,1,1248,7.5
2023-03-19,ATH009,Handstand Push-up,9.0,5,15,8.5
2023-03-19,ATH009,Muscle Up,12.5,3,15,8.0
2023-03-20,ATH001,Bench Press,110.0,5,6,9.5
2023-03-20,ATH001,Deadlift,267.5,5,3,9.0
2023-03-20,ATH001,Dumbbell Press,80.0,3,12,8.0
2023-03-20,ATH001,Bicep Curl,40.0,4,15,8.5
2023-03-20,ATH003,Squat,50.0,4,3,5.5
2023-03-20,ATH003,Overhead Press,45.0,4,12,6.0
2023-03-20,ATH003,Bicep Curl,17.5,3,12,7.0
2023-03-20,ATH004,Deadlift,152.5,5,6,7.0
2023-03-20,ATH004,Pull-up,20.0,4,10,7.5
2023-03-20,ATH008,Bench Press,99.0,3,8,8.5
2023-03-20,ATH008,Tricep Extension,27.5,3,15,6.5
2023-03-20,ATH008,Bicep Curl,40.0,3,8,6.5
2023-03-20,ATH009,Burpees,20.0,5,10,8.5
2023-03-20,ATH009,Rowing Machine,352.5,1,1424,7.5
2023-03-21,ATH002,Front Squat,105.0,4,8,7.0
2023-03-21,ATH002,Clean & Jerk,57.5,4,2,7.0
2023-03-21,ATH002,Face Pull,35.0,4,8,8.0
2023-03-21,ATH003,Deadlift,90.0,3,8,5.5
2023-03-21,ATH003,Squat,85.0,5,3,6.5
2023-03-21,ATH003,Calf Raise,35.0,4,10,7.5
2023-03-21,ATH003,Lateral Raise,12.5,4,10,6.0
2023-03-21,ATH003,Bicep Curl,20.0,3,10,6.0
2023-03-21,ATH004,Burpees,27.5,3,5,7.5
2023-03-21,ATH004,Deadlift,185.0,3,3,7.5
2023-03-21,ATH004,Muscle Up,15.0,5,20,8.0
2023-03-21,ATH008,Deadlift,168.75,5,8,8.0
2023-03-21,ATH008,Lateral Raise,22.5,3,15,7.0
2023-03-21,ATH008,Leg Curl,45.0,3,12,7.0
2023-03-21,ATH008,Bicep Curl,37.5,3,12,7.5
2023-03-22,ATH003,Deadlift,92.5,4,6,5.5
2023-03-22,ATH003,Leg Curl,27.5,4,15,6.5
2023-03-22,ATH003,Tricep Extension,17.5,4,12,6.5
2023-03-22,ATH003,Lateral Raise,7.5,4,10,6.5
2023-03-22,ATH004,Burpees,25.0,4,20,8.5
2023-03-22,ATH004,Pull-up,12.5,3,12,9.0
2023-03-22,ATH004,Handstand Push-up,5.0,5,10,8.5
2023-03-22,ATH004,Rowing Machine,402.5,1,603,7.0
2023-03-22,ATH008,Squat,115.0,3,3,7.5
2023-03-22,ATH008,Lateral Raise,30.0,3,10,7.0
2023-03-22,ATH008,Tricep Extension,30.0,4,15,6.5
2023-03-23,ATH004,Burpees,27.5,3,15,9.0
2023-03-23,ATH004,Box Jump,47.5,4,10,9.0
2023-03-23,ATH004,Pull-up,25.0,4,8,8.0
2023-03-23,ATH004,Rowing Machine,317.5,1,1584,8.5
2023-03-23,ATH004,Assault Bike,540.0,1,1384,8.0
2023-03-23,ATH006,Deadlift,370.0,5,6,10.0
2023-03-23,ATH006,Squat,255.0,5,6,9.5
2023-03-23,ATH006,Dumbbell Press,92.5,3,8,10.0
2023-03-23,ATH006,Lat Pulldown,140.0,4,8,8.5
2023-03-23,ATH007,Snatch,45.0,3,2,7.0
2023-03-23,ATH007,Face Pull,17.5,4,15,7.0
2023-03-24,ATH002,Clean & Jerk,70.0,3,3,8.5
2023-03-24,ATH002,Pull-up,22.5,4,12,9.0
2023-03-24,ATH002,Face Pull,40.0,3,8,7.5
2023-03-24,ATH002,Romanian Deadlift,92.5,4,10,7.0
2023-03-24,ATH004,Deadlift,152.5,3,6,7.5
2023-03-24,ATH004,Assault Bike,532.5,1,1898,9.0
2023-03-24,ATH004,Rowing Machine,410.0,1,859,7.5
2023-03-24,ATH007,Snatch,35.0,5,3,8.0
2023-03-24,ATH007,Front Squat,60.0,4,15,7.5
2023-03-24,ATH007,Pull-up,17.5,4,12,6.0
2023-03-24,ATH007,Face Pull,22.5,4,12,7.0
2023-03-24,ATH008,Overhead Press,72.5,4,10,8.0
2023-03-24,ATH008,Lateral Raise,28.875,3,15,8.5
2023-03-24,ATH009,Deadlift,182.5,4,6,7.0
2023-03-24,ATH009,Squat,100.0,5,5,7.5
2023-03-24,ATH009,Rowing Machine,405.0,1,916,8.5
2023-03-24,ATH009,Handstand Push-up,7.5,3,5,8.5
2023-03-24,ATH010,Deadlift,292.5,4,3,9.0
2023-03-24,ATH010,Log Press,107.5,4,10,9.0
2023-03-24,ATH010,Barbell Row,147.5,4,8,9.0
2023-03-24,ATH010,Overhead Press,75.0,3,12,8.5
2023-03-24,ATH010,Front Squat,150.0,4,8,9.5
2023-03-25,ATH002,Snatch,62.5,3,3,7.0
2023-03-25,ATH002,Romanian Deadlift,120.0,3,8,8.0
2023-03-25,ATH002,Face Pull,30.0,4,15,7.5
2023-03-25,ATH003,Squat,50.0,4,8,6.5
2023-03-25,ATH003,Overhead Press,22.5,4,15,8.0
2023-03-25,ATH003,Lateral Raise,10.0,4,15,5.5
2023-03-25,ATH003,Leg Curl,35.0,4,15,7.0
2023-03-25,ATH003,Bicep Curl,20.0,3,12,6.5
2023-03-25,ATH004,Deadlift,200.0,5,5,8.5
2023-03-25,ATH004,Pull-up,20.0,3,8,8.5
2023-03-25,ATH005,Log Press,57.5,4,10,8.5
2023-03-25,ATH005,Front Squat,92.5,3,12,9.0
2023-03-25,ATH005,Barbell Row,75.0,3,10,9.0
2023-03-25,ATH005,Overhead Press,55.0,3,12,8.0
2023-03-25,ATH006,Bench Press,175.0,3,5,9.0
2023-03-25,ATH006,Squat,275.0,5,5,9.0
2023-03-25,ATH006,Lat Pulldown,142.5,3,15,9.0
2023-03-25,ATH006,Barbell Row,150.0,4,12,10.0
2023-03-25,ATH006,Bicep Curl,55.0,3,10,9.0
2023-03-25,ATH007,Snatch,47.5,5,3,6.5
2023-03-25,ATH007,Clean & Jerk,60.0,4,3,7.5
2023-03-25,ATH007,Face Pull,27.5,3,12,7.5
2023-03-25,ATH008,Squat,122.5,3,6,7.0
2023-03-25,ATH008,Bicep Curl,30.0,3,12,8.0
2023-03-25,ATH009,Burpees,20.0,5,20,8.5
2023-03-25,ATH009,Muscle Up,12.5,4,5,7.0
2023-03-25,ATH009,Rowing Machine,344.25,1,1168,8.0
2023-03-25,ATH009,Pull-up,25.0,4,12,7.0
2023-03-26,ATH003,Overhead Press,47.5,3,15,6.0
2023-03-26,ATH003,Squat,95.0,3,5,7.0
2023-03-26,ATH003,Bicep Curl,17.5,4,10,6.0
2023-03-26,ATH005,Log Press,82.5,3,10,8.0
2023-03-26,ATH005,Deadlift,120.0,5,8,8.0
2023-03-26,ATH005,Barbell Row,80.0,3,12,9.0
2023-03-26,ATH005,Overhead Press,57.5,3,10,8.5
2023-03-26,ATH005,Front Squat,107.5,3,8,9.5
2023-03-26,ATH007,Clean & Jerk,55.0,5,1,7.5
2023-03-26,ATH007,Face Pull,24.75,4,8,8.0
2023-03-26,ATH009,Box Jump,45.0,3,10,8.5
2023-03-26,ATH009,Muscle Up,12.5,4,15,8.0
2023-03-26,ATH009,Pull-up,25.0,4,15,7.5
2023-03-26,ATH009,Assault Bike,485.0,1,532,9.0
2023-03-27,ATH001,Deadlift,247.5,3,3,8.5
2023-03-27,ATH001,Squat,184.5,4,6,10.0
2023-03-27,ATH001,Barbell Row,107.5,3,8,9.0
2023-03-27,ATH001,Bicep Curl,52.5,4,10,9.0
2023-03-27,ATH002,Snatch,67.5,4,2,7.0
2023-03-27,ATH002,Clean & Jerk,65.0,5,1,7.5
2023-03-27,ATH002,Face Pull,35.0,4,15,8.5
2023-03-27,ATH002,Overhead Press,45.0,3,10,7.5
2023-03-27,ATH003,Overhead Press,25.0,3,8,7.0
2023-03-27,ATH003,Deadlift,87.5,4,8,7.5
2023-03-27,ATH003,Leg Curl,32.5,3,12,7.0
2023-03-27,ATH004,Deadlift,165.0,3,8,8.5
2023-03-27,ATH004,Rowing Machine,387.5,1,1603,8.5
2023-03-27,ATH005,Log Press,75.0,4,15,9.5
2023-03-27,ATH005,Yoke Walk,250.0,4,8,9.0
2023-03-27,ATH005,Farmers Walk,130.0,3,15,8.5
2023-03-27,ATH005,Overhead Press,70.0,3,15,9.5
2023-03-27,ATH005,Barbell Row,97.5,4,15,9.0
2023-03-27,ATH008,Overhead Press,65.0,4,15,8.0
2023-03-27,ATH008,Squat,112.5,3,3,8.0
2023-03-27,ATH008,Lateral Raise,27.5,3,8,7.5
2023-03-27,ATH008,Calf Raise,57.5,3,10,6.5
2023-03-27,ATH008,Bicep Curl,37.5,4,8,7.5
2023-03-27,ATH009,Squat,102.5,3,8,7.5
2023-03-27,ATH009,Rowing Machine,372.5,1,653,7.5
2023-03-27,ATH009,Muscle Up,10.0,4,10,8.5
2023-03-27,ATH010,Stone Load,140.0,3,12,9.0
2023-03-27,ATH010,Yoke Walk,340.0,3,15,9.0
2023-03-27,ATH010,Farmers Walk,150.0,4,10,10.0
2023-03-27,ATH010,Front Squat,102.5,4,15,8.0
2023-03-27,ATH010,Overhead Press,102.5,4,15,9.5
2023-03-28,ATH002,Front Squat,105.0,3,8,7.0
2023-03-28,ATH002,Snatch,47.5,3,3,6.5
2023-03-28,ATH002,Face Pull,32.5,4,10,7.5
2023-03-28,ATH002,Overhead Press,45.0,3,12,7.5
2023-03-28,ATH002,Romanian Deadlift,90.0,3,8,7.0
2023-03-28,ATH003,Overhead Press,30.0,3,10,7.0
2023-03-28,ATH003,Tricep Extension,12.5,4,8,6.5
2023-03-28,ATH004,Burpees,30.0,5,5,8.0
2023-03-28,ATH004,Assault Bike,414.0,1,1053,9.0
2023-03-28,ATH004,Muscle Up,15.0,4,15,7.0
2023-03-28,ATH006,Deadlift,407.5,3,6,9.0
2023-03-28,ATH006,Barbell Row,200.0,4,10,8.5
2023-03-28,ATH007,Snatch,45.0,4,1,7.5
2023-03-28,ATH007,Romanian Deadlift,77.5,3,12,7.5
2023-03-28,ATH008,Deadlift,150.0,3,3,8.5
2023-03-28,ATH008,Calf Raise,67.5,3,8,6.5
2023-03-29,ATH001,Squat,167.5,5,5,8.0
2023-03-29,ATH001,Bench Press,135.0,4,6,10.0
2023-03-29,ATH001,Tricep Extension,30.0,4,15,9.5
2023-03-29,ATH003,Overhead Press,40.0,4,12,7.0
2023-03-29,ATH003,Bench Press,50.0,4,5,6.0
2023-03-29,ATH003,Tricep Extension,12.5,4,8,7.0
2023-03-29,ATH003,Calf Raise,27.0,4,8,8.0
2023-03-29,ATH004,Deadlift,150.0,4,5,8.5
2023-03-29,ATH004,Pull-up,22.5,3,8,7.0
2023-03-29,ATH004,Rowing Machine,417.5,1,1967,8.0
2023-03-29,ATH004,Muscle Up,12.5,4,10,8.0
2023-03-29,ATH007,Clean & Jerk,52.5,5,2,7.5
2023-03-29,ATH007,Face Pull,25.0,3,15,6.0
2023-03-29,ATH008,Overhead Press,67.5,3,8,8.0
2023-03-29,ATH008,Bench Press,75.0,5,5,6.5
2023-03-29,ATH008,Tricep Extension,22.5,3,8,6.5
2023-03-30,ATH002,Snatch,37.5,3,2,8.0
2023-03-30,ATH002,Front Squat,75.0,3,10,7.5
2023-03-30,ATH002,Overhead Press,55.0,4,12,8.5
2023-03-30,ATH004,Box Jump,38.25,4,5,9.0
2023-03-30,ATH004,Deadlift,132.5,3,6,8.0
2023-03-30,ATH004,Rowing Machine,385.0,1,672,7.5
2023-03-30,ATH004,Muscle Up,12.5,3,10,7.5
2023-03-30,ATH005,Yoke Walk,312.5,4,15,10.0
2023-03-30,ATH005,Log Press,85.0,4,12,9.5
2023-03-30,ATH005,Overhead Press,60.0,4,12,8.5
2023-03-30,ATH006,Squat,255.0,4,8,9.0
2023-03-30,ATH006,Dumbbell Press,80.0,3,8,9.5
2023-03-30,ATH006,Lat Pulldown,165.0,3,8,9.5
2023-03-30,ATH006,Tricep Extension,65.0,3,10,9.0
2023-03-30,ATH009,Burpees,25.0,4,5,7.5
2023-03-30,ATH009,Muscle Up,15.0,3,5,8.0
2023-03-31,ATH002,Snatch,70.0,4,1,7.5
2023-03-31,ATH002,Front Squat,102.5,4,15,7.0
2023-03-31,ATH002,Overhead Press,49.5,3,8,8.0
2023-03-31,ATH002,Romanian Deadlift,107.5,4,15,8.0
2023-03-31,ATH003,Bench Press,60.0,4,5,6.5
2023-03-31,ATH003,Overhead Press,40.0,3,10,5.5
2023-03-31,ATH003,Leg Curl,25.0,3,8,6.5
2023-03-31,ATH008,Overhead Press,67.5,4,15,7.5
2023-03-31,ATH008,Leg Curl,42.5,4,8,8.5
2023-03-31,ATH008,Bicep Curl,37.5,3,15,7.5
2023-03-31,ATH008,Tricep Extension,25.0,3,8,8.0
2023-03-31,ATH009,Squat,172.5,5,8,9.0
2023-03-31,ATH009,Rowing Machine,342.5,1,1353,8.0
2023-04-01,ATH003,Bench Press,52.5,3,5,6.5
2023-04-01,ATH003,Tricep Extension,17.5,4,8,6.5
2023-04-01,ATH003,Leg Curl,32.5,3,8,7.5
2023-04-01,ATH003,Bicep Curl,17.5,4,8,7.0
2023-04-01,ATH004,Deadlift,127.5,5,3,9.0
2023-04-01,ATH004,Burpees,22.5,4,20,8.0
2023-04-01,ATH004,Muscle Up,10.0,5,20,7.0
2023-04-01,ATH004,Handstand Push-up,10.0,3,5,7.0
2023-04-01,ATH004,Pull-up,18.0,3,8,9.0
2023-04-01,ATH005,Yoke Walk,357.5,4,12,9.5
2023-04-01,ATH005,Front Squat,102.5,4,8,9.5
2023-04-01,ATH005,Barbell Row,87.5,4,8,8.0
2023-04-01,ATH007,Snatch,47.5,4,2,7.5
2023-04-01,ATH007,Overhead Press,42.5,4,15,6.5
2023-04-01,ATH007,Face Pull,25.0,3,15,6.0
2023-04-01,ATH007,Romanian Deadlift,87.5,4,8,6.0
2023-04-01,ATH008,Bench Press,105.0,5,3,7.5
2023-04-01,ATH008,Deadlift,120.0,4,3,7.0
2023-04-01,ATH008,Tricep Extension,35.0,4,10,7.0
2023-04-01,ATH008,Calf Raise,54.0,4,8,8.5
2023-04-01,ATH009,Squat,137.5,4,8,9.0
2023-04-01,ATH009,Assault Bike,482.5,1,1176,8.5
2023-04-01,ATH009,Muscle Up,12.5,3,15,7.0
2023-04-01,ATH010,Stone Load,128.25,4,15,9.5
2023-04-01,ATH010,Yoke Walk,405.0,4,15,8.0
2023-04-01,ATH010,Front Squat,152.5,3,8,8.5
2023-04-01,ATH010,Overhead Press,95.0,3,10,8.0
2023-04-01,ATH010,Barbell Row,140.0,3,15,9.5
2023-04-02,ATH001,Bench Press,110.0,4,5,9.0
2023-04-02,ATH001,Squat,197.5,5,5,9.5
2023-04-02,ATH001,Lat Pulldown,102.5,4,8,9.5
2023-04-02,ATH001,Bicep Curl,55.0,3,8,9.5
2023-04-02,ATH001,Dumbbell Press,72.5,3,8,9.0
2023-04-02,ATH003,Deadlift,92.5,3,3,6.0
2023-04-02,ATH003,Lateral Raise,12.5,4,12,7.0
2023-04-02,ATH005,Stone Load,105.0,4,10,9.5
2023-04-02,ATH005,Front Squat,97.5,3,10,8.5
2023-04-02,ATH006,Squat,232.5,3,6,10.0
2023-04-02,ATH006,Barbell Row,180.0,4,15,9.0
2023-04-02,ATH007,Snatch,40.0,3,3,7.0
2023-04-02,ATH007,Romanian Deadlift,90.0,4,8,7.0
2023-04-02,ATH007,Face Pull,27.5,4,8,6.0
2023-04-02,ATH007,Pull-up,15.0,3,12,6.0
2023-04-02,ATH008,Deadlift,177.75,5,8,8.0
2023-04-02,ATH008,Bicep Curl,40.0,3,10,8.0
2023-04-02,ATH008,Tricep Extension,37.5,4,8,7.0
2023-04-02,ATH009,Deadlift,187.5,3,8,8.5
2023-04-02,ATH009,Box Jump,52.5,3,15,7.5
2023-04-02,ATH009,Handstand Push-up,7.5,3,15,7.5
2023-04-02,ATH009,Muscle Up,10.0,3,5,9.0
2023-04-03,ATH002,Front Squat,62.5,4,15,7.5
2023-04-03,ATH002,Clean & Jerk,57.5,4,1,7.0
2023-04-03,ATH002,Pull-up,22.5,4,12,7.0
2023-04-03,ATH004,Burpees,27.5,4,20,7.5
2023-04-03,ATH004,Pull-up,12.5,3,15,7.5
2023-04-03,ATH007,Snatch,42.5,5,1,6.5
2023-04-03,ATH007,Clean & Jerk,42.75,5,3,8.0
2023-04-03,ATH007,Overhead Press,40.0,4,10,7.5
2023-04-03,ATH007,Romanian Deadlift,77.5,3,12,7.0
2023-04-03,ATH008,Bench Press,107.5,5,3,7.0
2023-04-03,ATH008,Squat,172.5,5,8,7.0
2023-04-03,ATH008,Tricep Extension,25.0,3,12,7.0
2023-04-03,ATH009,Deadlift,182.5,4,3,8.0
2023-04-03,ATH009,Rowing Machine,332.5,1,1310,7.5
2023-04-03,ATH010,Stone Load,105.0,4,15,10.0
2023-04-03,ATH010,Overhead Press,62.5,3,12,8.5
2023-04-03,ATH010,Front Squat,122.5,4,12,8.5
2023-04-04,ATH001,Deadlift,190.0,3,8,8.0
2023-04-04,ATH001,Dumbbell Press,67.5,4,12,8.5
2023-04-04,ATH002,Snatch,50.0,3,1,7.5
2023-04-04,ATH002,Overhead Press,40.0,4,12,8.0
2023-04-04,ATH002,Romanian Deadlift,85.0,3,15,7.0
2023-04-04,ATH002,Face Pull,42.5,4,8,6.5
2023-04-04,ATH007,Clean & Jerk,58.5,5,3,8.0
2023-04-04,ATH007,Overhead Press,50.0,3,8,8.0
2023-04-04,ATH007,Romanian Deadlift,97.5,3,8,7.5
2023-04-04,ATH009,Burpees,30.0,3,15,8.5
2023-04-04,ATH009,Pull-up,17.5,3,15,8.5
2023-04-04,ATH009,Rowing Machine,410.0,1,683,8.0
2023-04-05,ATH001,Deadlift,275.0,5,6,9.5
2023-04-05,ATH001,Dumbbell Press,75.0,3,15,10.0
2023-04-05,ATH002,Clean & Jerk,60.0,5,2,8.0
2023-04-05,ATH002,Snatch,70.875,5,2,8.0
2023-04-05,ATH002,Face Pull,40.0,3,8,7.0
2023-04-05,ATH002,Overhead Press,55.0,3,10,7.5
2023-04-05,ATH002,Romanian Deadlift,99.75,3,10,8.0
2023-04-05,ATH003,Bench Press,45.0,4,3,7.0
2023-04-05,ATH003,Bicep Curl,20.0,4,12,7.0
2023-04-05,ATH003,Lateral Raise,10.0,4,10,6.0
2023-04-05,ATH004,Box Jump,55.125,3,15,8.5
2023-04-05,ATH004,Burpees,27.5,5,15,8.0
2023-04-05,ATH004,Pull-up,12.5,3,15,8.0
2023-04-05,ATH004,Muscle Up,10.0,4,15,8.0
2023-04-05,ATH004,Assault Bike,517.5,1,748,7.5
2023-04-05,ATH006,Squat,237.5,5,3,8.5
2023-04-05,ATH006,Dumbbell Press,67.5,4,10,9.0
2023-04-05,ATH006,Barbell Row,142.5,4,15,9.0
2023-04-05,ATH007,Front Squat,67.5,3,8,6.5
2023-04-05,ATH007,Snatch,40.0,5,3,6.5
2023-04-05,ATH007,Overhead Press,57.5,4,15,7.5
2023-04-05,ATH007,Romanian Deadlift,65.0,3,12,6.5
2023-04-05,ATH007,Face Pull,30.0,3,15,6.0
2023-04-05,ATH008,Deadlift,150.0,4,8,7.0
2023-04-05,ATH008,Calf Raise,57.5,3,10,7.0
2023-04-05,ATH008,Leg Curl,45.0,4,10,8.0
2023-04-05,ATH008,Lateral Raise,27.5,3,8,8.0
2023-04-05,ATH010,Deadlift,189.0,3,5,9.5
2023-04-05,ATH010,Overhead Press,107.5,3,8,10.0
2023-04-06,ATH001,Deadlift,195.75,5,8,10.5
2023-04-06,ATH001,Bicep Curl,47.5,4,12,9.0
2023-04-06,ATH001,Tricep Extension,35.0,4,10,9.5
2023-04-06,ATH004,Burpees,25.0,3,20,8.5
2023-04-06,ATH004,Muscle Up,10.0,4,5,9.0
2023-04-06,ATH006,Deadlift,340.0,5,5,10.0
2023-04-06,ATH006,Dumbbell Press,97.5,4,8,10.0
2023-04-06,ATH006,Bicep Curl,57.5,4,8,10.0
2023-04-06,ATH006,Barbell Row,207.375,3,10,10.0
2023-04-06,ATH007,Clean & Jerk,57.5,5,2,6.5
2023-04-06,ATH007,Face Pull,22.5,3,10,6.5
2023-04-06,ATH007,Pull-up,7.5,3,12,7.0
2023-04-06,ATH008,Overhead Press,70.0,3,15,8.5
2023-04-06,ATH008,Deadlift,152.5,3,5,8.0
2023-04-06,ATH008,Leg Curl,47.5,3,15,7.5
2023-04-06,ATH009,Deadlift,162.0,3,6,9.0
2023-04-06,ATH009,Rowing Machine,332.5,1,658,7.5
2023-04-06,ATH009,Muscle Up,12.5,5,15,8.5
2023-04-07,ATH003,Bench Press,62.5,3,3,6.5
2023-04-07,ATH003,Squat,65.0,5,5,7.5
2023-04-07,ATH003,Bicep Curl,17.5,3,8,6.5
2023-04-07,ATH007,Front Squat,42.75,4,8,8.0
2023-04-07,ATH007,Clean & Jerk,52.5,5,3,7.5
2023-04-07,ATH007,Overhead Press,36.0,3,8,8.0
2023-04-07,ATH007,Pull-up,5.0,4,12,7.5
2023-04-07,ATH007,Face Pull,27.5,4,12,7.0
2023-04-07,ATH009,Deadlift,142.5,3,5,7.5
2023-04-07,ATH009,Box Jump,37.5,3,10,8.5
2023-04-07,ATH009,Muscle Up,10.0,5,5,7.5
2023-04-07,ATH009,Pull-up,30.0,4,15,8.5
2023-04-07,ATH010,Stone Load,167.5,3,10,8.5
2023-04-07,ATH010,Barbell Row,107.5,4,15,8.5
2023-04-07,ATH010,Front Squat,162.5,4,10,9.0
2023-04-08,ATH003,Deadlift,65.0,5,8,7.5
2023-04-08,ATH003,Tricep Extension,10.0,4,12,6.0
2023-04-08,ATH004,Squat,110.0,3,6,8.0
2023-04-08,ATH004,Box Jump,47.5,4,10,8.5
2023-04-08,ATH004,Pull-up,22.5,3,8,7.0
2023-04-08,ATH005,Yoke Walk,325.0,4,10,9.0
2023-04-08,ATH005,Farmers Walk,130.0,4,8,8.0
2023-04-08,ATH005,Barbell Row,82.5,4,8,8.0
2023-04-08,ATH008,Deadlift,157.5,4,5,7.5
2023-04-08,ATH008,Lateral Raise,25.0,4,10,7.5
2023-04-08,ATH008,Tricep Extension,32.5,4,15,7.5
2023-04-08,ATH009,Deadlift,145.0,4,6,8.0
2023-04-08,ATH009,Rowing Machine,312.5,1,1336,8.5
2023-04-08,ATH010,Yoke Walk,322.5,3,8,9.0
2023-04-08,ATH010,Front Squat,107.5,3,10,8.0
2023-04-09,ATH001,Deadlift,182.5,3,3,9.5
2023-04-09,ATH001,Bench Press,167.5,4,6,9.0
2023-04-09,ATH001,Tricep Extension,52.5,4,10,8.0
2023-04-09,ATH003,Overhead Press,27.5,4,10,6.5
2023-04-09,ATH003,Bench Press,77.5,3,3,6.5
2023-04-09,ATH003,Leg Curl,37.5,3,12,7.0
2023-04-09,ATH004,Deadlift,207.0,3,3,8.0
2023-04-09,ATH004,Pull-up,30.0,4,8,7.5
2023-04-09,ATH004,Rowing Machine,375.0,1,1853,7.0
2023-04-09,ATH004,Assault Bike,457.5,1,1267,8.0
2023-04-09,ATH009,Deadlift,197.5,5,6,7.5
2023-04-09,ATH009,Assault Bike,550.0,1,1441,9.0
2023-04-09,ATH009,Muscle Up,12.5,5,5,8.5
2023-04-09,ATH009,Pull-up,26.25,4,15,8.5
2023-04-10,ATH002,Snatch,50.0,4,2,8.5
2023-04-10,ATH002,Front Squat,105.0,3,10,7.0
2023-04-10,ATH002,Pull-up,27.5,4,8,8.0
2023-04-10,ATH002,Overhead Press,40.0,4,12,7.5
2023-04-10,ATH002,Face Pull,30.0,4,10,8.0
2023-04-10,ATH003,Deadlift,87.5,4,8,6.5
2023-04-10,ATH003,Overhead Press,45.0,4,10,6.5
2023-04-10,ATH003,Leg Curl,35.0,4,12,6.5
2023-04-10,ATH003,Lateral Raise,15.0,3,15,7.0
2023-04-10,ATH004,Deadlift,212.5,5,8,9.0
2023-04-10,ATH004,Muscle Up,15.0,3,20,8.5
2023-04-10,ATH004,Assault Bike,547.5,1,899,7.0
2023-04-10,ATH004,Pull-up,25.0,4,10,8.0
2023-04-10,ATH007,Snatch,38.25,4,2,8.5
2023-04-10,ATH007,Clean & Jerk,37.5,4,1,6.5
2023-04-10,ATH007,Overhead Press,52.5,3,10,6.5
2023-04-10,ATH009,Burpees,30.0,4,20,8.5
2023-04-10,ATH009,Squat,167.5,4,8,8.5
2023-04-10,ATH009,Muscle Up,12.5,4,5,9.0
2023-04-10,ATH009,Rowing Machine,392.5,1,1705,7.0
2023-04-10,ATH009,Pull-up,22.5,4,8,8.0
2023-04-11,ATH002,Clean & Jerk,74.25,3,3,8.5
2023-04-11,ATH002,Front Squat,85.0,4,8,7.5
2023-04-11,ATH002,Face Pull,40.0,3,10,6.5
2023-04-11,ATH002,Overhead Press,60.0,3,15,7.0
2023-04-11,ATH003,Overhead Press,40.5,4,10,8.5
2023-04-11,ATH003,Bicep Curl,25.0,3,12,6.0
2023-04-11,ATH003,Leg Curl,20.0,4,8,7.0
2023-04-11,ATH003,Tricep Extension,10.0,3,15,6.5
2023-04-11,ATH006,Deadlift,397.5,4,5,9.5
2023-04-11,ATH006,Barbell Row,165.0,3,12,9.0
2023-04-11,ATH006,Dumbbell Press,75.0,4,10,9.5
2023-04-11,ATH006,Tricep Extension,65.0,4,8,10.0
2023-04-11,ATH009,Box Jump,47.5,3,10,9.0
2023-04-11,ATH009,Squat,102.5,3,8,8.0
2023-04-11,ATH009,Rowing Machine,432.5,1,1290,7.5
2023-04-12,ATH002,Snatch,42.5,4,2,7.5
2023-04-12,ATH002,Face Pull,37.5,4,15,7.5
2023-04-12,ATH002,Overhead Press,55.0,3,10,8.0
2023-04-12,ATH002,Pull-up,30.0,4,8,8.0
2023-04-12,ATH003,Bench Press,52.5,5,8,6.0
2023-04-12,ATH003,Deadlift,67.5,5,3,7.0
2023-04-12,ATH003,Tricep Extension,20.0,4,15,6.0
2023-04-12,ATH004,Deadlift,197.5,3,6,8.5
2023-04-12,ATH004,Assault Bike,502.5,1,576,8.5
2023-04-12,ATH004,Handstand Push-up,13.125,3,5,8.5
2023-04-12,ATH004,Pull-up,31.5,3,15,8.0
2023-04-12,ATH005,Stone Load,117.5,4,8,8.5
2023-04-12,ATH005,Front Squat,120.0,3,8,8.0
2023-04-12,ATH005,Overhead Press,82.5,3,15,9.0
2023-04-12,ATH008,Bench Press,92.5,4,3,8.0
2023-04-12,ATH008,Tricep Extension,29.25,3,10,8.0
2023-04-12,ATH008,Leg Curl,50.0,3,15,8.0
2023-04-12,ATH008,Bicep Curl,32.5,4,8,8.0
2023-04-12,ATH009,Squat,140.0,5,5,9.0
2023-04-12,ATH009,Handstand Push-up,7.5,3,10,7.5
2023-04-13,ATH003,Overhead Press,30.0,3,8,6.0
2023-04-13,ATH003,Deadlift,115.0,4,3,7.5
2023-04-13,ATH003,Lateral Raise,10.0,3,12,6.0
2023-04-13,ATH003,Tricep Extension,20.0,4,12,6.5
2023-04-13,ATH003,Calf Raise,30.0,3,12,5.5
2023-04-13,ATH004,Burpees,20.0,4,10,8.0
2023-04-13,ATH004,Squat,170.0,3,6,7.0
2023-04-13,ATH004,Assault Bike,567.5,1,985,8.0
2023-04-13,ATH004,Rowing Machine,350.0,1,1470,8.0
2023-04-13,ATH005,Yoke Walk,308.25,3,12,10.0
2023-04-13,ATH005,Farmers Walk,140.0,4,8,9.5
2023-04-13,ATH005,Barbell Row,90.0,4,10,9.5
2023-04-13,ATH007,Snatch,40.0,4,3,7.0
2023-04-13,ATH007,Romanian Deadlift,90.0,4,12,6.5
2023-04-13,ATH007,Pull-up,15.0,3,8,7.0
2023-04-13,ATH007,Face Pull,20.0,3,15,8.0
2023-04-13,ATH008,Deadlift,117.5,3,8,7.5
2023-04-13,ATH008,Bench Press,110.0,5,8,7.5
2023-04-13,ATH008,Calf Raise,55.0,4,15,8.5
2023-04-13,ATH009,Deadlift,205.0,4,8,8.5
2023-04-13,ATH009,Squat,125.0,4,3,8.0
2023-04-13,ATH009,Rowing Machine,367.5,1,519,9.0
2023-04-13,ATH009,Assault Bike,537.5,1,755,8.5
2023-04-13,ATH009,Pull-up,22.5,3,8,8.0
2023-04-13,ATH010,Deadlift,217.5,4,6,8.5
2023-04-13,ATH010,Stone Load,177.5,3,10,8.5
2023-04-13,ATH010,Barbell Row,97.5,4,8,9.0
2023-04-13,ATH010,Farmers Walk,132.5,4,10,9.0
2023-04-13,ATH010,Overhead Press,105.0,4,8,9.0
2023-04-14,ATH002,Front Squat,102.5,4,15,7.0
2023-04-14,ATH002,Snatch,37.5,4,3,7.0
2023-04-14,ATH002,Face Pull,42.5,4,15,7.0
2023-04-14,ATH002,Overhead Press,62.5,3,15,7.0
2023-04-14,ATH003,Overhead Press,42.5,4,15,5.5
2023-04-14,ATH003,Squat,75.0,5,6,7.5
2023-04-14,ATH003,Bicep Curl,15.0,3,10,5.5
2023-04-14,ATH003,Lateral Raise,7.5,4,10,7.5
2023-04-14,ATH003,Calf Raise,32.5,4,12,6.5
2023-04-14,ATH004,Deadlift,157.5,4,8,8.0
2023-04-14,ATH004,Rowing Machine,390.0,1,1711,8.5
2023-04-14,ATH004,Handstand Push-up,10.0,3,15,8.5
2023-04-14,ATH004,Assault Bike,502.5,1,613,8.0
2023-04-14,ATH005,Yoke Walk,297.5,3,12,9.0
2023-04-14,ATH005,Deadlift,195.0,3,8,9.0
2023-04-14,ATH005,Front Squat,105.0,4,10,8.5
2023-04-14,ATH005,Overhead Press,67.5,4,8,9.5
2023-04-14,ATH005,Farmers Walk,99.0,3,12,10.5
2023-04-14,ATH007,Front Squat,60.0,4,15,7.5
2023-04-14,ATH007,Snatch,37.5,3,1,6.5
2023-04-14,ATH007,Overhead Press,52.5,4,12,8.0
2023-04-14,ATH008,Bench Press,105.0,4,5,8.0
2023-04-14,ATH008,Squat,147.5,4,5,8.0
2023-04-14,ATH008,Lateral Raise,20.25,3,12,8.5
2023-04-14,ATH009,Deadlift,217.5,3,3,7.0
2023-04-14,ATH009,Assault Bike,422.5,1,1828,7.5
2023-04-15,ATH001,Deadlift,335.0,3,6,8.5
2023-04-15,ATH001,Squat,182.5,5,8,8.0
2023-04-15,ATH001,Dumbbell Press,55.0,4,8,9.0
2023-04-15,ATH001,Bicep Curl,42.5,4,10,9.5
2023-04-15,ATH006,Squat,335.0,3,6,9.0
2023-04-15,ATH006,Bicep Curl,82.5,4,8,10.0
2023-04-15,ATH007,Front Squat,60.0,3,15,6.0
2023-04-15,ATH007,Snatch,50.0,3,1,7.5
2023-04-15,ATH007,Overhead Press,37.5,3,15,7.5
2023-04-15,ATH007,Pull-up,12.5,3,8,6.5
2023-04-15,ATH007,Romanian Deadlift,97.5,4,10,6.0
2023-04-15,ATH008,Deadlift,177.5,5,3,7.0
2023-04-15,ATH008,Overhead Press,55.0,4,12,8.0
2023-04-15,ATH008,Lateral Raise,27.5,3,8,7.0
2023-04-15,ATH008,Leg Curl,49.5,3,10,9.0
2023-04-15,ATH010,Deadlift,217.5,3,5,9.0
2023-04-15,ATH010,Log Press,85.0,4,8,9.5
2023-04-15,ATH010,Front Squat,127.5,4,15,10.0
2023-04-15,ATH010,Farmers Walk,192.5,3,12,10.0
2023-04-15,ATH010,Overhead Press,101.25,3,12,9.5
2023-04-16,ATH001,Deadlift,210.0,5,5,8.5
2023-04-16,ATH001,Bench Press,127.5,3,6,9.5
2023-04-16,ATH001,Bicep Curl,57.5,3,15,9.5
2023-04-16,ATH001,Barbell Row,107.5,4,12,9.0
2023-04-16,ATH002,Snatch,62.5,4,2,6.5
2023-04-16,ATH002,Overhead Press,47.5,3,12,7.0
2023-04-16,ATH002,Pull-up,17.5,4,15,7.0
2023-04-16,ATH003,Deadlift,100.0,3,3,6.0
2023-04-16,ATH003,Bicep Curl,20.0,3,8,6.0
2023-04-16,ATH003,Lateral Raise,17.5,3,8,5.5
2023-04-16,ATH004,Deadlift,217.5,3,6,7.5
2023-04-16,ATH004,Box Jump,47.5,5,10,9.0
2023-04-16,ATH004,Muscle Up,12.5,4,20,8.5
2023-04-16,ATH006,Bench Press,220.0,4,8,9.0
2023-04-16,ATH006,Squat,310.0,4,5,10.0
2023-04-16,ATH006,Dumbbell Press,92.5,4,15,10.0
2023-04-16,ATH006,Tricep Extension,62.5,3,12,10.0
2023-04-16,ATH006,Lat Pulldown,120.0,3,10,10.0
2023-04-17,ATH003,Bench Press,52.5,4,6,6.5
2023-04-17,ATH003,Deadlift,70.0,4,3,7.0
2023-04-17,ATH003,Bicep Curl,22.5,4,10,6.0
2023-04-17,ATH004,Deadlift,140.0,3,6,9.0
2023-04-17,ATH004,Squat,167.5,5,5,8.0
2023-04-17,ATH004,Muscle Up,15.0,4,5,9.0
2023-04-17,ATH004,Pull-up,15.75,3,10,8.5
2023-04-17,ATH004,Assault Bike,447.5,1,693,9.0
2023-04-17,ATH008,Bench Press,125.0,3,5,7.0
2023-04-17,ATH008,Squat,150.0,5,8,7.0
2023-04-17,ATH008,Bicep Curl,32.5,3,10,8.5
2023-04-17,ATH008,Leg Curl,50.0,3,10,7.0
2023-04-17,ATH008,Lateral Raise,23.625,3,10,7.5
2023-04-17,ATH010,Stone Load,145.0,4,8,8.0
2023-04-17,ATH010,Front Squat,142.5,3,15,9.0
2023-04-18,ATH001,Bench Press,122.5,4,8,10.0
2023-04-18,ATH001,Deadlift,277.5,4,6,9.5
2023-04-18,ATH001,Barbell Row,117.5,4,8,8.5
2023-04-18,ATH003,Deadlift,76.125,3,3,8.0
2023-04-18,ATH003,Lateral Raise,12.5,4,15,6.0
2023-04-18,ATH004,Squat,177.5,3,5,8.0
2023-04-18,ATH004,Handstand Push-up,12.5,4,20,8.5
2023-04-18,ATH004,Pull-up,15.75,3,12,10.0
2023-04-18,ATH007,Snatch,47.5,4,3,7.0
2023-04-18,ATH007,Front Squat,57.5,3,15,6.0
2023-04-18,ATH007,Pull-up,17.5,3,10,7.5
2023-04-18,ATH009,Deadlift,172.5,4,3,9.0
2023-04-18,ATH009,Squat,137.5,4,3,7.5
2023-04-18,ATH009,Assault Bike,557.5,1,1251,8.5
2023-04-19,ATH003,Bench Press,38.25,3,3,8.0
2023-04-19,ATH003,Deadlift,62.5,5,5,6.0
2023-04-19,ATH003,Lateral Raise,17.5,3,12,7.0
2023-04-19,ATH003,Leg Curl,20.0,4,15,7.0
2023-04-19,ATH003,Calf Raise,27.5,3,15,7.5
2023-04-19,ATH004,Burpees,20.0,4,10,8.0
2023-04-19,ATH004,Squat,120.0,3,5,7.5
2023-04-19,ATH004,Handstand Push-up,12.5,3,5,8.0
2023-04-19,ATH004,Pull-up,17.5,4,12,7.5
2023-04-19,ATH006,Bench Press,160.0,4,3,10.0
2023-04-19,ATH006,Squat,330.0,5,6,10.0
2023-04-19,ATH006,Bicep Curl,50.0,4,10,9.5
2023-04-19,ATH006,Dumbbell Press,115.0,3,15,8.5
2023-04-19,ATH007,Clean & Jerk,56.25,3,1,9.0
2023-04-19,ATH007,Face Pull,22.5,3,8,7.5
2023-04-19,ATH007,Overhead Press,60.0,3,8,7.0
2023-04-19,ATH007,Romanian Deadlift,80.0,4,12,6.0
2023-04-19,ATH008,Deadlift,152.5,3,3,8.0
2023-04-19,ATH008,Calf Raise,55.0,4,15,8.0
2023-04-19,ATH009,Box Jump,52.5,3,20,8.5
2023-04-19,ATH009,Burpees,32.5,5,20,8.0
2023-04-19,ATH009,Handstand Push-up,10.0,4,15,9.0
2023-04-19,ATH010,Log Press,127.5,3,10,9.5
2023-04-19,ATH010,Front Squat,152.5,3,10,8.5
2023-04-19,ATH010,Barbell Row,105.0,3,15,9.0
2023-04-19,ATH010,Farmers Walk,145.0,4,15,8.5
2023-04-20,ATH001,Bench Press,155.0,5,8,8.5
2023-04-20,ATH001,Barbell Row,125.0,4,12,9.0
2023-04-20,ATH001,Lat Pulldown,140.0,4,10,8.5
2023-04-20,ATH001,Bicep Curl,52.5,3,10,9.5
2023-04-20,ATH006,Squat,295.0,4,5,10.0
2023-04-20,ATH006,Deadlift,327.5,3,5,8.5
2023-04-20,ATH006,Lat Pulldown,162.0,3,15,10.0
2023-04-20,ATH007,Snatch,32.5,5,2,8.0
2023-04-20,ATH007,Overhead Press,52.5,4,12,7.0
2023-04-20,ATH007,Face Pull,26.25,4,15,6.5
2023-04-20,ATH009,Deadlift,175.0,5,5,7.5
2023-04-20,ATH009,Box Jump,45.0,5,20,9.0
2023-04-20,ATH009,Muscle Up,15.0,5,20,7.5
2023-04-20,ATH009,Assault Bike,530.0,1,912,7.5
2023-04-20,ATH009,Handstand Push-up,5.0,3,20,8.5
2023-04-20,ATH010,Log Press,125.0,3,8,9.0
2023-04-20,ATH010,Yoke Walk,330.0,4,12,10.0
2023-04-20,ATH010,Barbell Row,105.0,4,12,9.0
2023-04-20,ATH010,Front Squat,172.5,3,12,9.0
2023-04-21,ATH001,Bench Press,130.0,4,6,10.0
2023-04-21,ATH001,Tricep Extension,37.5,3,15,10.0
2023-04-21,ATH002,Snatch,55.0,4,1,7.5
2023-04-21,ATH002,Front Squat,120.0,4,15,7.5
2023-04-21,ATH002,Overhead Press,67.5,3,10,8.5
2023-04-21,ATH003,Overhead Press,45.0,4,12,6.5
2023-04-21,ATH003,Tricep Extension,20.0,4,8,6.0
2023-04-21,ATH004,Squat,172.5,3,8,8.0
2023-04-21,ATH004,Box Jump,55.0,3,15,8.5
2023-04-21,ATH004,Pull-up,27.5,3,8,9.0
2023-04-21,ATH007,Snatch,47.5,5,2,7.0
2023-04-21,ATH007,Clean & Jerk,37.5,5,2,7.5
2023-04-21,ATH007,Pull-up,12.5,3,15,7.0
2023-04-21,ATH007,Romanian Deadlift,87.5,3,10,7.0
2023-04-21,ATH008,Bench Press,122.5,4,5,7.5
2023-04-21,ATH008,Squat,137.5,3,5,7.5
2023-04-21,ATH008,Calf Raise,80.0,4,10,7.5
2023-04-21,ATH008,Tricep Extension,32.5,4,12,7.5
2023-04-21,ATH008,Leg Curl,45.0,4,10,8.5
2023-04-22,ATH002,Front Squat,102.5,3,10,8.5
2023-04-22,ATH002,Face Pull,45.0,4,12,8.5
2023-04-22,ATH002,Pull-up,22.5,3,8,8.0
2023-04-22,ATH002,Romanian Deadlift,107.5,4,15,6.5
2023-04-22,ATH003,Deadlift,92.5,4,8,6.5
2023-04-22,ATH003,Leg Curl,22.5,3,8,5.5
2023-04-22,ATH003,Tricep Extension,15.0,3,8,6.5
2023-04-22,ATH009,Box Jump,60.375,5,15,8.5
2023-04-22,ATH009,Squat,147.5,5,8,9.0
2023-04-22,ATH009,Rowing Machine,435.0,1,1682,7.5
2023-04-22,ATH009,Muscle Up,15.0,4,15,8.0
2023-04-22,ATH010,Log Press,125.0,3,10,9.0
2023-04-22,ATH010,Farmers Walk,185.0,4,12,9.5
2023-04-23,ATH002,Snatch,47.5,3,3,7.5
2023-04-23,ATH002,Pull-up,15.0,4,15,8.5
2023-04-23,ATH002,Romanian Deadlift,97.5,4,8,8.5
2023-04-23,ATH002,Overhead Press,72.5,4,8,7.0
2023-04-23,ATH003,Deadlift,92.5,3,5,5.5
2023-04-23,ATH003,Bench Press,37.5,4,5,6.5
2023-04-23,ATH003,Tricep Extension,17.5,3,12,5.5
2023-04-23,ATH003,Lateral Raise,7.5,3,8,7.5
2023-04-23,ATH004,Box Jump,38.25,4,10,8.0
2023-04-23,ATH004,Muscle Up,15.0,4,5,7.5
2023-04-23,ATH004,Assault Bike,557.5,1,1098,9.0
2023-04-23,ATH004,Rowing Machine,410.0,1,1054,8.0
2023-04-23,ATH006,Deadlift,312.5,5,5,9.5
2023-04-23,ATH006,Bench Press,240.0,5,8,9.5
2023-04-23,ATH006,Barbell Row,190.0,3,12,9.0
2023-04-23,ATH006,Lat Pulldown,140.0,3,15,8.5
2023-04-23,ATH007,Clean & Jerk,47.5,3,1,6.5
2023-04-23,ATH007,Romanian Deadlift,67.5,4,8,6.5
2023-04-23,ATH007,Pull-up,18.375,4,15,8.0
2023-04-24,ATH002,Snatch,47.5,4,1,8.0
2023-04-24,ATH002,Clean & Jerk,65.0,3,1,7.5
2023-04-24,ATH002,Romanian Deadlift,117.5,4,12,6.5
2023-04-24,ATH002,Face Pull,27.5,4,8,7.5
2023-04-24,ATH002,Pull-up,25.0,4,12,8.0
2023-04-24,ATH004,Box Jump,52.5,3,10,8.5
2023-04-24,ATH004,Pull-up,25.0,3,8,8.5
2023-04-24,ATH004,Rowing Machine,465.0,1,960,7.5
2023-04-24,ATH004,Assault Bike,502.5,1,1328,7.5
2023-04-24,ATH007,Clean & Jerk,60.0,4,2,6.5
2023-04-24,ATH007,Snatch,40.0,4,3,6.5
2023-04-24,ATH007,Romanian Deadlift,97.5,3,12,7.0
2023-04-24,ATH007,Face Pull,22.5,4,12,6.5
2023-04-24,ATH007,Overhead Press,55.0,4,8,7.0
2023-04-24,ATH008,Bench Press,110.0,4,5,8.5
2023-04-24,ATH008,Bicep Curl,37.5,3,8,7.5
2023-04-24,ATH008,Tricep Extension,37.5,4,12,8.0
2023-04-25,ATH002,Front Squat,70.0,3,15,7.0
2023-04-25,ATH002,Face Pull,32.5,3,8,8.5
2023-04-25,ATH002,Overhead Press,47.5,4,12,8.5
2023-04-25,ATH004,Squat,112.5,4,5,8.0
2023-04-25,ATH004,Deadlift,210.0,3,6,7.0
2023-04-25,ATH004,Rowing Machine,372.5,1,1339,7.5
2023-04-25,ATH005,Log Press,90.0,3,12,8.5
2023-04-25,ATH005,Deadlift,132.5,3,8,9.5
2023-04-25,ATH005,Farmers Walk,147.5,3,8,8.0
2023-04-25,ATH007,Clean & Jerk,40.0,4,3,8.0
2023-04-25,ATH007,Romanian Deadlift,70.0,4,15,6.5
2023-04-25,ATH007,Face Pull,27.5,3,8,6.0
2023-04-25,ATH008,Bench Press,87.5,4,3,8.5
2023-04-25,ATH008,Squat,126.0,5,3,9.0
2023-04-25,ATH008,Tricep Extension,37.5,3,10,7.5
2023-04-25,ATH008,Bicep Curl,29.25,4,10,8.5
2023-04-25,ATH008,Calf Raise,80.0,4,15,8.0
2023-04-25,ATH009,Squat,132.5,3,8,8.0
2023-04-25,ATH009,Handstand Push-up,7.5,3,10,8.5
2023-04-26,ATH001,Deadlift,327.5,4,8,8.5
2023-04-26,ATH001,Barbell Row,150.0,3,12,9.0
2023-04-26,ATH002,Clean & Jerk,80.0,4,1,8.5
2023-04-26,ATH002,Snatch,69.75,5,2,9.5
2023-04-26,ATH002,Pull-up,20.0,4,15,7.0
2023-04-26,ATH002,Overhead Press,45.0,4,8,8.0
2023-04-26,ATH003,Bench Press,50.0,3,5,6.5
2023-04-26,ATH003,Deadlift,107.5,5,6,7.0
2023-04-26,ATH003,Bicep Curl,26.25,3,12,7.5
2023-04-26,ATH003,Leg Curl,35.0,3,10,6.0
2023-04-26,ATH003,Calf Raise,50.0,3,10,6.0
2023-04-26,ATH004,Burpees,20.0,4,5,9.0
2023-04-26,ATH004,Muscle Up,15.75,4,15,8.5
2023-04-26,ATH004,Assault Bike,487.5,1,853,7.5
2023-04-26,ATH005,Stone Load,115.0,4,12,8.5
2023-04-26,ATH005,Deadlift,170.0,4,6,8.5
2023-04-26,ATH005,Front Squat,110.0,3,12,8.0
2023-04-26,ATH005,Farmers Walk,110.0,4,15,9.0
2023-04-26,ATH007,Snatch,50.0,5,2,6.5
2023-04-26,ATH007,Romanian Deadlift,89.25,3,8,7.0
2023-04-26,ATH007,Pull-up,15.0,4,8,6.5
2023-04-26,ATH007,Overhead Press,50.0,3,10,7.0
2023-04-26,ATH008,Overhead Press,57.5,4,12,7.0
2023-04-26,ATH008,Calf Raise,52.5,3,8,7.5
2023-04-26,ATH008,Tricep Extension,30.0,3,10,6.5
2023-04-26,ATH009,Squat,132.5,4,5,8.0
2023-04-26,ATH009,Deadlift,135.0,3,8,8.0
2023-04-26,ATH009,Rowing Machine,347.5,1,940,8.0
2023-04-26,ATH009,Assault Bike,488.25,1,1723,9.0
2023-04-27,ATH001,Squat,235.0,5,5,8.5
2023-04-27,ATH001,Bicep Curl,52.5,3,15,9.5
2023-04-27,ATH003,Bench Press,45.0,5,6,6.5
2023-04-27,ATH003,Deadlift,82.5,3,3,6.0
2023-04-27,ATH003,Leg Curl,22.5,3,12,6.0
2023-04-27,ATH003,Bicep Curl,25.0,4,12,7.5
2023-04-27,ATH005,Deadlift,127.5,4,8,10.0
2023-04-27,ATH005,Log Press,77.5,4,8,9.0
2023-04-27,ATH005,Farmers Walk,110.0,3,8,10.0
2023-04-27,ATH007,Front Squat,72.5,4,15,6.0
2023-04-27,ATH007,Snatch,37.5,5,1,8.0
2023-04-27,ATH007,Face Pull,35.0,3,12,8.0
2023-04-27,ATH007,Romanian Deadlift,87.75,4,12,8.0
2023-04-27,ATH008,Deadlift,195.0,3,6,8.0
2023-04-27,ATH008,Tricep Extension,25.0,4,12,7.5
2023-04-27,ATH008,Bicep Curl,27.5,3,15,7.5
2023-04-27,ATH010,Yoke Walk,452.5,3,15,8.0
2023-04-27,ATH010,Farmers Walk,142.5,4,10,9.0
2023-04-28,ATH001,Squat,215.0,5,3,9.0
2023-04-28,ATH001,Lat Pulldown,115.0,4,8,9.5
2023-04-28,ATH003,Bench Press,70.0,3,8,7.0
2023-04-28,ATH003,Squat,100.0,5,5,6.5
2023-04-28,ATH003,Calf Raise,44.625,3,15,6.5
2023-04-28,ATH005,Deadlift,195.0,5,5,8.0
2023-04-28,ATH005,Overhead Press,77.5,3,10,8.0
2023-04-28,ATH005,Farmers Walk,140.0,4,12,9.0
2023-04-28,ATH006,Squat,230.0,5,6,10.0
2023-04-28,ATH006,Dumbbell Press,112.5,4,10,9.5
2023-04-28,ATH007,Clean & Jerk,62.5,3,1,7.0
2023-04-28,ATH007,Front Squat,62.5,4,12,7.0
2023-04-28,ATH007,Face Pull,30.0,4,12,7.0
2023-04-28,ATH007,Romanian Deadlift,82.5,3,15,6.5
2023-04-28,ATH007,Overhead Press,57.5,3,15,7.5
2023-04-28,ATH009,Burpees,27.5,5,10,8.5
2023-04-28,ATH009,Muscle Up,12.5,3,15,8.5
2023-04-28,ATH009,Assault Bike,580.0,1,929,8.0
2023-04-28,ATH009,Handstand Push-up,7.5,5,10,8.0
2023-04-28,ATH010,Stone Load,137.5,3,10,9.5
2023-04-28,ATH010,Deadlift,315.0,3,6,8.0
2023-04-28,ATH010,Front Squat,132.5,4,12,10.0
2023-04-28,ATH010,Overhead Press,92.5,4,12,9.0
2023-04-28,ATH010,Farmers Walk,192.5,4,15,9.0
2023-04-29,ATH001,Bench Press,177.5,4,5,8.0
2023-04-29,ATH001,Squat,190.0,5,5,8.5
2023-04-29,ATH001,Bicep Curl,40.0,3,10,9.5
2023-04-29,ATH001,Dumbbell Press,62.5,3,12,9.5
2023-04-29,ATH001,Barbell Row,132.5,4,10,9.0
2023-04-29,ATH002,Clean & Jerk,57.5,3,1,7.0
2023-04-29,ATH002,Face Pull,35.0,3,15,7.5
2023-04-29,ATH002,Pull-up,15.75,4,10,8.0
2023-04-29,ATH003,Deadlift,100.0,4,3,7.0
2023-04-29,ATH003,Tricep Extension,15.0,4,10,6.5
2023-04-29,ATH003,Bicep Curl,17.5,4,8,6.5
2023-04-29,ATH004,Box Jump,62.5,4,20,7.5
2023-04-29,ATH004,Pull-up,25.0,3,10,7.0
2023-04-29,ATH005,Stone Load,81.0,3,8,9.0
2023-04-29,ATH005,Front Squat,102.5,4,8,9.0
2023-04-29,ATH005,Farmers Walk,130.0,3,8,9.5
2023-04-29,ATH009,Squat,135.0,3,6,7.5
2023-04-29,ATH009,Burpees,27.5,3,20,9.0
2023-04-29,ATH009,Rowing Machine,325.0,1,1000,7.0
2023-04-29,ATH009,Handstand Push-up,7.5,5,5,9.0
2023-04-30,ATH003,Overhead Press,50.0,3,8,6.0
2023-04-30,ATH003,Lateral Raise,10.0,4,10,6.5
2023-04-30,ATH003,Bicep Curl,20.0,4,10,6.5
2023-04-30,ATH006,Bench Press,197.5,4,3,9.5
2023-04-30,ATH006,Barbell Row,202.5,4,15,9.5
2023-04-30,ATH007,Front Squat,72.5,4,8,7.5
2023-04-30,ATH007,Pull-up,17.5,4,8,7.5
2023-04-30,ATH008,Squat,125.0,5,3,8.0
2023-04-30,ATH008,Deadlift,195.0,5,5,8.5
2023-04-30,ATH008,Calf Raise,72.5,4,10,6.5
2023-05-01,ATH003,Overhead Press,40.0,3,10,7.5
2023-05-01,ATH003,Lateral Raise,10.0,4,10,5.5
2023-05-01,ATH003,Calf Raise,32.5,3,10,5.5
2023-05-01,ATH004,Burpees,25.0,5,10,9.0
2023-05-01,ATH004,Pull-up,22.5,4,12,8.0
2023-05-01,ATH004,Handstand Push-up,10.0,5,5,7.5
2023-05-01,ATH008,Deadlift,162.5,5,5,7.5
2023-05-01,ATH008,Tricep Extension,32.5,3,15,7.5
2023-05-01,ATH008,Calf Raise,90.0,3,15,8.5
2023-05-01,ATH009,Deadlift,175.0,3,5,7.5
2023-05-01,ATH009,Squat,152.5,5,3,7.5
2023-05-01,ATH009,Rowing Machine,393.75,1,617,9.5
2023-05-01,ATH009,Muscle Up,12.5,5,20,8.0
2023-05-02,ATH002,Front Squat,127.5,3,8,8.0
2023-05-02,ATH002,Clean & Jerk,80.0,3,2,6.5
2023-05-02,ATH002,Face Pull,45.0,3,8,8.0
2023-05-02,ATH003,Squat,60.0,3,3,7.0
2023-05-02,ATH003,Leg Curl,32.5,4,8,6.0
2023-05-02,ATH006,Bench Press,235.0,3,5,8.5
2023-05-02,ATH006,Tricep Extension,47.5,3,15,8.5
2023-05-02,ATH008,Deadlift,185.0,4,8,8.0
2023-05-02,ATH008,Tricep Extension,37.5,4,8,8.5
2023-05-02,ATH009,Deadlift,207.5,4,8,7.5
2023-05-02,ATH009,Assault Bike,547.5,1,1401,7.0
2023-05-02,ATH009,Muscle Up,15.0,5,20,7.5
2023-05-02,ATH009,Rowing Machine,367.5,1,1562,9.0
2023-05-03,ATH007,Snatch,35.0,3,1,6.5
2023-05-03,ATH007,Romanian Deadlift,62.5,3,15,7.5
2023-05-03,ATH008,Overhead Press,90.0,3,8,8.0
2023-05-03,ATH008,Squat,155.0,5,8,8.0
2023-05-03,ATH008,Leg Curl,62.5,3,10,6.5
2023-05-03,ATH008,Bicep Curl,45.0,3,12,8.0
2023-05-03,ATH008,Lateral Raise,32.5,3,15,7.0
2023-05-03,ATH009,Box Jump,55.0,4,20,8.5
2023-05-03,ATH009,Assault Bike,525.0,1,617,9.0
2023-05-03,ATH009,Rowing Machine,417.5,1,1931,7.5
2023-05-03,ATH009,Pull-up,20.0,4,10,8.0
2023-05-03,ATH010,Yoke Walk,420.0,4,8,8.0
2023-05-03,ATH010,Log Press,125.0,3,15,9.5
2023-05-03,ATH010,Overhead Press,122.5,3,15,9.5
2023-05-04,ATH002,Snatch,67.5,3,2,8.5
2023-05-04,ATH002,Front Squat,102.5,3,15,7.5
2023-05-04,ATH002,Overhead Press,50.0,3,10,8.5
2023-05-04,ATH002,Pull-up,27.0,3,15,8.0
2023-05-04,ATH002,Face Pull,25.0,4,15,6.5
2023-05-04,ATH003,Bench Press,56.25,4,5,8.0
2023-05-04,ATH003,Tricep Extension,17.5,3,12,6.5
2023-05-04,ATH003,Bicep Curl,17.5,4,15,7.5
2023-05-04,ATH007,Snatch,55.0,3,3,7.5
2023-05-04,ATH007,Overhead Press,49.5,3,12,8.0
2023-05-04,ATH007,Pull-up,7.5,3,12,7.5
2023-05-04,ATH007,Face Pull,25.0,3,15,6.0
2023-05-04,ATH009,Box Jump,45.0,5,10,7.5
2023-05-04,ATH009,Burpees,32.5,5,15,8.5
2023-05-04,ATH009,Assault Bike,560.0,1,544,8.0
2023-05-05,ATH001,Squat,159.75,4,5,11.0
2023-05-05,ATH001,Bicep Curl,67.5,3,15,10.0
2023-05-05,ATH001,Lat Pulldown,142.5,3,8,8.5
2023-05-05,ATH001,Dumbbell Press,76.5,3,10,10.0
2023-05-05,ATH003,Overhead Press,45.0,4,10,7.5
2023-05-05,ATH003,Calf Raise,45.0,3,12,5.5
2023-05-05,ATH003,Tricep Extension,20.0,4,10,5.5
2023-05-05,ATH004,Deadlift,187.5,4,6,8.5
2023-05-05,ATH004,Assault Bike,460.0,1,1246,7.5
2023-05-05,ATH005,Stone Load,135.0,4,8,9.5
2023-05-05,ATH005,Farmers Walk,142.5,3,8,8.0
2023-05-05,ATH005,Front Squat,127.5,3,12,8.0
2023-05-05,ATH005,Overhead Press,65.0,4,15,8.0
2023-05-05,ATH006,Bench Press,217.5,4,8,10.0
2023-05-05,ATH006,Deadlift,317.5,4,6,9.0
2023-05-05,ATH006,Bicep Curl,75.0,4,10,8.5
2023-05-05,ATH006,Dumbbell Press,92.5,4,8,9.5
2023-05-05,ATH007,Clean & Jerk,45.0,5,1,6.5
2023-05-05,ATH007,Front Squat,60.0,3,12,6.0
2023-05-05,ATH007,Overhead Press,57.5,3,10,7.0
2023-05-05,ATH009,Burpees,25.0,5,5,8.5
2023-05-05,ATH009,Squat,137.5,5,3,9.0
2023-05-05,ATH009,Muscle Up,15.0,3,15,8.5
2023-05-05,ATH009,Rowing Machine,390.0,1,769,8.5
2023-05-06,ATH002,Clean & Jerk,92.5,5,2,7.0
2023-05-06,ATH002,Romanian Deadlift,110.0,4,8,6.5
2023-05-06,ATH002,Face Pull,35.0,4,15,7.0
2023-05-06,ATH002,Pull-up,22.5,3,8,8.0
2023-05-06,ATH004,Burpees,27.5,4,15,8.0
2023-05-06,ATH004,Handstand Push-up,12.5,4,15,9.0
2023-05-06,ATH004,Rowing Machine,435.0,1,996,8.5
2023-05-06,ATH004,Muscle Up,12.5,5,10,8.5
2023-05-06,ATH005,Log Press,80.0,4,12,9.5
2023-05-06,ATH005,Barbell Row,97.5,4,12,9.5
2023-05-06,ATH005,Front Squat,105.0,3,15,8.5
2023-05-06,ATH005,Farmers Walk,155.0,3,12,8.5
2023-05-06,ATH009,Box Jump,40.0,4,5,8.0
2023-05-06,ATH009,Burpees,20.0,5,15,8.0
2023-05-06,ATH009,Muscle Up,12.5,3,5,7.0
2023-05-06,ATH010,Deadlift,210.0,4,5,8.5
2023-05-06,ATH010,Front Squat,112.5,3,10,9.5
2023-05-06,ATH010,Farmers Walk,150.0,3,8,9.5
2023-05-06,ATH010,Overhead Press,80.0,3,15,10.0
2023-05-07,ATH003,Squat,100.0,4,8,6.5
2023-05-07,ATH003,Lateral Raise,15.0,4,8,7.5
2023-05-07,ATH004,Burpees,27.5,4,20,7.0
2023-05-07,ATH004,Muscle Up,15.0,3,10,7.5
2023-05-07,ATH004,Rowing Machine,445.0,1,1059,8.5
2023-05-07,ATH007,Front Squat,75.0,4,12,7.5
2023-05-07,ATH007,Snatch,45.0,5,3,7.0
2023-05-07,ATH007,Face Pull,25.0,3,12,7.5
2023-05-07,ATH007,Pull-up,12.5,4,10,6.0
2023-05-07,ATH010,Deadlift,245.0,3,3,8.0
2023-05-07,ATH010,Barbell Row,132.5,4,8,9.0
2023-05-08,ATH001,Deadlift,307.5,3,8,9.0
2023-05-08,ATH001,Squat,252.5,4,3,8.5
2023-05-08,ATH001,Barbell Row,137.5,4,15,8.0
2023-05-08,ATH001,Lat Pulldown,110.0,3,12,9.0
2023-05-08,ATH002,Clean & Jerk,77.5,4,2,8.0
2023-05-08,ATH002,Front Squat,112.5,3,15,8.5
2023-05-08,ATH002,Overhead Press,62.5,3,15,7.0
2023-05-08,ATH002,Romanian Deadlift,139.125,4,8,8.0
2023-05-08,ATH007,Clean & Jerk,36.0,5,2,8.5
2023-05-08,ATH007,Romanian Deadlift,97.5,4,8,7.0
2023-05-08,ATH007,Pull-up,15.75,4,15,6.5
2023-05-08,ATH007,Overhead Press,45.0,3,10,8.0
2023-05-08,ATH008,Overhead Press,55.0,4,15,8.5
2023-05-08,ATH008,Bench Press,135.0,5,5,6.5
2023-05-08,ATH008,Bicep Curl,30.0,3,8,7.0
2023-05-08,ATH009,Box Jump,47.5,5,20,7.0
2023-05-08,ATH009,Pull-up,30.0,4,12,7.0
2023-05-08,ATH009,Assault Bike,525.0,1,1321,7.5
2023-05-09,ATH003,Squat,85.0,3,8,6.5
2023-05-09,ATH003,Bench Press,62.5,4,6,7.5
2023-05-09,ATH003,Tricep Extension,20.0,4,12,7.0
2023-05-09,ATH003,Leg Curl,27.0,4,12,8.0
2023-05-09,ATH004,Burpees,27.5,3,5,8.0
2023-05-09,ATH004,Handstand Push-up,12.5,3,10,7.0
2023-05-09,ATH004,Pull-up,27.5,3,12,8.0
2023-05-09,ATH006,Deadlift,305.0,4,8,9.0
2023-05-09,ATH006,Bicep Curl,55.0,4,10,9.0
2023-05-09,ATH010,Deadlift,195.0,4,5,9.5
2023-05-09,ATH010,Farmers Walk,155.0,3,8,8.0
2023-05-09,ATH010,Front Squat,185.0,3,10,9.0
2023-05-09,ATH010,Overhead Press,105.0,4,15,9.0
2023-05-10,ATH002,Snatch,69.75,4,2,9.5
2023-05-10,ATH002,Pull-up,25.0,3,8,7.0
2023-05-10,ATH002,Face Pull,32.5,3,12,8.0
2023-05-10,ATH003,Bench Press,55.0,5,8,6.0
2023-05-10,ATH003,Leg Curl,37.5,3,8,6.5
2023-05-10,ATH003,Calf Raise,50.0,3,12,6.5
2023-05-10,ATH003,Tricep Extension,11.25,3,15,8.0
2023-05-10,ATH004,Deadlift,205.0,4,6,8.0
2023-05-10,ATH004,Squat,147.5,5,8,8.5
2023-05-10,ATH004,Assault Bike,517.5,1,1336,8.0
2023-05-10,ATH004,Muscle Up,15.0,4,20,7.5
2023-05-11,ATH002,Snatch,42.5,5,3,7.5
2023-05-11,ATH002,Face Pull,42.5,4,8,6.5
2023-05-11,ATH007,Front Squat,55.0,3,10,7.5
2023-05-11,ATH007,Clean & Jerk,52.5,4,2,7.5
2023-05-11,ATH007,Overhead Press,49.5,4,12,8.0
2023-05-11,ATH007,Romanian Deadlift,102.5,4,15,7.0
2023-05-11,ATH008,Deadlift,135.0,3,5,7.5
2023-05-11,ATH008,Overhead Press,67.5,3,15,8.0
2023-05-11,ATH008,Calf Raise,95.0,4,12,6.5
2023-05-11,ATH008,Lateral Raise,27.5,3,8,7.0
2023-05-11,ATH008,Tricep Extension,30.0,4,12,8.0
2023-05-11,ATH009,Burpees,27.5,4,10,9.0
2023-05-11,ATH009,Box Jump,52.5,5,5,8.0
2023-05-11,ATH009,Rowing Machine,395.0,1,1294,9.0
2023-05-12,ATH001,Squat,247.5,4,8,9.5
2023-05-12,ATH001,Bicep Curl,45.0,4,12,9.5
2023-05-12,ATH001,Tricep Extension,37.5,4,15,8.0
2023-05-12,ATH002,Front Squat,115.0,3,10,8.0
2023-05-12,ATH002,Snatch,75.0,5,3,7.0
2023-05-12,ATH002,Face Pull,30.0,3,10,7.0
2023-05-12,ATH002,Overhead Press,55.0,4,10,7.0
2023-05-12,ATH002,Pull-up,32.5,3,10,6.5
2023-05-12,ATH003,Squat,65.0,3,8,6.5
2023-05-12,ATH003,Bicep Curl,20.0,4,8,7.0
2023-05-12,ATH004,Box Jump,42.5,5,15,8.0
2023-05-12,ATH004,Deadlift,190.0,4,8,7.5
2023-05-12,ATH004,Handstand Push-up,10.0,4,20,7.0
2023-05-12,ATH004,Rowing Machine,405.0,1,814,7.5
2023-05-12,ATH008,Overhead Press,80.0,4,8,8.0
2023-05-12,ATH008,Calf Raise,67.5,4,8,7.0
2023-05-12,ATH009,Squat,115.0,5,5,8.0
2023-05-12,ATH009,Handstand Push-up,7.5,4,20,7.0
2023-05-12,ATH009,Pull-up,20.0,4,8,7.5
2023-05-12,ATH009,Assault Bike,562.5,1,1292,7.0
2023-05-13,ATH003,Overhead Press,40.0,4,15,6.0
2023-05-13,ATH003,Calf Raise,42.5,4,10,7.5
2023-05-13,ATH003,Bicep Curl,17.5,4,15,6.0
2023-05-13,ATH003,Lateral Raise,12.5,3,15,7.0
2023-05-13,ATH007,Front Squat,87.5,4,12,8.0
2023-05-13,ATH007,Romanian Deadlift,75.0,3,10,7.0
2023-05-13,ATH009,Burpees,25.0,3,5,8.5
2023-05-13,ATH009,Muscle Up,15.0,4,15,9.0
2023-05-13,ATH010,Yoke Walk,427.875,4,15,9.5
2023-05-13,ATH010,Barbell Row,107.5,3,8,9.5
2023-05-14,ATH002,Snatch,38.25,4,3,8.5
2023-05-14,ATH002,Romanian Deadlift,145.0,3,10,8.0
2023-05-14,ATH002,Overhead Press,82.5,4,8,7.5
2023-05-14,ATH002,Face Pull,37.5,3,8,7.5
2023-05-14,ATH004,Squat,122.5,3,3,8.5
2023-05-14,ATH004,Muscle Up,15.75,3,5,8.0
2023-05-14,ATH005,Deadlift,177.5,3,5,9.5
2023-05-14,ATH005,Front Squat,110.0,3,12,9.5
2023-05-14,ATH006,Deadlift,422.5,5,8,8.5
2023-05-14,ATH006,Bench Press,212.5,4,5,9.5
2023-05-14,ATH006,Lat Pulldown,130.0,3,12,10.0
2023-05-14,ATH006,Bicep Curl,57.5,3,10,9.5
2023-05-14,ATH006,Dumbbell Press,67.5,4,10,10.0
2023-05-14,ATH007,Clean & Jerk,65.0,5,1,7.0
2023-05-14,ATH007,Face Pull,32.5,4,8,6.5
2023-05-14,ATH007,Romanian Deadlift,82.5,3,12,6.5
2023-05-14,ATH007,Pull-up,15.0,4,12,6.5
2023-05-14,ATH009,Deadlift,180.0,4,3,7.0
2023-05-14,ATH009,Squat,187.5,5,3,8.5
2023-05-14,ATH009,Rowing Machine,407.5,1,534,7.5
2023-05-14,ATH009,Muscle Up,12.5,3,20,8.0
2023-05-14,ATH010,Log Press,135.0,3,15,9.0
2023-05-14,ATH010,Overhead Press,70.0,4,12,9.5
2023-05-14,ATH010,Front Squat,170.0,3,8,8.0
2023-05-15,ATH003,Deadlift,77.5,3,6,7.5
2023-05-15,ATH003,Calf Raise,30.0,4,8,5.5
2023-05-15,ATH004,Box Jump,57.5,4,10,7.5
2023-05-15,ATH004,Burpees,32.5,5,10,7.0
2023-05-15,ATH004,Pull-up,20.0,4,15,8.5
2023-05-15,ATH004,Rowing Machine,382.5,1,554,8.5
2023-05-15,ATH004,Assault Bike,550.0,1,1425,7.5
2023-05-15,ATH005,Log Press,75.0,3,15,9.5
2023-05-15,ATH005,Yoke Walk,341.25,3,8,10.0
2023-05-15,ATH005,Barbell Row,110.0,4,15,10.0
2023-05-15,ATH007,Front Squat,92.5,4,10,8.0
2023-05-15,ATH007,Romanian Deadlift,87.5,4,15,7.5
2023-05-15,ATH007,Face Pull,22.5,4,15,6.5
2023-05-15,ATH007,Pull-up,17.5,4,15,7.5
2023-05-15,ATH009,Burpees,35.0,4,15,8.0
2023-05-15,ATH009,Handstand Push-up,10.0,3,10,8.0
2023-05-15,ATH009,Rowing Machine,472.5,1,677,8.5
2023-05-15,ATH009,Assault Bike,530.0,1,706,8.5
2023-05-16,ATH002,Front Squat,117.5,4,12,7.5
2023-05-16,ATH002,Clean & Jerk,85.0,4,2,8.5
2023-05-16,ATH002,Overhead Press,52.5,4,15,8.0
2023-05-16,ATH002,Romanian Deadlift,150.0,4,12,7.0
2023-05-16,ATH002,Pull-up,22.5,4,10,8.0
2023-05-16,ATH004,Box Jump,55.0,4,5,7.5
2023-05-16,ATH004,Squat,140.0,4,8,8.0
2023-05-16,ATH004,Handstand Push-up,10.0,4,15,8.5
2023-05-16,ATH004,Muscle Up,15.0,4,20,8.0
2023-05-16,ATH006,Squat,340.0,5,5,10.0
2023-05-16,ATH006,Bicep Curl,87.5,3,15,9.5
2023-05-16,ATH007,Snatch,52.5,3,3,7.5
2023-05-16,ATH007,Face Pull,32.5,3,10,7.5
2023-05-16,ATH008,Deadlift,165.0,5,8,7.5
2023-05-16,ATH008,Overhead Press,67.5,3,12,6.5
2023-05-16,ATH008,Tricep Extension,32.5,3,12,7.5
2023-05-16,ATH008,Bicep Curl,35.0,3,8,8.5
2023-05-16,ATH009,Squat,137.5,3,5,8.0
2023-05-16,ATH009,Box Jump,55.0,5,20,7.0
2023-05-16,ATH009,Pull-up,20.0,3,12,8.0
2023-05-16,ATH009,Rowing Machine,472.5,1,1053,8.5
2023-05-16,ATH009,Muscle Up,15.0,3,5,7.5
2023-05-17,ATH001,Deadlift,327.5,5,8,9.5
2023-05-17,ATH001,Bench Press,168.75,3,5,9.0
2023-05-17,ATH001,Barbell Row,127.5,3,10,9.0
2023-05-17,ATH003,Overhead Press,47.5,4,15,6.5
2023-05-17,ATH003,Deadlift,75.0,3,8,7.0
2023-05-17,ATH003,Bicep Curl,15.0,4,15,7.0
2023-05-17,ATH008,Deadlift,205.0,5,3,6.5
2023-05-17,ATH008,Overhead Press,80.0,4,10,7.0
2023-05-17,ATH008,Lateral Raise,32.5,3,8,7.0
2023-05-17,ATH008,Leg Curl,55.0,4,15,7.0
2023-05-17,ATH009,Box Jump,60.0,5,5,7.0
2023-05-17,ATH009,Burpees,30.0,4,10,7.0
2023-05-17,ATH009,Muscle Up,12.5,5,10,9.0
2023-05-17,ATH009,Rowing Machine,427.5,1,1172,8.5
2023-05-17,ATH009,Pull-up,32.5,4,10,8.0
2023-05-18,ATH001,Deadlift,322.5,5,6,9.0
2023-05-18,ATH001,Dumbbell Press,80.0,3,12,9.0
2023-05-18,ATH001,Barbell Row,122.5,4,10,8.5
2023-05-18,ATH001,Bicep Curl,42.5,3,15,9.0
2023-05-18,ATH002,Clean & Jerk,75.0,5,1,7.0
2023-05-18,ATH002,Pull-up,15.0,4,8,7.5
2023-05-18,ATH003,Deadlift,85.0,5,3,6.0
2023-05-18,ATH003,Tricep Extension,12.5,3,15,5.5
2023-05-18,ATH004,Deadlift,147.5,5,8,9.0
2023-05-18,ATH004,Handstand Push-up,7.5,3,15,7.5
2023-05-18,ATH007,Clean & Jerk,60.0,3,1,7.0
2023-05-18,ATH007,Romanian Deadlift,102.5,4,8,6.5
2023-05-18,ATH007,Pull-up,20.0,4,10,6.5
2023-05-18,ATH007,Overhead Press,47.5,4,8,8.0
2023-05-18,ATH009,Squat,108.0,5,6,9.0
2023-05-18,ATH009,Muscle Up,12.5,3,10,8.5
2023-05-18,ATH009,Pull-up,15.0,3,8,8.5
2023-05-18,ATH009,Handstand Push-up,12.5,5,10,8.0
2023-05-18,ATH010,Stone Load,167.5,3,15,9.0
2023-05-18,ATH010,Yoke Walk,550.0,3,8,9.5
2023-05-18,ATH010,Barbell Row,127.5,3,12,9.5
2023-05-18,ATH010,Farmers Walk,207.5,4,12,10.0
2023-05-18,ATH010,Overhead Press,70.0,4,15,9.5
2023-05-19,ATH001,Bench Press,175.0,5,5,9.0
2023-05-19,ATH001,Lat Pulldown,117.5,3,15,8.5
2023-05-19,ATH003,Bench Press,52.5,4,8,7.0
2023-05-19,ATH003,Overhead Press,45.0,4,15,6.0
2023-05-19,ATH003,Bicep Curl,15.0,3,10,6.5
2023-05-19,ATH004,Squat,185.0,4,3,7.5
2023-05-19,ATH004,Muscle Up,15.0,3,5,7.5
2023-05-19,ATH006,Squat,340.0,5,5,8.5
2023-05-19,ATH006,Deadlift,375.0,5,6,9.5
2023-05-19,ATH006,Dumbbell Press,102.375,4,10,10.0
2023-05-19,ATH006,Lat Pulldown,135.0,3,12,10.0
2023-05-19,ATH006,Bicep Curl,52.5,4,12,10.0
2023-05-19,ATH007,Front Squat,57.5,3,15,7.5
2023-05-19,ATH007,Romanian Deadlift,110.0,3,8,6.5
2023-05-19,ATH007,Overhead Press,35.0,3,8,8.0
2023-05-19,ATH007,Face Pull,30.0,4,12,7.5
2023-05-19,ATH008,Squat,144.0,4,6,9.5
2023-05-19,ATH008,Bench Press,119.25,4,5,9.0
2023-05-19,ATH008,Lateral Raise,22.5,4,15,7.5
2023-05-19,ATH010,Log Press,87.5,3,8,10.0
2023-05-19,ATH010,Yoke Walk,495.0,3,12,9.5
2023-05-19,ATH010,Overhead Press,75.0,3,15,9.5
2023-05-19,ATH010,Front Squat,167.5,3,8,9.5
2023-05-19,ATH010,Farmers Walk,177.5,3,15,10.0
2023-05-20,ATH003,Deadlift,72.5,4,6,7.5
2023-05-20,ATH003,Bench Press,60.0,5,8,7.5
2023-05-20,ATH003,Bicep Curl,20.0,4,12,7.5
2023-05-20,ATH003,Leg Curl,32.5,3,10,7.0
2023-05-20,ATH005,Yoke Walk,378.0,3,10,10.5
2023-05-20,ATH005,Stone Load,87.5,4,15,10.0
2023-05-20,ATH005,Front Squat,92.5,4,15,8.0
2023-05-20,ATH005,Overhead Press,65.0,4,8,8.5
2023-05-20,ATH005,Barbell Row,86.625,4,10,10.0
2023-05-20,ATH007,Snatch,47.5,4,1,7.5
2023-05-20,ATH007,Front Squat,70.0,3,10,7.5
2023-05-20,ATH007,Romanian Deadlift,75.0,3,10,6.0
2023-05-20,ATH007,Overhead Press,36.0,3,12,8.0
2023-05-20,ATH007,Pull-up,7.5,3,8,7.0
2023-05-20,ATH008,Overhead Press,90.0,4,12,8.5
2023-05-20,ATH008,Squat,182.5,3,8,8.5
2023-05-20,ATH008,Leg Curl,57.5,4,10,7.0
2023-05-20,ATH008,Lateral Raise,32.5,3,15,7.0
2023-05-20,ATH009,Deadlift,202.5,4,6,8.5
2023-05-20,ATH009,Pull-up,17.5,3,12,9.0
2023-05-20,ATH010,Stone Load,132.5,4,12,8.5
2023-05-20,ATH010,Yoke Walk,505.0,3,12,9.5
2023-05-20,ATH010,Barbell Row,120.0,4,12,8.5
2023-05-20,ATH010,Farmers Walk,177.5,4,8,9.0
2023-05-20,ATH010,Front Squat,122.5,3,8,8.0
2023-05-21,ATH004,Squat,140.0,5,6,8.5
2023-05-21,ATH004,Handstand Push-up,7.5,5,5,8.0
2023-05-21,ATH006,Deadlift,254.25,4,3,10.5
2023-05-21,ATH006,Lat Pulldown,152.5,3,10,8.5
2023-05-21,ATH006,Tricep Extension,62.5,3,8,10.0
2023-05-21,ATH007,Snatch,55.0,3,2,7.5
2023-05-21,ATH007,Romanian Deadlift,65.0,4,10,8.0
2023-05-21,ATH007,Pull-up,17.5,4,8,6.5
2023-05-22,ATH002,Snatch,38.25,4,3,9.5
2023-05-22,ATH002,Front Squat,110.0,3,10,7.0
2023-05-22,ATH002,Pull-up,32.5,3,10,7.5
2023-05-22,ATH004,Burpees,35.0,5,20,9.0
2023-05-22,ATH004,Handstand Push-up,12.5,3,20,8.5
2023-05-22,ATH004,Rowing Machine,402.75,1,1078,9.0
2023-05-22,ATH004,Muscle Up,15.0,4,15,7.5
2023-05-22,ATH008,Overhead Press,82.5,4,10,8.0
2023-05-22,ATH008,Squat,187.5,3,5,7.5
2023-05-22,ATH008,Tricep Extension,25.0,3,15,8.0
2023-05-22,ATH008,Leg Curl,56.25,4,8,8.0
2023-05-22,ATH009,Squat,132.5,4,8,7.5
2023-05-22,ATH009,Muscle Up,12.5,4,20,8.5
2023-05-22,ATH009,Pull-up,15.0,3,12,7.5
2023-05-23,ATH002,Snatch,85.0,5,1,7.0
2023-05-23,ATH002,Face Pull,42.5,4,15,8.5
2023-05-23,ATH002,Overhead Press,70.0,3,10,7.5
2023-05-23,ATH002,Pull-up,27.5,4,10,8.0
2023-05-23,ATH003,Squat,95.0,5,3,6.5
2023-05-23,ATH003,Deadlift,115.0,3,6,5.5
2023-05-23,ATH003,Tricep Extension,12.5,4,10,7.5
2023-05-23,ATH006,Bench Press,153.0,3,5,10.5
2023-05-23,ATH006,Dumbbell Press,105.0,3,8,10.0
2023-05-23,ATH006,Bicep Curl,75.0,3,15,9.5
2023-05-23,ATH007,Snatch,52.5,3,3,8.0
2023-05-23,ATH007,Front Squat,90.0,3,12,7.0
2023-05-23,ATH007,Pull-up,15.0,4,8,6.0
2023-05-23,ATH007,Overhead Press,45.0,4,8,6.5
2023-05-23,ATH007,Romanian Deadlift,115.5,4,15,6.5
2023-05-23,ATH009,Burpees,25.0,4,15,7.5
2023-05-23,ATH009,Squat,185.0,3,3,8.5
2023-05-23,ATH009,Rowing Machine,447.5,1,1455,7.5
2023-05-24,ATH001,Squat,162.5,5,3,8.5
2023-05-24,ATH001,Bench Press,184.5,5,5,9.5
2023-05-24,ATH001,Barbell Row,125.0,4,12,8.5
2023-05-24,ATH002,Clean & Jerk,72.5,3,3,7.5
2023-05-24,ATH002,Face Pull,45.0,4,15,8.0
2023-05-24,ATH002,Romanian Deadlift,142.5,4,15,6.5
2023-05-24,ATH003,Bench Press,42.5,3,8,6.5
2023-05-24,ATH003,Overhead Press,42.5,3,8,6.0
2023-05-24,ATH003,Tricep Extension,15.0,4,12,6.5
2023-05-24,ATH005,Deadlift,162.5,4,6,9.0
2023-05-24,ATH005,Stone Load,107.5,3,15,8.0
2023-05-24,ATH005,Front Squat,120.0,3,8,9.5
2023-05-24,ATH005,Barbell Row,90.0,4,8,9.5
2023-05-24,ATH005,Overhead Press,72.5,4,8,9.5
2023-05-24,ATH007,Front Squat,77.5,4,8,7.5
2023-05-24,ATH007,Pull-up,12.5,3,10,7.0
2023-05-24,ATH007,Overhead Press,42.5,4,10,7.5
2023-05-25,ATH003,Squat,57.5,3,8,6.5
2023-05-25,ATH003,Bicep Curl,20.0,4,10,6.5
2023-05-25,ATH003,Leg Curl,25.0,4,10,7.0
2023-05-25,ATH003,Lateral Raise,20.0,3,10,7.0
2023-05-25,ATH004,Deadlift,180.0,3,3,8.0
2023-05-25,ATH004,Assault Bike,502.5,1,1283,9.0
2023-05-25,ATH004,Muscle Up,12.5,4,20,9.0
2023-05-25,ATH005,Deadlift,155.0,3,8,9.5
2023-05-25,ATH005,Front Squat,132.5,4,10,9.0
2023-05-25,ATH005,Farmers Walk,157.5,4,12,8.0
2023-05-25,ATH005,Overhead Press,67.5,3,10,10.0
2023-05-25,ATH006,Deadlift,362.5,4,8,10.0
2023-05-25,ATH006,Bicep Curl,85.0,3,8,9.5
2023-05-25,ATH006,Lat Pulldown,132.5,4,8,8.5
2023-05-25,ATH006,Tricep Extension,67.5,4,8,9.0
2023-05-25,ATH007,Snatch,45.0,3,2,7.5
2023-05-25,ATH007,Clean & Jerk,57.5,4,1,7.0
2023-05-25,ATH007,Pull-up,20.0,3,10,6.5
2023-05-25,ATH008,Deadlift,192.5,4,5,8.5
2023-05-25,ATH008,Tricep Extension,32.5,3,12,7.0
2023-05-25,ATH010,Log Press,125.0,4,8,9.0
2023-05-25,ATH010,Stone Load,160.0,4,8,9.0
2023-05-25,ATH010,Farmers Walk,182.5,4,12,8.5
2023-05-26,ATH002,Clean & Jerk,100.0,5,1,7.5
2023-05-26,ATH002,Snatch,45.0,4,2,7.5
2023-05-26,ATH002,Romanian Deadlift,135.0,3,8,6.5
2023-05-26,ATH002,Face Pull,35.0,3,8,7.5
2023-05-26,ATH002,Overhead Press,65.25,3,8,8.0
2023-05-26,ATH004,Box Jump,60.0,5,10,9.0
2023-05-26,ATH004,Pull-up,25.0,3,10,7.5
2023-05-26,ATH005,Deadlift,150.0,4,5,9.0
2023-05-26,ATH005,Stone Load,85.0,3,15,9.5
2023-05-26,ATH005,Barbell Row,70.0,4,12,8.5
2023-05-26,ATH005,Overhead Press,54.0,3,12,9.5
2023-05-26,ATH005,Farmers Walk,135.0,3,12,9.0
2023-05-26,ATH007,Front Squat,87.5,3,12,6.0
2023-05-26,ATH007,Snatch,47.5,3,3,7.5
2023-05-26,ATH007,Pull-up,12.5,3,8,8.0
2023-05-26,ATH008,Overhead Press,72.5,3,15,7.5
2023-05-26,ATH008,Bicep Curl,40.0,4,10,7.0
2023-05-26,ATH008,Leg Curl,60.0,3,10,7.5
2023-05-26,ATH008,Calf Raise,87.5,3,10,7.0
2023-05-26,ATH009,Squat,192.5,4,5,7.0
2023-05-26,ATH009,Muscle Up,15.0,5,5,7.5
2023-05-26,ATH010,Deadlift,290.0,5,5,9.0
2023-05-26,ATH010,Front Squat,120.0,4,15,9.0
2023-05-26,ATH010,Barbell Row,115.0,4,12,10.0
2023-05-27,ATH003,Squat,55.0,5,3,6.5
2023-05-27,ATH003,Calf Raise,45.0,3,12,6.5
2023-05-27,ATH004,Squat,167.5,4,5,8.0
2023-05-27,ATH004,Pull-up,22.5,3,10,8.0
2023-05-27,ATH004,Handstand Push-up,10.0,3,20,8.5
2023-05-27,ATH007,Clean & Jerk,55.0,3,3,7.5
2023-05-27,ATH007,Pull-up,12.5,3,12,7.5
2023-05-27,ATH007,Face Pull,22.5,3,8,6.5
2023-05-27,ATH007,Overhead Press,42.5,3,15,6.5
2023-05-27,ATH009,Squat,132.5,4,8,7.0
2023-05-27,ATH009,Handstand Push-up,12.5,3,5,8.0
2023-05-28,ATH004,Squat,145.0,4,6,7.5
2023-05-28,ATH004,Handstand Push-up,12.5,4,15,9.0
2023-05-28,ATH007,Clean & Jerk,55.0,5,1,8.0
2023-05-28,ATH007,Pull-up,15.0,3,15,6.5
2023-05-28,ATH007,Face Pull,30.0,3,15,7.0
2023-05-28,ATH009,Deadlift,152.5,3,6,8.0
2023-05-28,ATH009,Muscle Up,17.5,4,20,8.5
2023-05-28,ATH009,Pull-up,35.0,4,10,8.0
2023-05-29,ATH002,Snatch,57.5,3,2,6.5
2023-05-29,ATH002,Face Pull,40.0,4,15,8.0
2023-05-29,ATH008,Overhead Press,100.0,3,10,8.0
2023-05-29,ATH008,Tricep Extension,32.5,3,15,8.0
2023-05-29,ATH008,Calf Raise,95.0,4,15,7.0
2023-05-30,ATH001,Squat,247.5,4,3,8.5
2023-05-30,ATH001,Barbell Row,160.0,4,12,8.5
2023-05-30,ATH001,Dumbbell Press,97.5,3,12,8.5
2023-05-30,ATH002,Front Squat,135.0,4,15,8.5
2023-05-30,ATH002,Pull-up,32.5,3,12,6.5
2023-05-30,ATH002,Face Pull,37.5,3,8,8.0
2023-05-30,ATH004,Squat,127.5,3,8,7.0
2023-05-30,ATH004,Muscle Up,15.0,5,10,9.0
2023-05-30,ATH004,Rowing Machine,425.0,1,593,8.5
2023-05-30,ATH004,Handstand Push-up,12.5,4,10,8.5
2023-05-30,ATH007,Clean & Jerk,47.5,3,3,6.5
2023-05-30,ATH007,Pull-up,17.5,4,8,7.5
2023-05-30,ATH007,Overhead Press,35.0,3,15,7.0
2023-05-30,ATH008,Squat,117.5,5,8,8.5
2023-05-30,ATH008,Bicep Curl,40.0,4,12,7.0
2023-05-30,ATH008,Calf Raise,77.5,3,15,7.0
2023-05-30,ATH008,Lateral Raise,27.5,4,12,7.5
2023-05-31,ATH001,Deadlift,212.5,5,8,10.0
2023-05-31,ATH001,Bench Press,117.5,5,6,8.5
2023-05-31,ATH001,Tricep Extension,47.5,3,10,9.5
2023-05-31,ATH001,Dumbbell Press,82.5,4,12,10.0
2023-05-31,ATH001,Barbell Row,160.0,3,12,10.0
2023-05-31,ATH003,Bench Press,42.5,3,3,6.5
2023-05-31,ATH003,Deadlift,117.5,3,6,7.0
2023-05-31,ATH003,Calf Raise,32.5,3,12,7.0
2023-05-31,ATH003,Tricep Extension,20.0,3,8,7.0
2023-05-31,ATH004,Burpees,32.5,3,20,7.0
2023-05-31,ATH004,Assault Bike,532.5,1,1585,7.5
2023-05-31,ATH004,Muscle Up,12.5,3,5,8.0
2023-05-31,ATH007,Front Squat,87.5,4,10,7.0
2023-05-31,ATH007,Romanian Deadlift,97.5,4,12,6.0
2023-05-31,ATH007,Pull-up,15.0,4,10,7.0
2023-05-31,ATH007,Overhead Press,37.5,4,10,6.0
2023-05-31,ATH009,Burpees,27.5,5,10,7.0
2023-05-31,ATH009,Deadlift,135.0,5,5,7.5
2023-05-31,ATH009,Muscle Up,15.0,5,20,8.5
2023-05-31,ATH009,Pull-up,17.5,3,10,8.5
2023-05-31,ATH009,Assault Bike,630.0,1,1540,8.5
2023-05-31,ATH010,Deadlift,274.5,4,5,9.5
2023-05-31,ATH010,Farmers Walk,220.0,4,15,9.5
2023-06-01,ATH001,Deadlift,295.0,4,8,9.0
2023-06-01,ATH001,Barbell Row,162.5,4,8,8.0
2023-06-01,ATH001,Dumbbell Press,62.5,3,8,8.0
2023-06-01,ATH001,Bicep Curl,45.0,3,10,9.0
2023-06-01,ATH003,Squat,107.5,3,3,5.5
2023-06-01,ATH003,Deadlift,100.0,3,5,7.0
2023-06-01,ATH003,Lateral Raise,10.0,4,8,7.0
2023-06-01,ATH003,Bicep Curl,25.0,4,10,7.0
2023-06-01,ATH003,Tricep Extension,20.0,3,8,5.5
2023-06-01,ATH004,Squat,130.0,4,6,7.5
2023-06-01,ATH004,Pull-up,35.0,4,15,8.0
2023-06-01,ATH007,Snatch,37.5,4,3,7.0
2023-06-01,ATH007,Overhead Press,35.0,4,15,7.5
2023-06-01,ATH007,Pull-up,12.5,4,12,7.0
2023-06-01,ATH007,Face Pull,31.5,4,15,8.0
2023-06-01,ATH008,Squat,171.0,5,3,8.0
2023-06-01,ATH008,Overhead Press,60.0,4,10,6.5
2023-06-01,ATH008,Leg Curl,62.5,3,10,7.0
2023-06-01,ATH008,Lateral Raise,30.0,3,10,7.0
2023-06-01,ATH008,Calf Raise,87.5,4,12,8.5
2023-06-01,ATH009,Burpees,32.5,5,20,7.0
2023-06-01,ATH009,Squat,192.5,5,6,8.0
2023-06-01,ATH009,Rowing Machine,402.5,1,1326,8.5
2023-06-01,ATH009,Assault Bike,585.0,1,1537,9.0
2023-06-02,ATH002,Clean & Jerk,102.5,5,1,7.5
2023-06-02,ATH002,Overhead Press,72.5,3,12,7.5
2023-06-02,ATH002,Face Pull,32.5,4,8,7.5
2023-06-02,ATH003,Bench Press,62.5,5,8,5.5
2023-06-02,ATH003,Deadlift,110.0,4,8,6.0
2023-06-02,ATH003,Leg Curl,22.5,4,12,6.0
2023-06-02,ATH004,Squat,115.0,5,5,9.0
2023-06-02,ATH004,Rowing Machine,462.5,1,1674,8.5
2023-06-02,ATH004,Muscle Up,12.5,5,20,7.5
2023-06-02,ATH006,Bench Press,222.5,5,3,9.0
2023-06-02,ATH006,Bicep Curl,77.5,3,10,10.0
2023-06-02,ATH006,Tricep Extension,70.0,4,10,9.5
2023-06-02,ATH008,Bench Press,127.5,5,8,7.0
2023-06-02,ATH008,Bicep Curl,47.5,3,10,8.0
2023-06-02,ATH009,Burpees,35.0,5,15,7.5
2023-06-02,ATH009,Assault Bike,612.5,1,1876,8.0
2023-06-02,ATH009,Muscle Up,13.5,4,20,9.0
2023-06-02,ATH010,Deadlift,207.5,4,5,8.5
2023-06-02,ATH010,Overhead Press,117.5,4,15,10.0
2023-06-02,ATH010,Barbell Row,142.5,3,8,9.0
2023-06-02,ATH010,Front Squat,180.0,3,10,9.5
2023-06-03,ATH003,Deadlift,110.0,3,5,7.0
2023-06-03,ATH003,Bench Press,52.5,3,3,7.0
2023-06-03,ATH003,Leg Curl,35.0,4,12,5.5
2023-06-03,ATH003,Tricep Extension,22.5,3,12,5.5
2023-06-03,ATH004,Burpees,22.5,5,10,7.0
2023-06-03,ATH004,Muscle Up,15.0,5,10,7.0
2023-06-03,ATH005,Yoke Walk,357.5,4,8,8.5
2023-06-03,ATH005,Stone Load,92.5,3,12,9.0
2023-06-03,ATH005,Overhead Press,95.0,4,12,9.0
2023-06-03,ATH005,Farmers Walk,142.5,3,15,9.5
2023-06-03,ATH005,Front Squat,145.0,4,15,9.5
2023-06-03,ATH007,Clean & Jerk,50.0,4,3,6.0
2023-06-03,ATH007,Front Squat,63.0,4,15,8.5
2023-06-03,ATH007,Pull-up,10.0,3,10,7.0
2023-06-03,ATH007,Overhead Press,60.0,4,8,8.0
2023-06-03,ATH007,Romanian Deadlift,78.75,4,10,7.5
2023-06-03,ATH008,Overhead Press,62.5,4,12,6.5
2023-06-03,ATH008,Tricep Extension,30.0,4,8,7.0
2023-06-03,ATH008,Calf Raise,67.5,3,10,8.5
2023-06-03,ATH009,Box Jump,55.0,4,5,8.5
2023-06-03,ATH009,Deadlift,182.5,3,5,7.5
2023-06-03,ATH009,Handstand Push-up,12.5,5,20,7.5
2023-06-03,ATH009,Rowing Machine,420.0,1,1722,7.5
2023-06-03,ATH009,Muscle Up,12.5,4,15,8.5
2023-06-03,ATH010,Yoke Walk,495.0,4,12,9.5
2023-06-03,ATH010,Barbell Row,175.0,3,10,9.0
2023-06-03,ATH010,Overhead Press,120.0,3,10,8.0
2023-06-03,ATH010,Farmers Walk,170.0,4,10,8.5
2023-06-04,ATH002,Snatch,65.0,3,3,8.0
2023-06-04,ATH002,Front Squat,87.5,3,10,6.5
2023-06-04,ATH002,Face Pull,40.0,4,8,7.5
2023-06-04,ATH002,Pull-up,17.5,4,10,7.5
2023-06-04,ATH006,Deadlift,395.0,4,6,9.5
2023-06-04,ATH006,Bench Press,272.5,5,6,8.5
2023-06-04,ATH006,Lat Pulldown,165.0,3,10,9.0
2023-06-04,ATH007,Snatch,37.5,3,1,7.0
2023-06-04,ATH007,Overhead Press,45.0,3,12,7.5
2023-06-04,ATH007,Pull-up,17.5,4,12,8.0
2023-06-04,ATH008,Overhead Press,57.5,4,12,7.0
2023-06-04,ATH008,Bench Press,122.5,5,6,7.5
2023-06-04,ATH008,Tricep Extension,30.0,3,12,8.0
2023-06-04,ATH008,Lateral Raise,27.5,3,15,7.5
2023-06-04,ATH008,Calf Raise,60.0,3,8,7.5
2023-06-05,ATH003,Overhead Press,32.5,4,8,6.0
2023-06-05,ATH003,Tricep Extension,22.5,3,10,6.0
2023-06-05,ATH003,Calf Raise,32.5,4,8,6.5
2023-06-05,ATH003,Bicep Curl,17.5,4,10,5.5
2023-06-05,ATH006,Squat,382.5,5,3,10.0
2023-06-05,ATH006,Deadlift,335.0,5,3,8.5
2023-06-05,ATH006,Dumbbell Press,117.5,4,15,10.0
2023-06-05,ATH006,Lat Pulldown,155.0,3,10,9.0
2023-06-05,ATH006,Bicep Curl,52.5,4,12,9.0
2023-06-05,ATH007,Clean & Jerk,52.5,3,3,6.5
2023-06-05,ATH007,Snatch,55.0,4,1,7.0
2023-06-05,ATH007,Pull-up,12.5,4,8,6.5
2023-06-05,ATH007,Romanian Deadlift,90.0,4,10,6.5
2023-06-05,ATH007,Face Pull,35.0,3,8,6.5
2023-06-05,ATH009,Squat,130.0,3,3,7.5
2023-06-05,ATH009,Muscle Up,15.0,3,15,8.5
2023-06-06,ATH002,Front Squat,100.0,3,10,8.0
2023-06-06,ATH002,Snatch,57.5,5,2,7.5
2023-06-06,ATH002,Pull-up,27.5,4,8,7.0
2023-06-06,ATH002,Romanian Deadlift,135.0,3,8,8.0
2023-06-06,ATH002,Face Pull,50.0,4,8,8.0
2023-06-06,ATH005,Log Press,57.5,3,15,8.5
2023-06-06,ATH005,Front Squat,112.5,4,10,8.0
2023-06-06,ATH006,Squat,265.0,5,8,9.0
2023-06-06,ATH006,Tricep Extension,57.5,3,8,9.5
2023-06-06,ATH008,Overhead Press,82.5,4,8,7.0
2023-06-06,ATH008,Squat,137.5,4,3,7.0
2023-06-06,ATH008,Leg Curl,57.5,4,15,8.0
2023-06-06,ATH008,Bicep Curl,30.0,4,12,8.5
2023-06-06,ATH009,Burpees,37.5,4,5,8.0
2023-06-06,ATH009,Squat,137.5,4,3,9.0
2023-06-06,ATH009,Assault Bike,557.5,1,537,8.5
2023-06-06,ATH009,Muscle Up,12.5,3,10,8.5
2023-06-06,ATH010,Log Press,107.5,3,8,8.0
2023-06-06,ATH010,Farmers Walk,165.0,4,8,9.5
2023-06-07,ATH001,Bench Press,115.0,3,5,8.0
2023-06-07,ATH001,Barbell Row,122.5,3,12,8.5
2023-06-07,ATH001,Bicep Curl,62.5,3,12,8.5
2023-06-07,ATH001,Lat Pulldown,130.0,3,10,9.0
2023-06-07,ATH003,Deadlift,80.0,4,5,7.0
2023-06-07,ATH003,Tricep Extension,20.0,3,10,6.5
2023-06-07,ATH003,Calf Raise,57.5,3,12,6.0
2023-06-07,ATH004,Squat,200.0,5,5,8.5
2023-06-07,ATH004,Burpees,27.5,3,10,9.0
2023-06-07,ATH004,Rowing Machine,317.25,1,1311,9.5
2023-06-07,ATH005,Deadlift,170.0,3,8,9.5
2023-06-07,ATH005,Overhead Press,80.0,3,8,9.0
2023-06-07,ATH005,Farmers Walk,125.0,3,10,8.0
2023-06-07,ATH005,Barbell Row,110.0,4,12,8.5
2023-06-07,ATH007,Clean & Jerk,62.5,4,2,7.5
2023-06-07,ATH007,Face Pull,30.0,3,12,7.5
2023-06-07,ATH007,Pull-up,15.0,3,15,6.0
2023-06-07,ATH007,Romanian Deadlift,105.0,4,10,7.0
2023-06-07,ATH008,Overhead Press,80.0,4,12,7.0
2023-06-07,ATH008,Lateral Raise,32.5,3,10,7.0
2023-06-07,ATH009,Burpees,20.0,3,20,9.0
2023-06-07,ATH009,Deadlift,185.0,4,3,9.0
2023-06-07,ATH009,Pull-up,20.0,3,10,8.0
2023-06-07,ATH009,Rowing Machine,397.5,1,1999,8.5
2023-06-07,ATH009,Handstand Push-up,10.0,5,5,8.5
2023-06-08,ATH001,Squat,175.0,5,5,9.0
2023-06-08,ATH001,Lat Pulldown,127.5,3,10,9.5
2023-06-08,ATH002,Front Squat,147.0,3,12,8.5
2023-06-08,ATH002,Pull-up,20.0,4,15,7.5
2023-06-08,ATH002,Romanian Deadlift,135.0,3,15,8.5
2023-06-08,ATH003,Overhead Press,32.5,4,12,6.0
2023-06-08,ATH003,Tricep Extension,12.5,3,15,6.5
2023-06-08,ATH003,Bicep Curl,20.0,4,8,6.5
2023-06-08,ATH004,Squat,152.5,3,8,7.5
2023-06-08,ATH004,Handstand Push-up,15.0,3,5,8.5
2023-06-08,ATH004,Pull-up,20.0,4,15,7.5
2023-06-08,ATH004,Rowing Machine,415.0,1,602,8.5
2023-06-08,ATH005,Yoke Walk,385.0,4,15,10.0
2023-06-08,ATH005,Front Squat,130.5,4,8,10.5
2023-06-09,ATH002,Front Squat,95.0,4,15,7.5
2023-06-09,ATH002,Romanian Deadlift,115.0,3,12,6.5
2023-06-09,ATH002,Face Pull,27.5,4,12,7.5
2023-06-09,ATH004,Burpees,22.5,3,20,9.0
2023-06-09,ATH004,Squat,172.5,4,8,7.5
2023-06-09,ATH004,Handstand Push-up,10.0,3,10,8.0
2023-06-09,ATH007,Clean & Jerk,67.5,5,3,8.0
2023-06-09,ATH007,Pull-up,17.5,4,8,7.0
2023-06-09,ATH010,Deadlift,225.0,5,3,9.5
2023-06-09,ATH010,Log Press,112.5,4,8,9.5
2023-06-09,ATH010,Barbell Row,140.0,3,8,8.0
2023-06-09,ATH010,Farmers Walk,145.0,3,15,9.5
2023-06-09,ATH010,Front Squat,202.5,3,12,8.5
2023-06-10,ATH002,Front Squat,127.5,3,10,8.0
2023-06-10,ATH002,Snatch,80.0,3,1,7.0
2023-06-10,ATH002,Romanian Deadlift,125.0,3,10,7.5
2023-06-10,ATH002,Pull-up,30.0,4,15,7.5
2023-06-10,ATH002,Overhead Press,70.0,4,12,8.0
2023-06-10,ATH003,Deadlift,110.0,5,8,6.5
2023-06-10,ATH003,Lateral Raise,7.5,4,15,7.0
2023-06-10,ATH003,Leg Curl,25.0,3,8,7.0
2023-06-10,ATH003,Calf Raise,52.5,4,10,7.0
2023-06-10,ATH004,Box Jump,47.5,5,15,7.5
2023-06-10,ATH004,Assault Bike,625.0,1,974,8.5
2023-06-10,ATH007,Clean & Jerk,60.0,4,2,6.0
2023-06-10,ATH007,Overhead Press,35.0,3,15,6.0
2023-06-10,ATH007,Face Pull,30.0,4,12,8.0
2023-06-10,ATH007,Romanian Deadlift,92.5,4,15,7.0
2023-06-10,ATH008,Squat,202.5,5,5,7.0
2023-06-10,ATH008,Deadlift,119.25,4,8,8.0
2023-06-10,ATH008,Tricep Extension,32.5,3,8,8.0
2023-06-10,ATH009,Squat,175.0,4,6,8.0
2023-06-10,ATH009,Burpees,32.5,4,5,8.0
2023-06-10,ATH009,Pull-up,17.5,3,8,7.5
2023-06-10,ATH009,Assault Bike,560.0,1,602,7.5
2023-06-11,ATH003,Deadlift,90.0,4,8,6.5
2023-06-11,ATH003,Tricep Extension,15.0,3,8,7.5
2023-06-11,ATH003,Calf Raise,50.0,3,10,6.0
2023-06-11,ATH004,Box Jump,50.0,5,20,9.0
2023-06-11,ATH004,Burpees,28.875,3,20,9.5
2023-06-11,ATH004,Handstand Push-up,7.5,5,10,8.5
2023-06-11,ATH008,Bench Press,92.5,4,3,7.0
2023-06-11,ATH008,Overhead Press,85.0,3,10,6.5
2023-06-11,ATH008,Bicep Curl,35.0,4,12,7.5
2023-06-11,ATH009,Squat,165.0,3,5,7.5
2023-06-11,ATH009,Muscle Up,12.5,3,10,8.5
2023-06-11,ATH009,Handstand Push-up,10.0,4,20,8.0
2023-06-11,ATH009,Rowing Machine,380.0,1,1701,8.0
2023-06-12,ATH001,Deadlift,310.0,5,6,8.5
2023-06-12,ATH001,Bench Press,200.0,3,5,8.5
2023-06-12,ATH001,Dumbbell Press,60.0,3,12,9.0
2023-06-12,ATH002,Snatch,52.5,3,2,7.0
2023-06-12,ATH002,Overhead Press,77.5,3,8,7.5
2023-06-12,ATH002,Face Pull,30.0,4,10,8.0
2023-06-12,ATH002,Romanian Deadlift,155.0,3,8,7.0
2023-06-12,ATH003,Deadlift,117.5,5,8,5.5
2023-06-12,ATH003,Lateral Raise,17.5,3,15,6.0
2023-06-12,ATH003,Calf Raise,42.5,3,12,6.5
2023-06-12,ATH004,Burpees,27.5,3,15,8.0
2023-06-12,ATH004,Box Jump,52.5,4,5,7.0
2023-06-12,ATH004,Assault Bike,547.5,1,1930,7.5
2023-06-12,ATH004,Rowing Machine,467.5,1,787,8.0
2023-06-12,ATH004,Pull-up,30.0,3,8,7.0
2023-06-12,ATH010,Deadlift,270.0,3,5,8.5
2023-06-12,ATH010,Overhead Press,107.5,4,8,9.5
2023-06-12,ATH010,Barbell Row,127.5,4,12,8.0
2023-06-12,ATH010,Farmers Walk,195.0,3,10,9.0
2023-06-13,ATH002,Front Squat,85.0,3,10,8.5
2023-06-13,ATH002,Romanian Deadlift,152.5,4,10,7.0
2023-06-13,ATH002,Overhead Press,52.5,4,8,8.5
2023-06-13,ATH003,Squat,70.875,4,6,7.0
2023-06-13,ATH003,Leg Curl,35.0,4,10,7.0
2023-06-13,ATH003,Tricep Extension,25.0,4,10,5.5
2023-06-13,ATH003,Calf Raise,50.0,3,8,6.0
2023-06-13,ATH004,Box Jump,50.0,5,10,8.5
2023-06-13,ATH004,Burpees,22.5,3,20,8.5
2023-06-13,ATH004,Assault Bike,560.0,1,1294,8.5
2023-06-13,ATH004,Rowing Machine,462.5,1,1133,9.0
2023-06-13,ATH007,Snatch,52.5,3,3,6.5
2023-06-13,ATH007,Clean & Jerk,45.0,4,2,7.0
2023-06-13,ATH007,Overhead Press,40.0,4,10,6.5
2023-06-13,ATH007,Romanian Deadlift,77.5,3,15,7.0
2023-06-13,ATH008,Squat,120.0,5,6,7.5
2023-06-13,ATH008,Bench Press,122.5,4,5,8.0
2023-06-13,ATH008,Lateral Raise,32.5,3,12,8.5
2023-06-13,ATH008,Calf Raise,65.0,3,8,7.5
2023-06-13,ATH009,Burpees,22.5,4,15,7.0
2023-06-13,ATH009,Pull-up,15.0,3,15,8.0
2023-06-13,ATH009,Handstand Push-up,10.0,3,5,7.0
2023-06-14,ATH002,Front Squat,105.0,4,10,7.0
2023-06-14,ATH002,Snatch,62.5,4,3,7.0
2023-06-14,ATH002,Romanian Deadlift,107.5,4,10,8.0
2023-06-14,ATH005,Deadlift,125.0,5,8,8.0
2023-06-14,ATH005,Front Squat,120.0,3,10,9.0
2023-06-14,ATH005,Barbell Row,82.5,4,15,10.0
2023-06-14,ATH005,Farmers Walk,132.5,3,15,9.0
2023-06-14,ATH006,Squat,367.5,5,5,10.0
2023-06-14,ATH006,Bicep Curl,65.0,3,12,10.0
2023-06-14,ATH007,Front Squat,102.5,4,12,7.5
2023-06-14,ATH007,Romanian Deadlift,74.25,3,15,9.0
2023-06-14,ATH010,Log Press,105.0,3,15,9.0
2023-06-14,ATH010,Yoke Walk,465.0,4,12,9.5
2023-06-14,ATH010,Barbell Row,137.5,3,8,8.0
2023-06-15,ATH001,Squat,195.0,5,8,9.0
2023-06-15,ATH001,Tricep Extension,47.5,4,15,9.5
2023-06-15,ATH002,Clean & Jerk,80.0,5,2,8.5
2023-06-15,ATH002,Face Pull,42.5,4,8,7.5
2023-06-15,ATH002,Pull-up,35.0,4,12,7.0
2023-06-15,ATH002,Romanian Deadlift,97.5,3,15,7.5
2023-06-15,ATH003,Overhead Press,35.0,4,8,7.5
2023-06-15,ATH003,Calf Raise,35.0,4,15,6.5
2023-06-15,ATH004,Burpees,25.0,3,20,8.0
2023-06-15,ATH004,Rowing Machine,462.5,1,1986,7.0
2023-06-15,ATH004,Assault Bike,502.5,1,699,8.0
2023-06-15,ATH005,Log Press,100.0,4,8,8.0
2023-06-15,ATH005,Barbell Row,75.0,3,8,10.0
2023-06-15,ATH005,Front Squat,112.5,4,15,8.0
2023-06-15,ATH005,Farmers Walk,115.0,4,12,9.5
2023-06-15,ATH007,Snatch,45.0,5,2,6.0
2023-06-15,ATH007,Overhead Press,62.5,3,15,6.5
2023-06-15,ATH007,Pull-up,20.0,3,8,6.5
2023-06-15,ATH007,Romanian Deadlift,112.5,3,10,7.0
2023-06-15,ATH008,Squat,170.0,5,8,7.0
2023-06-15,ATH008,Lateral Raise,32.5,3,12,6.5
2023-06-15,ATH008,Bicep Curl,47.5,3,15,7.5
2023-06-15,ATH009,Deadlift,235.0,3,5,9.0
2023-06-15,ATH009,Box Jump,47.5,3,10,8.0
2023-06-15,ATH009,Pull-up,25.0,3,12,7.0
2023-06-15,ATH009,Handstand Push-up,10.0,3,20,8.0
2023-06-15,ATH009,Muscle Up,15.0,3,20,8.5
2023-06-15,ATH010,Deadlift,287.5,4,3,8.0
2023-06-15,ATH010,Barbell Row,140.0,3,10,9.0
2023-06-16,ATH003,Squat,70.0,5,3,7.0
2023-06-16,ATH003,Tricep Extension,12.5,3,8,6.5
2023-06-16,ATH006,Bench Press,205.0,3,3,8.5
2023-06-16,ATH006,Lat Pulldown,147.5,4,8,10.0
2023-06-16,ATH007,Snatch,35.0,4,3,6.5
2023-06-16,ATH007,Overhead Press,52.5,4,15,6.5
2023-06-16,ATH007,Face Pull,25.0,3,15,6.5
2023-06-16,ATH007,Romanian Deadlift,77.5,3,10,6.5
2023-06-16,ATH009,Burpees,22.5,3,20,7.5
2023-06-16,ATH009,Handstand Push-up,7.5,4,10,7.5
2023-06-16,ATH009,Assault Bike,602.5,1,1187,8.0
2023-06-16,ATH009,Muscle Up,12.5,5,5,7.0
2023-06-16,ATH010,Log Press,130.0,4,10,9.0
2023-06-16,ATH010,Front Squat,165.0,3,12,8.5
2023-06-17,ATH002,Clean & Jerk,80.0,4,2,7.0
2023-06-17,ATH002,Snatch,45.0,4,2,7.5
2023-06-17,ATH002,Face Pull,45.0,3,15,7.0
2023-06-17,ATH002,Pull-up,35.0,4,10,7.5
2023-06-17,ATH003,Overhead Press,40.0,4,10,6.0
2023-06-17,ATH003,Squat,100.0,3,6,6.0
2023-06-17,ATH003,Leg Curl,27.5,4,10,6.0
2023-06-17,ATH003,Bicep Curl,22.5,4,8,6.0
2023-06-17,ATH003,Lateral Raise,17.5,3,8,5.5
2023-06-17,ATH006,Bench Press,220.0,3,6,9.5
2023-06-17,ATH006,Deadlift,297.0,5,6,11.0
2023-06-17,ATH006,Lat Pulldown,140.0,3,8,10.0
2023-06-17,ATH006,Dumbbell Press,83.25,3,15,10.5
2023-06-17,ATH007,Snatch,40.0,3,1,6.5
2023-06-17,ATH007,Front Squat,75.0,3,15,6.5
2023-06-17,ATH007,Face Pull,32.5,3,12,7.0
2023-06-17,ATH009,Box Jump,50.0,5,20,9.0
2023-06-17,ATH009,Muscle Up,12.5,5,10,8.0
2023-06-17,ATH009,Pull-up,35.0,4,10,9.0
2023-06-18,ATH004,Squat,127.5,4,3,8.0
2023-06-18,ATH004,Pull-up,22.5,4,8,8.0
2023-06-18,ATH004,Rowing Machine,467.5,1,831,9.0
2023-06-18,ATH009,Deadlift,180.0,5,6,8.5
2023-06-18,ATH009,Muscle Up,17.5,3,20,8.0
2023-06-18,ATH009,Pull-up,32.5,4,12,8.5
2023-06-18,ATH009,Assault Bike,612.5,1,1651,8.5
2023-06-19,ATH001,Squat,187.5,3,8,9.0
2023-06-19,ATH001,Deadlift,322.5,3,5,8.0
2023-06-19,ATH001,Dumbbell Press,58.5,4,10,11.0
2023-06-19,ATH001,Lat Pulldown,115.0,4,15,9.5
2023-06-19,ATH001,Barbell Row,157.5,4,15,9.5
2023-06-19,ATH003,Squat,54.0,5,3,8.0
2023-06-19,ATH003,Overhead Press,40.0,4,15,7.0
2023-06-19,ATH003,Bicep Curl,22.5,4,10,6.5
2023-06-19,ATH003,Leg Curl,40.0,3,12,6.5
2023-06-19,ATH003,Tricep Extension,20.0,4,8,6.0
2023-06-19,ATH005,Stone Load,90.0,3,12,9.5
2023-06-19,ATH005,Farmers Walk,167.5,3,15,9.5
2023-06-19,ATH005,Barbell Row,87.5,3,15,10.0
2023-06-19,ATH007,Clean & Jerk,52.5,5,1,7.0
2023-06-19,ATH007,Snatch,55.0,4,1,7.0
2023-06-19,ATH007,Romanian Deadlift,85.0,4,10,8.0
2023-06-19,ATH007,Pull-up,7.5,3,10,6.5
2023-06-19,ATH009,Squat,172.5,5,6,7.5
2023-06-19,ATH009,Box Jump,60.0,5,15,7.0
2023-06-19,ATH009,Assault Bike,622.5,1,854,8.0
2023-06-20,ATH001,Squat,260.0,3,5,10.0
2023-06-20,ATH001,Bench Press,191.25,5,8,9.5
2023-06-20,ATH001,Bicep Curl,67.5,4,12,9.0
2023-06-20,ATH002,Clean & Jerk,70.0,3,3,8.0
2023-06-20,ATH002,Face Pull,35.0,3,10,6.5
2023-06-20,ATH003,Squat,77.5,4,8,6.0
2023-06-20,ATH003,Bench Press,57.5,3,6,6.0
2023-06-20,ATH003,Lateral Raise,17.5,4,10,6.0
2023-06-20,ATH007,Clean & Jerk,62.5,4,3,7.5
2023-06-20,ATH007,Snatch,45.0,4,1,6.5
2023-06-20,ATH007,Overhead Press,45.0,4,10,7.5
2023-06-20,ATH009,Deadlift,235.0,4,8,7.5
2023-06-20,ATH009,Assault Bike,537.5,1,511,7.5
2023-06-20,ATH010,Log Press,117.5,4,12,8.5
2023-06-20,ATH010,Stone Load,132.5,4,8,9.0
2023-06-20,ATH010,Front Squat,200.0,4,10,8.5
2023-06-20,ATH010,Barbell Row,135.0,3,10,8.5
2023-06-20,ATH010,Overhead Press,107.5,4,12,8.5
2023-06-21,ATH003,Squat,90.0,3,5,7.5
2023-06-21,ATH003,Deadlift,125.0,3,8,6.0
2023-06-21,ATH003,Lateral Raise,10.0,3,8,7.0
2023-06-21,ATH003,Calf Raise,50.0,3,8,5.5
2023-06-21,ATH003,Tricep Extension,17.5,3,12,7.0
2023-06-21,ATH005,Yoke Walk,367.5,3,8,10.0
2023-06-21,ATH005,Deadlift,135.0,5,8,9.0
2023-06-21,ATH005,Overhead Press,80.0,4,12,9.5
2023-06-21,ATH005,Front Squat,87.5,4,12,8.5
2023-06-21,ATH006,Squat,365.0,5,8,9.5
2023-06-21,ATH006,Deadlift,415.0,3,8,8.5
2023-06-21,ATH006,Barbell Row,170.0,4,10,9.5
2023-06-21,ATH006,Lat Pulldown,177.5,4,8,10.0
2023-06-21,ATH006,Tricep Extension,52.5,4,15,9.5
2023-06-21,ATH009,Squat,195.0,3,6,8.5
2023-06-21,ATH009,Muscle Up,17.5,3,10,8.0
2023-06-22,ATH003,Overhead Press,35.0,3,8,6.0
2023-06-22,ATH003,Bench Press,77.5,3,6,7.0
2023-06-22,ATH003,Tricep Extension,18.0,4,12,8.0
2023-06-22,ATH003,Lateral Raise,15.75,4,10,8.5
2023-06-22,ATH009,Box Jump,65.0,5,10,8.0
2023-06-22,ATH009,Deadlift,197.5,4,5,7.5
2023-06-22,ATH009,Assault Bike,562.5,1,1789,7.5
2023-06-23,ATH003,Deadlift,135.0,5,6,5.5
2023-06-23,ATH003,Overhead Press,37.5,4,10,7.5
2023-06-23,ATH003,Tricep Extension,22.5,4,15,6.5
2023-06-23,ATH003,Leg Curl,32.5,4,12,7.0
2023-06-23,ATH007,Clean & Jerk,70.0,5,3,7.5
2023-06-23,ATH007,Face Pull,25.0,3,12,7.5
2023-06-23,ATH007,Pull-up,15.0,4,8,8.0
2023-06-23,ATH010,Yoke Walk,552.5,3,8,10.0
2023-06-23,ATH010,Barbell Row,125.0,3,15,8.0
2023-06-23,ATH010,Front Squat,137.5,4,12,9.0
2023-06-24,ATH003,Bench Press,57.5,4,3,7.0
2023-06-24,ATH003,Deadlift,107.5,5,8,7.0
2023-06-24,ATH003,Tricep Extension,25.0,4,12,6.5
2023-06-24,ATH003,Lateral Raise,20.0,3,12,7.0
2023-06-24,ATH006,Bench Press,190.0,3,6,9.5
2023-06-24,ATH006,Bicep Curl,87.5,3,12,9.0
2023-06-24,ATH007,Front Squat,65.0,3,8,7.5
2023-06-24,ATH007,Clean & Jerk,52.5,5,2,6.5
2023-06-24,ATH007,Romanian Deadlift,77.5,3,12,6.5
2023-06-24,ATH007,Pull-up,15.0,4,10,6.0
2023-06-24,ATH007,Overhead Press,35.0,4,8,8.0
2023-06-24,ATH009,Box Jump,60.0,3,20,9.0
2023-06-24,ATH009,Handstand Push-up,9.0,3,15,10.0
2023-06-25,ATH003,Squat,65.0,3,6,6.5
2023-06-25,ATH003,Deadlift,130.0,5,6,7.0
2023-06-25,ATH003,Calf Raise,50.0,4,12,7.0
2023-06-25,ATH003,Tricep Extension,20.0,4,12,6.0
2023-06-25,ATH003,Lateral Raise,12.5,4,8,7.0
2023-06-26,ATH010,Yoke Walk,545.0,3,12,8.0
2023-06-26,ATH010,Front Squat,155.0,3,8,9.5
2023-06-28,ATH003,Overhead Press,47.5,4,10,6.5
2023-06-28,ATH003,Bench Press,52.5,4,3,6.0
2023-06-28,ATH003,Lateral Raise,7.5,4,10,6.0
2023-06-28,ATH003,Bicep Curl,27.5,4,12,6.5
2023-06-28,ATH003,Tricep Extension,20.0,3,8,6.0
2023-06-30,ATH003,Bench Press,60.0,3,8,5.5
2023-06-30,ATH003,Deadlift,130.0,3,5,5.5
2023-06-30,ATH003,Bicep Curl,27.5,4,10,5.5
2023-06-30,ATH003,Calf Raise,52.5,4,10,6.0
2023-07-01,ATH003,Bench Press,57.5,3,8,5.5
2023-07-01,ATH003,Bicep Curl,30.0,4,12,6.5
2023-07-01,ATH003,Leg Curl,40.0,3,8,7.0
2023-07-01,ATH003,Tricep Extension,15.75,3,15,8.0
