athlete_id,exercise,date,weight_kg,sets,reps,rpe
ATH001,Deadlift,2025-10-01,99.3,5,5,8.7
ATH001,Pull-ups,2025-10-01,8.5,3,10,6.2
ATH001,Sandbag Carry,2025-10-01,82.1,4,10,8.9
ATH001,Atlas Stone Load,2025-10-03,68.5,4,4,7.6
ATH001,Bench Press,2025-10-03,40.8,3,6,6.1
ATH001,Romanian Deadlift,2025-10-03,74.7,3,12,8.7
ATH001,Atlas Stone Load,2025-10-05,66.7,3,5,9.0
ATH001,Deadlift,2025-10-05,110.0,5,4,8.7
ATH001,Front Squat,2025-10-05,60.3,4,12,8.3
ATH001,Farmer's Walk,2025-10-08,70.6,3,12,7.3
ATH001,Overhead Press,2025-10-08,35.0,5,6,7.4
ATH001,Romanian Deadlift,2025-10-08,82.1,4,6,7.9
ATH001,Bench Press,2025-10-10,50.5,4,6,6.6
ATH001,Log Press,2025-10-10,45.2,4,8,7.7
ATH001,Romanian Deadlift,2025-10-10,73.8,3,6,6.2
ATH001,Deadlift,2025-10-12,114.1,3,4,6.7
ATH001,Incline Bench Press,2025-10-12,35.3,3,10,7.4
ATH001,Yoke Walk,2025-10-12,159.7,4,12,7.5
ATH001,Bench Press,2025-10-15,67.3,4,5,8.9
ATH001,Incline Bench Press,2025-10-15,52.1,3,8,8.7
ATH001,Log Press,2025-10-15,37.5,4,5,7.8
ATH001,Atlas Stone Load,2025-10-17,67.4,4,4,8.2
ATH001,Barbell Row,2025-10-17,61.9,4,8,7.2
ATH001,Bench Press,2025-10-17,65.8,3,10,6.5
ATH001,Pull-ups,2025-10-19,4.5,3,12,7.5
ATH001,Squat,2025-10-19,81.7,4,3,6.8
ATH001,Yoke Walk,2025-10-19,140.0,3,18,8.6
ATH001,Pull-ups,2025-10-22,6.4,3,12,6.8
ATH001,Squat,2025-10-22,83.5,4,5,9.0
ATH001,Yoke Walk,2025-10-22,145.6,3,15,6.9
ATH001,Barbell Row,2025-10-24,46.7,4,10,8.2
ATH001,Farmer's Walk,2025-10-24,52.8,3,20,8.7
ATH001,Overhead Press,2025-10-24,28.8,3,5,8.0
ATH001,Deadlift,2025-10-26,110.4,3,3,7.3
ATH001,Incline Bench Press,2025-10-26,34.0,4,12,6.5
ATH001,Sandbag Carry,2025-10-26,95.2,4,30,8.9
ATH001,Farmer's Walk,2025-10-29,63.6,4,10,6.9
ATH001,Overhead Press,2025-10-29,38.6,4,6,8.3
ATH001,Pull-ups,2025-10-29,5.7,4,6,7.9
ATH001,Bench Press,2025-10-31,52.0,4,8,6.6
ATH001,Pull-ups,2025-10-31,1.5,4,8,7.3
ATH001,Yoke Walk,2025-10-31,165.2,3,30,6.8
ATH001,Barbell Row,2025-11-02,46.8,3,10,8.1
ATH001,Bench Press,2025-11-02,48.6,5,8,7.7
ATH001,Farmer's Walk,2025-11-02,70.4,3,12,8.3
ATH001,Deadlift,2025-11-05,118.8,3,6,6.6
ATH001,Farmer's Walk,2025-11-05,97.3,3,10,8.6
ATH001,Incline Bench Press,2025-11-05,46.5,4,12,6.4
ATH001,Deadlift,2025-11-07,127.2,4,3,8.7
ATH001,Incline Bench Press,2025-11-07,56.2,3,10,7.7
ATH001,Log Press,2025-11-07,46.9,4,3,9.0
ATH001,Deadlift,2025-11-09,127.5,3,4,8.5
ATH001,Farmer's Walk,2025-11-09,64.8,4,10,7.3
ATH001,Front Squat,2025-11-09,55.3,3,12,7.7
ATH001,Front Squat,2025-11-12,65.9,4,6,6.7
ATH001,Log Press,2025-11-12,37.6,4,8,5.5
ATH001,Squat,2025-11-12,58.0,4,3,5.5
ATH001,Deadlift,2025-11-14,89.6,3,3,6.5
ATH001,Pull-ups,2025-11-14,4.5,3,6,6.3
ATH001,Sandbag Carry,2025-11-14,49.7,4,18,7.6
ATH001,Incline Bench Press,2025-11-16,43.8,4,12,5.5
ATH001,Sandbag Carry,2025-11-16,65.6,4,25,6.0
ATH001,Squat,2025-11-16,81.2,3,6,7.2
ATH001,Farmer's Walk,2025-11-19,90.8,4,15,7.4
ATH001,Pull-ups,2025-11-19,8.7,3,10,6.9
ATH001,Squat,2025-11-19,76.2,4,3,7.1
ATH001,Deadlift,2025-11-21,121.7,5,6,8.3
ATH001,Farmer's Walk,2025-11-21,56.2,3,22,8.5
ATH001,Front Squat,2025-11-21,76.0,4,10,6.8
ATH001,Bench Press,2025-11-23,64.4,5,8,8.9
ATH001,Farmer's Walk,2025-11-23,73.7,4,26,7.0
ATH001,Pull-ups,2025-11-23,11.1,3,8,8.0
ATH001,Bench Press,2025-11-26,56.7,3,8,7.4
ATH001,Farmer's Walk,2025-11-26,56.0,3,25,8.3
ATH001,Pull-ups,2025-11-26,12.1,4,12,7.2
ATH001,Bench Press,2025-11-28,68.3,5,5,7.0
ATH001,Front Squat,2025-11-28,60.7,4,10,7.0
ATH001,Sandbag Carry,2025-11-28,75.8,3,15,8.0
ATH001,Bench Press,2025-11-30,52.5,4,10,7.4
ATH001,Incline Bench Press,2025-11-30,40.5,3,10,8.7
ATH001,Sandbag Carry,2025-11-30,82.9,3,20,7.7
ATH001,Bench Press,2025-12-03,50.6,3,10,7.3
ATH001,Farmer's Walk,2025-12-03,58.6,3,26,8.3
ATH001,Incline Bench Press,2025-12-03,65.0,3,10,6.3
ATH001,Bench Press,2025-12-05,47.6,5,10,6.1
ATH001,Log Press,2025-12-05,34.5,4,8,7.2
ATH001,Romanian Deadlift,2025-12-05,103.6,4,12,6.6
ATH001,Deadlift,2025-12-07,122.9,3,5,9.0
ATH001,Incline Bench Press,2025-12-07,39.0,4,12,6.1
ATH001,Yoke Walk,2025-12-07,200.2,3,26,8.5
ATH001,Log Press,2025-12-10,54.8,3,5,7.0
ATH001,Pull-ups,2025-12-10,7.5,4,6,7.5
ATH001,Squat,2025-12-10,97.2,3,4,8.4
ATH001,Deadlift,2025-12-12,113.7,4,5,8.2
ATH001,Farmer's Walk,2025-12-12,60.7,4,30,7.8
ATH001,Incline Bench Press,2025-12-12,54.0,4,6,6.8
ATH001,Deadlift,2025-12-14,103.7,5,3,7.3
ATH001,Log Press,2025-12-14,40.4,3,6,6.6
ATH001,Pull-ups,2025-12-14,7.5,4,10,7.6
ATH001,Deadlift,2025-12-17,116.3,4,3,8.0
ATH001,Farmer's Walk,2025-12-17,81.2,4,22,8.5
ATH001,Front Squat,2025-12-17,66.6,3,10,7.8
ATH001,Bench Press,2025-12-19,58.3,3,10,7.5
ATH001,Front Squat,2025-12-19,67.6,3,8,8.3
ATH001,Sandbag Carry,2025-12-19,62.5,3,22,7.0
ATH001,Barbell Row,2025-12-21,51.2,3,10,7.7
ATH001,Bench Press,2025-12-21,67.9,5,10,8.5
ATH001,Log Press,2025-12-21,57.7,4,3,8.5
ATH002,Incline Bench Press,2025-10-01,40.4,3,12,7.2
ATH002,Sandbag Carry,2025-10-01,83.1,4,25,7.3
ATH002,Squat,2025-10-01,69.2,5,5,7.7
ATH002,Farmer's Walk,2025-10-03,67.9,3,25,8.0
ATH002,Pull-ups,2025-10-03,6.3,4,12,7.6
ATH002,Squat,2025-10-03,60.6,5,5,7.8
ATH002,Barbell Row,2025-10-05,63.9,3,8,7.6
ATH002,Overhead Press,2025-10-05,40.3,5,6,8.3
ATH002,Sandbag Carry,2025-10-05,68.8,3,30,9.0
ATH002,Atlas Stone Load,2025-10-08,73.1,4,4,9.5
ATH002,Deadlift,2025-10-08,85.4,4,3,7.4
ATH002,Romanian Deadlift,2025-10-08,70.2,4,12,7.3
ATH002,Overhead Press,2025-10-10,38.3,4,10,8.7
ATH002,Romanian Deadlift,2025-10-10,63.7,4,10,8.4
ATH002,Sandbag Carry,2025-10-10,73.4,3,26,9.2
ATH002,Overhead Press,2025-10-12,28.3,5,8,8.2
ATH002,Pull-ups,2025-10-12,5.6,3,6,7.9
ATH002,Yoke Walk,2025-10-12,159.8,3,15,8.6
ATH002,Bench Press,2025-10-15,59.1,4,8,8.8
ATH002,Pull-ups,2025-10-15,2.1,4,6,6.1
ATH002,Yoke Walk,2025-10-15,181.7,3,18,8.5
ATH002,Barbell Row,2025-10-17,59.2,3,6,7.4
ATH002,Overhead Press,2025-10-17,36.4,4,5,6.7
ATH002,Sandbag Carry,2025-10-17,89.3,3,15,8.8
ATH002,Atlas Stone Load,2025-10-19,98.0,4,5,8.0
ATH002,Barbell Row,2025-10-19,42.8,3,10,6.5
ATH002,Bench Press,2025-10-19,47.1,5,10,7.8
ATH002,Deadlift,2025-10-22,108.8,3,5,9.2
ATH002,Front Squat,2025-10-22,61.6,3,8,8.6
ATH002,Log Press,2025-10-22,28.4,3,6,7.8
ATH002,Overhead Press,2025-10-24,39.9,4,6,8.9
ATH002,Romanian Deadlift,2025-10-24,70.0,3,12,8.5
ATH002,Sandbag Carry,2025-10-24,77.5,3,15,8.3
ATH002,Bench Press,2025-10-26,41.6,5,5,7.0
ATH002,Pull-ups,2025-10-26,9.6,3,8,7.4
ATH002,Yoke Walk,2025-10-26,161.6,4,30,8.3
ATH002,Atlas Stone Load,2025-10-29,106.7,3,4,7.6
ATH002,Deadlift,2025-10-29,102.9,5,4,7.0
ATH002,Incline Bench Press,2025-10-29,43.4,4,8,8.7
ATH002,Front Squat,2025-10-31,48.6,4,6,7.1
ATH002,Log Press,2025-10-31,36.2,3,3,6.5
ATH002,Squat,2025-10-31,74.2,5,4,7.9
ATH002,Deadlift,2025-11-02,100.8,5,3,7.9
ATH002,Farmer's Walk,2025-11-02,65.2,4,18,8.3
ATH002,Pull-ups,2025-11-02,9.0,3,8,8.0
ATH002,Barbell Row,2025-11-05,42.5,4,10,6.4
ATH002,Deadlift,2025-11-05,85.0,5,4,9.0
ATH002,Yoke Walk,2025-11-05,133.4,3,26,6.8
ATH002,Bench Press,2025-11-07,62.2,3,5,7.8
ATH002,Farmer's Walk,2025-11-07,67.7,4,26,8.1
ATH002,Romanian Deadlift,2025-11-07,69.8,4,8,7.7
ATH002,Deadlift,2025-11-09,96.5,3,4,8.7
ATH002,Incline Bench Press,2025-11-09,41.1,3,10,6.6
ATH002,Sandbag Carry,2025-11-09,61.7,3,18,6.9
ATH002,Bench Press,2025-11-12,58.0,5,6,5.5
ATH002,Romanian Deadlift,2025-11-12,78.9,4,6,5.5
ATH002,Sandbag Carry,2025-11-12,81.3,4,12,8.0
ATH002,Farmer's Walk,2025-11-14,58.4,3,12,6.9
ATH002,Front Squat,2025-11-14,44.5,3,10,5.8
ATH002,Squat,2025-11-14,78.8,4,3,7.4
ATH002,Barbell Row,2025-11-16,55.2,3,12,7.0
ATH002,Sandbag Carry,2025-11-16,60.3,4,25,7.4
ATH002,Squat,2025-11-16,69.0,5,6,6.6
ATH002,Barbell Row,2025-11-19,69.0,3,10,6.4
ATH002,Farmer's Walk,2025-11-19,98.8,3,15,7.8
ATH002,Squat,2025-11-19,97.4,4,4,6.8
ATH002,Atlas Stone Load,2025-11-21,109.3,3,5,8.9
ATH002,Overhead Press,2025-11-21,42.4,5,8,7.6
ATH002,Romanian Deadlift,2025-11-21,69.9,3,10,7.6
ATH002,Front Squat,2025-11-23,69.2,4,8,6.9
ATH002,Log Press,2025-11-23,48.1,3,6,7.1
ATH002,Squat,2025-11-23,93.8,3,6,7.5
ATH002,Barbell Row,2025-11-26,48.4,3,6,6.7
ATH002,Deadlift,2025-11-26,107.2,4,6,6.9
ATH002,Yoke Walk,2025-11-26,142.4,3,30,7.8
ATH002,Bench Press,2025-11-28,64.8,3,5,7.4
ATH002,Front Squat,2025-11-28,56.9,4,8,6.3
ATH002,Yoke Walk,2025-11-28,202.1,4,22,9.1
ATH002,Bench Press,2025-11-30,39.7,3,10,7.7
ATH002,Farmer's Walk,2025-11-30,57.4,3,22,8.5
ATH002,Pull-ups,2025-11-30,3.2,3,10,7.4
ATH002,Bench Press,2025-12-03,59.5,5,6,7.2
ATH002,Romanian Deadlift,2025-12-03,70.9,3,6,8.6
ATH002,Yoke Walk,2025-12-03,193.5,3,22,7.7
ATH002,Barbell Row,2025-12-05,53.1,4,10,6.7
ATH002,Sandbag Carry,2025-12-05,77.8,3,15,7.9
ATH002,Squat,2025-12-05,74.5,5,3,8.9
ATH002,Bench Press,2025-12-07,64.6,4,5,6.4
ATH002,Farmer's Walk,2025-12-07,57.3,3,10,8.1
ATH002,Incline Bench Press,2025-12-07,45.4,4,12,6.5
ATH002,Front Squat,2025-12-10,57.7,4,12,7.3
ATH002,Sandbag Carry,2025-12-10,72.7,4,25,8.5
ATH002,Squat,2025-12-10,95.0,4,5,7.0
ATH002,Atlas Stone Load,2025-12-12,77.0,3,3,9.3
ATH002,Bench Press,2025-12-12,50.1,5,5,8.8
ATH002,Romanian Deadlift,2025-12-12,71.3,4,6,8.8
ATH002,Barbell Row,2025-12-14,51.3,3,10,7.0
ATH002,Bench Press,2025-12-14,54.5,5,8,8.0
ATH002,Farmer's Walk,2025-12-14,71.8,4,30,9.2
ATH002,Bench Press,2025-12-17,64.8,5,8,6.9
ATH002,Farmer's Walk,2025-12-17,71.4,3,18,7.6
ATH002,Front Squat,2025-12-17,72.6,4,10,7.1
ATH002,Deadlift,2025-12-19,108.2,3,6,8.3
ATH002,Front Squat,2025-12-19,59.6,3,8,6.9
ATH002,Yoke Walk,2025-12-19,182.0,4,10,6.9
ATH002,Barbell Row,2025-12-21,61.2,4,10,8.7
ATH002,Deadlift,2025-12-21,90.1,3,5,9.0
ATH002,Yoke Walk,2025-12-21,207.8,4,18,6.6
ATH003,Deadlift,2025-10-01,110.5,4,6,9.0
ATH003,Incline Bench Press,2025-10-01,46.9,3,10,8.1
ATH003,Yoke Walk,2025-10-01,134.3,3,22,7.2
ATH003,Deadlift,2025-10-03,108.5,4,4,8.7
ATH003,Front Squat,2025-10-03,69.1,3,8,6.9
ATH003,Yoke Walk,2025-10-03,172.4,3,10,9.2
ATH003,Barbell Row,2025-10-05,42.0,3,12,6.2
ATH003,Deadlift,2025-10-05,101.7,5,3,7.6
ATH003,Log Press,2025-10-05,49.8,3,5,8.9
ATH003,Bench Press,2025-10-08,54.7,4,8,7.5
ATH003,Log Press,2025-10-08,47.5,3,8,7.8
ATH003,Pull-ups,2025-10-08,5.0,4,6,8.5
ATH003,Deadlift,2025-10-10,93.2,3,3,8.3
ATH003,Farmer's Walk,2025-10-10,70.5,3,12,8.9
ATH003,Pull-ups,2025-10-10,4.2,4,12,8.1
ATH003,Deadlift,2025-10-12,98.0,5,6,6.9
ATH003,Farmer's Walk,2025-10-12,42.6,4,10,7.0
ATH003,Pull-ups,2025-10-12,4.8,3,10,6.0
ATH003,Log Press,2025-10-15,49.3,4,6,7.8
ATH003,Overhead Press,2025-10-15,34.3,3,10,8.5
ATH003,Pull-ups,2025-10-15,7.5,3,6,7.0
ATH003,Barbell Row,2025-10-17,63.9,3,8,6.5
ATH003,Deadlift,2025-10-17,84.6,3,5,8.5
ATH003,Farmer's Walk,2025-10-17,49.2,3,12,7.6
ATH003,Deadlift,2025-10-19,87.7,5,6,8.9
ATH003,Pull-ups,2025-10-19,7.9,3,10,6.7
ATH003,Sandbag Carry,2025-10-19,75.2,4,18,6.6
ATH003,Bench Press,2025-10-22,49.4,4,6,6.8
ATH003,Pull-ups,2025-10-22,4.3,3,6,7.4
ATH003,Sandbag Carry,2025-10-22,75.3,3,26,8.3
ATH003,Bench Press,2025-10-24,63.0,4,5,6.6
ATH003,Incline Bench Press,2025-10-24,42.3,4,6,8.5
ATH003,Log Press,2025-10-24,30.8,4,5,7.1
ATH003,Deadlift,2025-10-26,98.5,3,6,7.1
ATH003,Log Press,2025-10-26,39.3,4,3,7.1
ATH003,Romanian Deadlift,2025-10-26,70.3,3,6,8.4
ATH003,Bench Press,2025-10-29,40.8,3,10,6.3
ATH003,Incline Bench Press,2025-10-29,52.9,3,10,6.3
ATH003,Sandbag Carry,2025-10-29,79.9,3,18,7.6
ATH003,Barbell Row,2025-10-31,68.0,4,8,7.4
ATH003,Farmer's Walk,2025-10-31,70.5,4,20,7.0
ATH003,Squat,2025-10-31,72.5,5,3,8.7
ATH003,Deadlift,2025-11-02,99.0,5,6,8.1
ATH003,Incline Bench Press,2025-11-02,54.5,3,8,7.8
ATH003,Log Press,2025-11-02,40.6,4,8,7.8
ATH003,Deadlift,2025-11-05,101.0,4,4,7.4
ATH003,Romanian Deadlift,2025-11-05,74.4,3,8,8.0
ATH003,Yoke Walk,2025-11-05,192.2,4,12,9.0
ATH003,Farmer's Walk,2025-11-07,77.9,3,10,8.5
ATH003,Overhead Press,2025-11-07,46.4,3,8,6.2
ATH003,Pull-ups,2025-11-07,0.2,3,12,7.4
ATH003,Incline Bench Press,2025-11-09,43.9,3,12,7.0
ATH003,Squat,2025-11-09,91.0,4,3,6.5
ATH003,Yoke Walk,2025-11-09,195.3,3,26,9.1
ATH003,Bench Press,2025-11-12,47.6,5,10,5.5
ATH003,Pull-ups,2025-11-12,9.1,4,8,5.5
ATH003,Sandbag Carry,2025-11-12,65.3,4,25,6.4
ATH003,Barbell Row,2025-11-14,38.4,3,10,7.4
ATH003,Log Press,2025-11-14,39.7,4,5,6.4
ATH003,Overhead Press,2025-11-14,36.1,4,5,6.9
ATH003,Atlas Stone Load,2025-11-16,69.7,4,3,6.0
ATH003,Bench Press,2025-11-16,44.6,3,5,5.9
ATH003,Romanian Deadlift,2025-11-16,66.0,3,6,5.5
ATH003,Bench Press,2025-11-19,53.3,5,10,7.3
ATH003,Romanian Deadlift,2025-11-19,96.4,4,6,8.8
ATH003,Sandbag Carry,2025-11-19,78.8,3,20,9.0
ATH003,Romanian Deadlift,2025-11-21,82.7,4,10,8.6
ATH003,Sandbag Carry,2025-11-21,69.7,3,15,7.0
ATH003,Squat,2025-11-21,96.4,5,3,6.7
ATH003,Barbell Row,2025-11-23,68.1,3,6,8.4
ATH003,Bench Press,2025-11-23,62.6,5,5,8.6
ATH003,Log Press,2025-11-23,52.3,4,8,9.3
ATH003,Atlas Stone Load,2025-11-26,109.7,3,2,7.4
ATH003,Front Squat,2025-11-26,52.2,3,8,6.3
ATH003,Overhead Press,2025-11-26,35.9,5,6,7.4
ATH003,Barbell Row,2025-11-28,44.3,3,6,6.1
ATH003,Overhead Press,2025-11-28,49.9,5,10,7.5
ATH003,Yoke Walk,2025-11-28,194.6,3,15,8.2
ATH003,Bench Press,2025-11-30,68.6,4,10,7.9
ATH003,Romanian Deadlift,2025-11-30,71.5,3,8,6.3
ATH003,Yoke Walk,2025-11-30,178.9,4,12,7.0
ATH003,Barbell Row,2025-12-03,46.4,4,12,8.6
ATH003,Bench Press,2025-12-03,44.1,4,5,7.3
ATH003,Log Press,2025-12-03,45.0,3,3,7.9
ATH003,Farmer's Walk,2025-12-05,50.8,4,25,8.6
ATH003,Front Squat,2025-12-05,81.5,4,10,6.1
ATH003,Overhead Press,2025-12-05,36.1,5,6,6.2
ATH003,Farmer's Walk,2025-12-07,76.1,4,25,8.5
ATH003,Front Squat,2025-12-07,60.7,4,12,8.7
ATH003,Overhead Press,2025-12-07,30.6,4,5,7.9
ATH003,Barbell Row,2025-12-10,68.5,4,8,6.3
ATH003,Log Press,2025-12-10,47.0,4,6,8.6
ATH003,Squat,2025-12-10,88.0,4,3,8.2
ATH003,Atlas Stone Load,2025-12-12,84.9,4,2,9.0
ATH003,Overhead Press,2025-12-12,28.9,4,10,6.4
ATH003,Pull-ups,2025-12-12,7.3,3,8,7.4
ATH003,Barbell Row,2025-12-14,52.9,3,8,7.1
ATH003,Bench Press,2025-12-14,47.5,4,10,6.7
ATH003,Farmer's Walk,2025-12-14,53.9,3,25,7.5
ATH003,Barbell Row,2025-12-17,74.3,4,10,7.7
ATH003,Farmer's Walk,2025-12-17,52.2,4,30,7.8
ATH003,Overhead Press,2025-12-17,38.6,5,5,7.5
ATH003,Deadlift,2025-12-19,115.8,4,5,8.0
ATH003,Farmer's Walk,2025-12-19,61.9,3,25,8.1
ATH003,Front Squat,2025-12-19,83.8,4,6,8.2
ATH003,Bench Press,2025-12-21,42.5,4,10,6.9
ATH003,Farmer's Walk,2025-12-21,57.4,4,10,9.0
ATH003,Incline Bench Press,2025-12-21,47.7,4,10,8.7
ATH004,Atlas Stone Load,2025-10-01,92.3,3,4,8.9
ATH004,Overhead Press,2025-10-01,25.2,5,8,8.5
ATH004,Romanian Deadlift,2025-10-01,62.3,3,10,8.8
ATH004,Deadlift,2025-10-03,97.4,3,3,7.0
ATH004,Pull-ups,2025-10-03,7.0,4,12,7.6
ATH004,Yoke Walk,2025-10-03,154.5,4,15,7.2
ATH004,Log Press,2025-10-05,33.2,3,5,6.9
ATH004,Overhead Press,2025-10-05,25.1,5,10,7.4
ATH004,Romanian Deadlift,2025-10-05,93.7,3,8,6.8
ATH004,Deadlift,2025-10-08,117.4,4,4,7.1
ATH004,Pull-ups,2025-10-08,7.1,3,6,6.4
ATH004,Sandbag Carry,2025-10-08,61.8,4,22,8.8
ATH004,Barbell Row,2025-10-10,69.6,4,10,8.2
ATH004,Farmer's Walk,2025-10-10,78.5,4,12,8.7
ATH004,Squat,2025-10-10,82.0,3,6,7.3
ATH004,Atlas Stone Load,2025-10-12,98.8,4,5,8.7
ATH004,Bench Press,2025-10-12,43.5,4,6,6.4
ATH004,Pull-ups,2025-10-12,4.6,4,10,7.5
ATH004,Atlas Stone Load,2025-10-15,68.2,4,5,7.7
ATH004,Deadlift,2025-10-15,116.8,3,4,9.1
ATH004,Front Squat,2025-10-15,70.3,4,6,7.0
ATH004,Atlas Stone Load,2025-10-17,64.9,4,5,8.4
ATH004,Front Squat,2025-10-17,69.1,3,12,6.9
ATH004,Overhead Press,2025-10-17,43.2,4,6,8.9
ATH004,Bench Press,2025-10-19,37.9,3,6,8.6
ATH004,Farmer's Walk,2025-10-19,76.4,3,30,7.9
ATH004,Front Squat,2025-10-19,73.7,3,8,6.1
ATH004,Atlas Stone Load,2025-10-22,85.1,3,3,9.2
ATH004,Front Squat,2025-10-22,73.7,3,10,7.8
ATH004,Squat,2025-10-22,68.2,5,3,7.1
ATH004,Incline Bench Press,2025-10-24,35.3,4,10,6.9
ATH004,Log Press,2025-10-24,34.3,3,8,6.7
ATH004,Overhead Press,2025-10-24,46.7,4,10,6.4
ATH004,Log Press,2025-10-26,44.6,3,3,7.0
ATH004,Overhead Press,2025-10-26,41.3,4,10,7.7
ATH004,Pull-ups,2025-10-26,7.0,3,12,7.6
ATH004,Atlas Stone Load,2025-10-29,77.6,4,4,7.7
ATH004,Deadlift,2025-10-29,124.8,3,4,7.2
ATH004,Romanian Deadlift,2025-10-29,66.7,3,12,8.4
ATH004,Farmer's Walk,2025-10-31,52.6,3,10,6.7
ATH004,Incline Bench Press,2025-10-31,51.1,3,10,6.4
ATH004,Overhead Press,2025-10-31,37.9,3,6,7.7
ATH004,Barbell Row,2025-11-02,59.1,4,6,7.3
ATH004,Overhead Press,2025-11-02,43.1,4,10,6.7
ATH004,Yoke Walk,2025-11-02,177.0,4,25,8.5
ATH004,Bench Press,2025-11-05,67.6,4,8,7.4
ATH004,Log Press,2025-11-05,41.1,3,6,7.8
ATH004,Pull-ups,2025-11-05,5.3,4,8,8.4
ATH004,Deadlift,2025-11-07,101.6,5,5,8.0
ATH004,Farmer's Walk,2025-11-07,82.1,3,12,7.9
ATH004,Romanian Deadlift,2025-11-07,77.2,3,12,7.8
ATH004,Atlas Stone Load,2025-11-09,110.4,4,3,9.1
ATH004,Overhead Press,2025-11-09,28.0,4,10,9.0
ATH004,Pull-ups,2025-11-09,9.9,3,8,6.7
ATH004,Deadlift,2025-11-12,90.2,3,4,7.2
ATH004,Incline Bench Press,2025-11-12,52.1,4,6,7.8
ATH004,Yoke Walk,2025-11-12,163.2,3,30,7.0
ATH004,Bench Press,2025-11-14,44.0,5,8,5.5
ATH004,Farmer's Walk,2025-11-14,39.2,3,12,7.1
ATH004,Front Squat,2025-11-14,57.6,3,6,7.4
ATH004,Atlas Stone Load,2025-11-16,93.8,4,2,8.1
ATH004,Barbell Row,2025-11-16,51.9,3,6,6.7
ATH004,Overhead Press,2025-11-16,20.5,3,5,6.2
ATH004,Barbell Row,2025-11-19,58.4,3,10,8.7
ATH004,Farmer's Walk,2025-11-19,55.2,3,10,8.4
ATH004,Squat,2025-11-19,86.0,5,3,7.0
ATH004,Deadlift,2025-11-21,119.9,4,5,8.1
ATH004,Pull-ups,2025-11-21,8.2,4,6,6.3
ATH004,Yoke Walk,2025-11-21,149.9,4,25,7.7
ATH004,Farmer's Walk,2025-11-23,47.9,4,25,8.9
ATH004,Pull-ups,2025-11-23,14.7,4,12,6.0
ATH004,Squat,2025-11-23,92.7,3,3,8.7
ATH004,Incline Bench Press,2025-11-26,40.7,3,8,7.6
ATH004,Log Press,2025-11-26,57.4,4,5,7.4
ATH004,Squat,2025-11-26,85.0,4,6,8.8
ATH004,Bench Press,2025-11-28,42.7,3,8,7.1
ATH004,Incline Bench Press,2025-11-28,52.0,4,8,8.6
ATH004,Sandbag Carry,2025-11-28,89.6,4,22,9.0
ATH004,Barbell Row,2025-11-30,61.0,4,12,6.2
ATH004,Log Press,2025-11-30,57.3,3,5,7.8
ATH004,Squat,2025-11-30,69.1,5,5,6.9
ATH004,Incline Bench Press,2025-12-03,49.3,3,6,6.4
ATH004,Overhead Press,2025-12-03,44.0,3,8,6.3
ATH004,Sandbag Carry,2025-12-03,74.2,4,20,7.3
ATH004,Atlas Stone Load,2025-12-05,83.0,3,2,7.1
ATH004,Deadlift,2025-12-05,92.2,4,4,8.3
ATH004,Pull-ups,2025-12-05,9.8,3,8,7.1
ATH004,Bench Press,2025-12-07,41.5,5,6,7.3
ATH004,Farmer's Walk,2025-12-07,75.6,4,30,6.6
ATH004,Romanian Deadlift,2025-12-07,93.1,4,12,6.1
ATH004,Deadlift,2025-12-10,128.2,4,5,7.4
ATH004,Front Squat,2025-12-10,63.1,3,6,8.4
ATH004,Sandbag Carry,2025-12-10,61.6,4,20,7.2
ATH004,Farmer's Walk,2025-12-12,84.1,4,15,9.1
ATH004,Overhead Press,2025-12-12,45.3,3,5,7.3
ATH004,Romanian Deadlift,2025-12-12,89.4,4,12,6.7
ATH004,Atlas Stone Load,2025-12-14,83.1,3,2,7.9
ATH004,Pull-ups,2025-12-14,5.5,3,8,7.7
ATH004,Squat,2025-12-14,73.9,3,3,7.6
ATH004,Deadlift,2025-12-17,126.8,3,5,7.1
ATH004,Pull-ups,2025-12-17,3.4,4,6,7.2
ATH004,Sandbag Carry,2025-12-17,87.0,4,15,9.0
ATH004,Log Press,2025-12-19,41.3,4,6,7.2
ATH004,Romanian Deadlift,2025-12-19,76.2,4,6,7.5
ATH004,Squat,2025-12-19,77.7,5,4,9.2
ATH004,Barbell Row,2025-12-21,52.7,3,8,6.9
ATH004,Squat,2025-12-21,73.7,5,3,7.3
ATH004,Yoke Walk,2025-12-21,203.3,4,18,7.9
ATH005,Front Squat,2025-10-01,71.0,3,6,8.2
ATH005,Log Press,2025-10-01,26.7,3,8,6.6
ATH005,Overhead Press,2025-10-01,21.6,5,10,8.3
ATH005,Bench Press,2025-10-03,58.7,3,10,7.3
ATH005,Farmer's Walk,2025-10-03,48.5,3,30,7.5
ATH005,Front Squat,2025-10-03,54.2,3,12,7.2
ATH005,Farmer's Walk,2025-10-05,45.7,4,15,7.2
ATH005,Romanian Deadlift,2025-10-05,90.1,3,12,8.7
ATH005,Squat,2025-10-05,66.1,4,4,8.7
ATH005,Incline Bench Press,2025-10-08,41.8,4,6,6.2
ATH005,Sandbag Carry,2025-10-08,55.4,3,26,7.0
ATH005,Squat,2025-10-08,60.9,3,4,8.4
ATH005,Barbell Row,2025-10-10,52.5,4,6,8.8
ATH005,Overhead Press,2025-10-10,30.5,3,8,8.2
ATH005,Yoke Walk,2025-10-10,188.9,3,30,9.0
ATH005,Bench Press,2025-10-12,46.9,3,6,7.4
ATH005,Incline Bench Press,2025-10-12,45.5,3,10,6.7
ATH005,Yoke Walk,2025-10-12,170.0,4,30,6.8
ATH005,Bench Press,2025-10-15,40.7,5,8,8.6
ATH005,Romanian Deadlift,2025-10-15,69.4,4,8,7.5
ATH005,Sandbag Carry,2025-10-15,61.4,3,12,7.2
ATH005,Deadlift,2025-10-17,111.4,4,3,7.9
ATH005,Romanian Deadlift,2025-10-17,80.4,3,8,8.7
ATH005,Yoke Walk,2025-10-17,129.4,4,22,9.2
ATH005,Bench Press,2025-10-19,40.9,3,5,7.7
ATH005,Farmer's Walk,2025-10-19,75.2,4,20,6.6
ATH005,Incline Bench Press,2025-10-19,51.4,3,10,8.0
ATH005,Atlas Stone Load,2025-10-22,94.3,3,3,9.4
ATH005,Front Squat,2025-10-22,51.6,4,12,8.0
ATH005,Squat,2025-10-22,73.1,3,3,8.3
ATH005,Atlas Stone Load,2025-10-24,103.3,3,2,8.2
ATH005,Deadlift,2025-10-24,94.8,4,5,7.3
ATH005,Pull-ups,2025-10-24,1.8,3,10,6.1
ATH005,Front Squat,2025-10-26,57.1,4,10,6.2
ATH005,Log Press,2025-10-26,37.6,3,8,7.9
ATH005,Overhead Press,2025-10-26,36.7,3,10,7.3
ATH005,Overhead Press,2025-10-29,32.1,5,5,6.2
ATH005,Romanian Deadlift,2025-10-29,67.4,3,8,8.8
ATH005,Sandbag Carry,2025-10-29,74.8,3,12,8.7
ATH005,Atlas Stone Load,2025-10-31,80.1,3,2,9.2
ATH005,Deadlift,2025-10-31,101.6,4,3,8.8
ATH005,Pull-ups,2025-10-31,3.0,4,10,6.4
ATH005,Romanian Deadlift,2025-11-02,77.5,4,6,7.5
ATH005,Sandbag Carry,2025-11-02,76.0,3,18,8.7
ATH005,Squat,2025-11-02,65.3,3,3,6.6
ATH005,Overhead Press,2025-11-05,37.0,4,5,8.0
ATH005,Pull-ups,2025-11-05,6.9,4,12,6.9
ATH005,Yoke Walk,2025-11-05,149.4,4,18,7.5
ATH005,Deadlift,2025-11-07,87.1,5,6,8.1
ATH005,Log Press,2025-11-07,29.5,4,3,6.6
ATH005,Pull-ups,2025-11-07,1.5,4,12,6.6
ATH005,Deadlift,2025-11-09,93.9,3,6,8.5
ATH005,Log Press,2025-11-09,45.5,4,6,9.1
ATH005,Romanian Deadlift,2025-11-09,69.4,4,8,8.8
ATH005,Barbell Row,2025-11-12,62.9,4,12,6.9
ATH005,Overhead Press,2025-11-12,25.4,3,5,6.2
ATH005,Sandbag Carry,2025-11-12,50.4,4,30,5.5
ATH005,Atlas Stone Load,2025-11-14,83.7,3,4,7.5
ATH005,Incline Bench Press,2025-11-14,45.5,3,12,5.5
ATH005,Overhead Press,2025-11-14,20.9,3,5,6.8
ATH005,Deadlift,2025-11-16,91.9,3,5,6.8
ATH005,Pull-ups,2025-11-16,4.1,3,12,5.5
ATH005,Sandbag Carry,2025-11-16,65.5,3,10,6.4
ATH005,Atlas Stone Load,2025-11-19,99.5,3,4,8.5
ATH005,Front Squat,2025-11-19,65.7,4,12,7.5
ATH005,Overhead Press,2025-11-19,37.2,4,6,8.2
ATH005,Pull-ups,2025-11-21,12.4,3,8,7.1
ATH005,Squat,2025-11-21,78.3,3,5,8.7
ATH005,Yoke Walk,2025-11-21,168.3,3,15,6.9
ATH005,Deadlift,2025-11-23,91.2,4,6,7.9
ATH005,Log Press,2025-11-23,51.8,4,5,9.3
ATH005,Pull-ups,2025-11-23,8.0,4,6,8.0
ATH005,Bench Press,2025-11-26,63.9,3,5,8.8
ATH005,Farmer's Walk,2025-11-26,50.8,4,25,8.7
ATH005,Pull-ups,2025-11-26,11.1,4,10,6.5
ATH005,Barbell Row,2025-11-28,44.6,4,12,7.2
ATH005,Bench Press,2025-11-28,53.9,3,8,8.8
ATH005,Sandbag Carry,2025-11-28,59.0,4,20,7.1
ATH005,Barbell Row,2025-11-30,71.9,3,6,8.6
ATH005,Bench Press,2025-11-30,57.1,4,8,7.1
ATH005,Log Press,2025-11-30,48.9,3,6,9.3
ATH005,Front Squat,2025-12-03,58.2,3,6,7.0
ATH005,Log Press,2025-12-03,35.6,4,5,8.1
ATH005,Overhead Press,2025-12-03,34.3,5,5,6.0
ATH005,Barbell Row,2025-12-05,54.4,4,6,6.7
ATH005,Deadlift,2025-12-05,96.6,3,5,9.1
ATH005,Farmer's Walk,2025-12-05,79.4,4,25,7.6
ATH005,Atlas Stone Load,2025-12-07,95.4,4,5,9.3
ATH005,Deadlift,2025-12-07,85.8,3,4,9.2
ATH005,Pull-ups,2025-12-07,9.7,4,10,8.1
ATH005,Barbell Row,2025-12-10,49.3,4,8,6.9
ATH005,Log Press,2025-12-10,57.7,3,8,7.4
ATH005,Squat,2025-12-10,66.9,3,6,6.7
ATH005,Bench Press,2025-12-12,66.7,3,6,8.8
ATH005,Farmer's Walk,2025-12-12,61.2,3,25,8.9
ATH005,Incline Bench Press,2025-12-12,49.3,3,12,7.3
ATH005,Deadlift,2025-12-14,96.3,4,4,8.6
ATH005,Incline Bench Press,2025-12-14,59.0,3,6,8.4
ATH005,Sandbag Carry,2025-12-14,65.1,4,30,7.6
ATH005,Bench Press,2025-12-17,42.4,4,5,6.7
ATH005,Front Squat,2025-12-17,66.3,3,12,7.8
ATH005,Yoke Walk,2025-12-17,197.8,4,26,8.6
ATH005,Bench Press,2025-12-19,65.9,3,10,6.9
ATH005,Farmer's Walk,2025-12-19,81.8,4,30,7.6
ATH005,Incline Bench Press,2025-12-19,60.8,4,12,7.9
ATH005,Deadlift,2025-12-21,101.8,3,6,8.8
ATH005,Farmer's Walk,2025-12-21,71.5,4,15,7.6
ATH005,Front Squat,2025-12-21,80.6,3,10,7.4
ATH006,Atlas Stone Load,2025-10-01,80.1,4,4,7.1
ATH006,Front Squat,2025-10-01,50.4,4,8,8.7
ATH006,Squat,2025-10-01,67.7,3,6,7.1
ATH006,Incline Bench Press,2025-10-03,35.2,4,12,8.0
ATH006,Overhead Press,2025-10-03,28.3,5,10,8.1
ATH006,Yoke Walk,2025-10-03,114.6,4,26,7.2
ATH006,Barbell Row,2025-10-05,46.9,4,8,7.6
ATH006,Deadlift,2025-10-05,86.5,3,3,7.1
ATH006,Sandbag Carry,2025-10-05,56.0,3,10,8.6
ATH006,Barbell Row,2025-10-08,41.2,3,10,6.9
ATH006,Bench Press,2025-10-08,30.9,3,6,8.7
ATH006,Log Press,2025-10-08,36.8,4,3,6.8
ATH006,Deadlift,2025-10-10,95.9,3,3,7.5
ATH006,Farmer's Walk,2025-10-10,65.2,4,12,8.7
ATH006,Incline Bench Press,2025-10-10,26.8,4,12,7.4
ATH006,Incline Bench Press,2025-10-12,33.0,4,12,6.3
ATH006,Overhead Press,2025-10-12,29.2,4,8,8.0
ATH006,Sandbag Carry,2025-10-12,59.6,4,10,9.2
ATH006,Deadlift,2025-10-15,97.4,5,3,6.6
ATH006,Pull-ups,2025-10-15,2.4,4,10,7.3
ATH006,Yoke Walk,2025-10-15,117.2,3,22,7.4
ATH006,Barbell Row,2025-10-17,38.1,3,8,8.3
ATH006,Bench Press,2025-10-17,46.6,5,8,8.1
ATH006,Yoke Walk,2025-10-17,169.1,4,20,7.5
ATH006,Atlas Stone Load,2025-10-19,61.3,3,2,8.7
ATH006,Bench Press,2025-10-19,33.9,5,6,7.5
ATH006,Romanian Deadlift,2025-10-19,63.2,4,10,6.7
ATH006,Front Squat,2025-10-22,48.5,3,8,8.6
ATH006,Log Press,2025-10-22,51.5,4,8,7.8
ATH006,Overhead Press,2025-10-22,25.7,4,5,7.7
ATH006,Barbell Row,2025-10-24,52.3,4,6,7.9
ATH006,Sandbag Carry,2025-10-24,58.6,3,26,7.7
ATH006,Squat,2025-10-24,67.8,5,5,7.1
ATH006,Farmer's Walk,2025-10-26,71.8,4,20,9.0
ATH006,Front Squat,2025-10-26,50.9,4,6,8.1
ATH006,Overhead Press,2025-10-26,31.9,5,5,6.6
ATH006,Deadlift,2025-10-29,90.3,4,3,7.7
ATH006,Romanian Deadlift,2025-10-29,66.2,4,6,6.3
ATH006,Sandbag Carry,2025-10-29,68.3,3,15,8.2
ATH006,Farmer's Walk,2025-10-31,51.1,3,15,8.0
ATH006,Incline Bench Press,2025-10-31,37.2,3,8,7.1
ATH006,Squat,2025-10-31,60.7,3,3,7.2
ATH006,Barbell Row,2025-11-02,52.9,4,12,7.7
ATH006,Deadlift,2025-11-02,79.6,3,4,6.8
ATH006,Farmer's Walk,2025-11-02,80.2,4,30,7.6
ATH006,Bench Press,2025-11-05,61.1,4,10,6.4
ATH006,Pull-ups,2025-11-05,4.2,4,10,8.4
ATH006,Yoke Walk,2025-11-05,163.4,3,26,7.9
ATH006,Log Press,2025-11-07,31.1,3,6,8.2
ATH006,Romanian Deadlift,2025-11-07,53.3,3,8,8.8
ATH006,Squat,2025-11-07,80.6,4,4,7.2
ATH006,Bench Press,2025-11-09,41.2,4,8,7.8
ATH006,Front Squat,2025-11-09,54.0,4,12,7.9
ATH006,Yoke Walk,2025-11-09,137.8,4,12,7.1
ATH006,Incline Bench Press,2025-11-12,30.0,3,6,7.5
ATH006,Sandbag Carry,2025-11-12,71.0,3,30,5.7
ATH006,Squat,2025-11-12,54.6,3,5,6.1
ATH006,Deadlift,2025-11-14,90.5,3,3,7.5
ATH006,Front Squat,2025-11-14,44.6,4,6,6.7
ATH006,Log Press,2025-11-14,25.3,3,8,6.7
ATH006,Romanian Deadlift,2025-11-16,76.0,4,10,7.0
ATH006,Squat,2025-11-16,67.0,3,4,6.4
ATH006,Yoke Walk,2025-11-16,100.7,3,25,6.0
ATH006,Front Squat,2025-11-19,59.6,4,12,6.9
ATH006,Log Press,2025-11-19,31.8,3,8,8.9
ATH006,Squat,2025-11-19,71.6,5,5,6.9
ATH006,Bench Press,2025-11-21,52.7,3,6,6.3
ATH006,Farmer's Walk,2025-11-21,67.0,4,10,9.1
ATH006,Front Squat,2025-11-21,64.6,4,10,6.2
ATH006,Barbell Row,2025-11-23,44.7,4,8,7.6
ATH006,Bench Press,2025-11-23,43.1,4,6,6.7
ATH006,Log Press,2025-11-23,41.1,4,5,6.7
ATH006,Barbell Row,2025-11-26,51.5,4,8,7.8
ATH006,Deadlift,2025-11-26,93.4,3,3,8.4
ATH006,Yoke Walk,2025-11-26,169.9,3,12,8.2
ATH006,Deadlift,2025-11-28,77.4,5,3,8.9
ATH006,Romanian Deadlift,2025-11-28,72.8,3,12,7.7
ATH006,Sandbag Carry,2025-11-28,56.5,3,26,7.2
ATH006,Incline Bench Press,2025-11-30,53.7,3,6,6.0
ATH006,Squat,2025-11-30,61.1,4,3,7.6
ATH006,Yoke Walk,2025-11-30,176.8,3,20,8.1
ATH006,Bench Press,2025-12-03,50.9,3,5,6.3
ATH006,Romanian Deadlift,2025-12-03,64.1,4,12,6.9
ATH006,Yoke Walk,2025-12-03,179.9,4,12,9.1
ATH006,Front Squat,2025-12-05,74.8,3,12,6.5
ATH006,Sandbag Carry,2025-12-05,59.3,3,30,9.0
ATH006,Squat,2025-12-05,62.6,3,4,7.6
ATH006,Barbell Row,2025-12-07,54.4,3,10,6.4
ATH006,Squat,2025-12-07,73.3,5,4,8.4
ATH006,Yoke Walk,2025-12-07,139.5,3,26,7.0
ATH006,Bench Press,2025-12-10,58.0,4,6,8.1
ATH006,Pull-ups,2025-12-10,6.1,3,6,6.2
ATH006,Yoke Walk,2025-12-10,173.3,4,30,8.6
ATH006,Pull-ups,2025-12-12,12.0,3,12,7.6
ATH006,Squat,2025-12-12,81.6,3,4,7.0
ATH006,Yoke Walk,2025-12-12,176.0,3,18,8.1
ATH006,Barbell Row,2025-12-14,69.2,3,12,6.9
ATH006,Deadlift,2025-12-14,76.5,3,4,7.4
ATH006,Sandbag Carry,2025-12-14,69.2,3,30,7.0
ATH006,Front Squat,2025-12-17,48.6,4,12,7.9
ATH006,Log Press,2025-12-17,42.1,3,8,7.9
ATH006,Squat,2025-12-17,75.5,5,5,9.2
ATH006,Log Press,2025-12-19,46.6,4,5,8.1
ATH006,Overhead Press,2025-12-19,38.3,3,10,8.2
ATH006,Pull-ups,2025-12-19,5.1,3,10,6.5
ATH006,Deadlift,2025-12-21,103.1,4,3,9.0
ATH006,Front Squat,2025-12-21,70.7,4,12,7.8
ATH006,Log Press,2025-12-21,30.8,3,6,8.5
ATH007,Atlas Stone Load,2025-10-01,66.1,3,2,9.4
ATH007,Barbell Row,2025-10-01,55.5,3,10,7.4
ATH007,Overhead Press,2025-10-01,38.2,3,5,8.4
ATH007,Barbell Row,2025-10-03,59.7,3,12,6.3
ATH007,Squat,2025-10-03,81.2,4,5,8.9
ATH007,Yoke Walk,2025-10-03,198.8,3,15,8.0
ATH007,Front Squat,2025-10-05,48.8,4,8,7.6
ATH007,Overhead Press,2025-10-05,41.3,5,6,6.1
ATH007,Yoke Walk,2025-10-05,131.4,3,26,7.1
ATH007,Deadlift,2025-10-08,125.1,5,4,6.9
ATH007,Pull-ups,2025-10-08,8.0,4,6,7.8
ATH007,Sandbag Carry,2025-10-08,75.6,3,22,6.8
ATH007,Atlas Stone Load,2025-10-10,79.7,4,4,8.2
ATH007,Deadlift,2025-10-10,87.8,4,3,7.2
ATH007,Romanian Deadlift,2025-10-10,80.3,4,10,7.8
ATH007,Front Squat,2025-10-12,57.7,4,6,6.9
ATH007,Log Press,2025-10-12,27.7,3,8,8.2
ATH007,Squat,2025-10-12,78.2,5,4,7.8
ATH007,Barbell Row,2025-10-15,64.5,3,8,6.2
ATH007,Log Press,2025-10-15,36.3,3,8,8.6
ATH007,Squat,2025-10-15,83.5,3,6,9.0
ATH007,Farmer's Walk,2025-10-17,60.8,3,15,8.9
ATH007,Incline Bench Press,2025-10-17,38.6,4,10,8.6
ATH007,Squat,2025-10-17,92.7,4,3,7.6
ATH007,Bench Press,2025-10-19,64.8,5,8,7.0
ATH007,Incline Bench Press,2025-10-19,50.6,3,6,7.4
ATH007,Yoke Walk,2025-10-19,197.3,3,30,6.8
ATH007,Log Press,2025-10-22,46.2,3,6,7.5
ATH007,Overhead Press,2025-10-22,37.0,3,5,7.1
ATH007,Pull-ups,2025-10-22,4.1,3,10,7.7
ATH007,Atlas Stone Load,2025-10-24,68.8,3,4,9.4
ATH007,Deadlift,2025-10-24,107.0,3,5,6.9
ATH007,Front Squat,2025-10-24,54.6,4,6,8.4
ATH007,Barbell Row,2025-10-26,56.1,4,12,8.6
ATH007,Log Press,2025-10-26,50.4,4,6,8.6
ATH007,Squat,2025-10-26,74.7,5,4,8.0
ATH007,Incline Bench Press,2025-10-29,49.2,4,6,8.3
ATH007,Sandbag Carry,2025-10-29,98.5,3,18,7.9
ATH007,Squat,2025-10-29,91.8,5,3,6.8
ATH007,Atlas Stone Load,2025-10-31,105.8,3,2,8.6
ATH007,Bench Press,2025-10-31,44.4,4,10,7.5
ATH007,Pull-ups,2025-10-31,8.4,3,10,7.6
ATH007,Deadlift,2025-11-02,93.3,4,3,7.9
ATH007,Farmer's Walk,2025-11-02,90.2,3,25,8.0
ATH007,Pull-ups,2025-11-02,7.7,4,12,8.1
ATH007,Barbell Row,2025-11-05,72.3,3,6,7.0
ATH007,Farmer's Walk,2025-11-05,60.2,3,10,8.0
ATH007,Overhead Press,2025-11-05,28.4,3,6,7.8
ATH007,Bench Press,2025-11-07,64.7,3,5,9.0
ATH007,Log Press,2025-11-07,36.5,4,3,8.3
ATH007,Romanian Deadlift,2025-11-07,97.2,3,12,6.1
ATH007,Barbell Row,2025-11-09,60.7,4,8,7.5
ATH007,Deadlift,2025-11-09,104.5,3,6,7.7
ATH007,Farmer's Walk,2025-11-09,69.3,3,18,8.8
ATH007,Bench Press,2025-11-12,56.4,4,8,6.7
ATH007,Farmer's Walk,2025-11-12,46.1,4,15,7.3
ATH007,Incline Bench Press,2025-11-12,43.5,4,6,6.4
ATH007,Barbell Row,2025-11-14,55.9,3,12,6.6
ATH007,Deadlift,2025-11-14,82.5,5,6,6.5
ATH007,Farmer's Walk,2025-11-14,80.8,3,25,7.9
ATH007,Front Squat,2025-11-16,72.4,4,12,6.5
ATH007,Overhead Press,2025-11-16,24.8,5,10,6.3
ATH007,Sandbag Carry,2025-11-16,66.9,3,30,7.6
ATH007,Farmer's Walk,2025-11-19,71.1,3,26,7.4
ATH007,Front Squat,2025-11-19,71.6,3,8,6.6
ATH007,Overhead Press,2025-11-19,26.6,3,10,7.4
ATH007,Farmer's Walk,2025-11-21,69.3,4,20,7.9
ATH007,Romanian Deadlift,2025-11-21,81.9,3,12,7.5
ATH007,Squat,2025-11-21,71.3,4,4,9.2
ATH007,Atlas Stone Load,2025-11-23,79.8,3,5,8.0
ATH007,Bench Press,2025-11-23,71.6,4,5,6.6
ATH007,Romanian Deadlift,2025-11-23,99.8,4,12,7.4
ATH007,Deadlift,2025-11-26,90.9,4,4,8.5
ATH007,Pull-ups,2025-11-26,13.4,4,12,7.0
ATH007,Sandbag Carry,2025-11-26,95.1,3,12,8.6
ATH007,Barbell Row,2025-11-28,76.6,3,8,8.4
ATH007,Deadlift,2025-11-28,89.4,5,3,8.7
ATH007,Farmer's Walk,2025-11-28,53.7,4,30,9.0
ATH007,Log Press,2025-11-30,38.8,3,8,9.3
ATH007,Romanian Deadlift,2025-11-30,96.3,3,10,6.9
ATH007,Squat,2025-11-30,73.2,4,3,7.2
ATH007,Bench Press,2025-12-03,62.6,3,8,8.5
ATH007,Romanian Deadlift,2025-12-03,93.7,3,12,7.9
ATH007,Yoke Walk,2025-12-03,189.1,3,26,6.7
ATH007,Bench Press,2025-12-05,57.9,3,5,8.4
ATH007,Front Squat,2025-12-05,55.6,4,6,8.3
ATH007,Sandbag Carry,2025-12-05,78.8,4,18,7.3
ATH007,Barbell Row,2025-12-07,47.7,3,12,8.5
ATH007,Overhead Press,2025-12-07,24.4,3,8,7.0
ATH007,Sandbag Carry,2025-12-07,90.8,3,18,7.1
ATH007,Barbell Row,2025-12-10,75.6,4,8,7.0
ATH007,Deadlift,2025-12-10,103.3,5,4,8.1
ATH007,Log Press,2025-12-10,36.4,4,3,7.0
ATH007,Atlas Stone Load,2025-12-12,100.1,3,4,7.1
ATH007,Front Squat,2025-12-12,55.1,3,10,7.1
ATH007,Overhead Press,2025-12-12,32.2,4,5,6.3
ATH007,Deadlift,2025-12-14,98.4,3,4,8.9
ATH007,Front Squat,2025-12-14,57.3,4,10,6.2
ATH007,Log Press,2025-12-14,51.9,4,3,9.4
ATH007,Bench Press,2025-12-17,68.7,5,10,8.2
ATH007,Romanian Deadlift,2025-12-17,94.7,4,10,7.8
ATH007,Sandbag Carry,2025-12-17,100.7,4,20,8.4
ATH007,Atlas Stone Load,2025-12-19,102.6,3,4,7.5
ATH007,Pull-ups,2025-12-19,9.0,4,6,8.4
ATH007,Squat,2025-12-19,87.6,4,6,8.9
ATH007,Incline Bench Press,2025-12-21,40.6,3,12,6.6
ATH007,Sandbag Carry,2025-12-21,84.6,3,15,7.3
ATH007,Squat,2025-12-21,78.1,4,3,8.4
ATH008,Romanian Deadlift,2025-10-01,92.6,4,8,7.4
ATH008,Squat,2025-10-01,84.6,4,5,9.1
ATH008,Yoke Walk,2025-10-01,202.8,3,26,9.0
ATH008,Front Squat,2025-10-03,54.2,4,8,8.0
ATH008,Overhead Press,2025-10-03,45.3,4,8,8.8
ATH008,Yoke Walk,2025-10-03,138.5,4,12,8.3
ATH008,Atlas Stone Load,2025-10-05,102.8,4,2,7.3
ATH008,Deadlift,2025-10-05,91.5,4,3,6.5
ATH008,Romanian Deadlift,2025-10-05,69.4,3,10,6.1
ATH008,Bench Press,2025-10-08,49.6,3,5,7.3
ATH008,Farmer's Walk,2025-10-08,66.6,4,20,8.0
ATH008,Incline Bench Press,2025-10-08,54.2,3,8,7.9
ATH008,Barbell Row,2025-10-10,51.6,4,12,7.3
ATH008,Deadlift,2025-10-10,106.6,3,6,8.2
ATH008,Log Press,2025-10-10,28.5,3,5,8.5
ATH008,Atlas Stone Load,2025-10-12,76.0,3,5,8.5
ATH008,Deadlift,2025-10-12,126.4,4,5,8.1
ATH008,Incline Bench Press,2025-10-12,37.8,3,10,8.0
ATH008,Barbell Row,2025-10-15,54.1,3,12,7.9
ATH008,Deadlift,2025-10-15,92.6,5,3,8.4
ATH008,Yoke Walk,2025-10-15,176.6,3,10,7.8
ATH008,Bench Press,2025-10-17,42.8,5,5,6.3
ATH008,Pull-ups,2025-10-17,10.0,4,8,6.0
ATH008,Yoke Walk,2025-10-17,167.2,4,20,8.4
ATH008,Front Squat,2025-10-19,72.4,3,8,6.4
ATH008,Overhead Press,2025-10-19,44.2,5,5,9.0
ATH008,Yoke Walk,2025-10-19,209.1,4,15,7.6
ATH008,Deadlift,2025-10-22,126.9,4,3,6.9
ATH008,Incline Bench Press,2025-10-22,51.8,3,10,7.0
ATH008,Log Press,2025-10-22,46.4,4,3,7.9
ATH008,Incline Bench Press,2025-10-24,39.4,3,8,7.2
ATH008,Overhead Press,2025-10-24,35.4,4,8,6.9
ATH008,Yoke Walk,2025-10-24,208.8,3,22,7.9
ATH008,Bench Press,2025-10-26,56.2,3,5,8.7
ATH008,Romanian Deadlift,2025-10-26,84.1,3,10,6.1
ATH008,Sandbag Carry,2025-10-26,84.9,3,26,6.7
ATH008,Overhead Press,2025-10-29,44.7,3,6,6.5
ATH008,Pull-ups,2025-10-29,4.4,4,10,8.2
ATH008,Sandbag Carry,2025-10-29,101.2,4,10,6.7
ATH008,Bench Press,2025-10-31,43.6,3,10,8.8
ATH008,Farmer's Walk,2025-10-31,68.7,3,18,6.9
ATH008,Pull-ups,2025-10-31,8.1,3,8,6.3
ATH008,Front Squat,2025-11-02,50.1,4,10,6.6
ATH008,Log Press,2025-11-02,49.3,4,3,8.2
ATH008,Squat,2025-11-02,82.2,3,5,6.9
ATH008,Barbell Row,2025-11-05,74.1,3,12,8.8
ATH008,Deadlift,2025-11-05,107.3,3,4,6.7
ATH008,Yoke Walk,2025-11-05,164.9,3,15,6.8
ATH008,Atlas Stone Load,2025-11-07,79.9,3,2,7.4
ATH008,Front Squat,2025-11-07,56.0,3,8,7.5
ATH008,Overhead Press,2025-11-07,32.1,4,5,8.1
ATH008,Deadlift,2025-11-09,120.2,4,3,8.0
ATH008,Pull-ups,2025-11-09,8.4,4,8,6.2
ATH008,Sandbag Carry,2025-11-09,69.1,4,18,8.7
ATH008,Deadlift,2025-11-12,118.0,4,5,6.3
ATH008,Farmer's Walk,2025-11-12,74.0,3,18,6.5
ATH008,Incline Bench Press,2025-11-12,42.4,4,6,6.8
ATH008,Atlas Stone Load,2025-11-14,83.7,4,4,7.9
ATH008,Front Squat,2025-11-14,59.1,4,6,5.7
ATH008,Overhead Press,2025-11-14,32.8,5,5,7.3
ATH008,Barbell Row,2025-11-16,45.6,3,12,6.6
ATH008,Squat,2025-11-16,92.2,5,3,7.2
ATH008,Yoke Walk,2025-11-16,196.9,4,12,7.0
ATH008,Deadlift,2025-11-19,108.1,5,3,6.6
ATH008,Farmer's Walk,2025-11-19,64.3,4,26,8.0
ATH008,Romanian Deadlift,2025-11-19,85.3,3,10,6.4
ATH008,Log Press,2025-11-21,56.5,4,3,8.1
ATH008,Romanian Deadlift,2025-11-21,81.3,3,8,6.6
ATH008,Squat,2025-11-21,89.9,3,5,6.8
ATH008,Bench Press,2025-11-23,61.6,3,10,6.3
ATH008,Front Squat,2025-11-23,64.9,4,12,7.5
ATH008,Yoke Walk,2025-11-23,195.8,4,26,8.8
ATH008,Barbell Row,2025-11-26,63.6,4,8,6.4
ATH008,Farmer's Walk,2025-11-26,83.5,3,30,7.9
ATH008,Overhead Press,2025-11-26,44.7,4,8,8.4
ATH008,Deadlift,2025-11-28,128.2,4,3,7.9
ATH008,Farmer's Walk,2025-11-28,68.5,3,18,6.6
ATH008,Pull-ups,2025-11-28,5.7,3,12,7.0
ATH008,Atlas Stone Load,2025-11-30,77.9,4,3,9.2
ATH008,Romanian Deadlift,2025-11-30,69.9,3,8,7.6
ATH008,Squat,2025-11-30,82.1,4,3,7.2
ATH008,Barbell Row,2025-12-03,78.6,3,10,7.3
ATH008,Deadlift,2025-12-03,93.3,3,5,7.2
ATH008,Yoke Walk,2025-12-03,201.8,4,18,9.2
ATH008,Atlas Stone Load,2025-12-05,73.9,4,5,9.1
ATH008,Overhead Press,2025-12-05,40.0,5,5,6.4
ATH008,Romanian Deadlift,2025-12-05,69.5,4,8,8.3
ATH008,Bench Press,2025-12-07,66.6,5,8,6.4
ATH008,Incline Bench Press,2025-12-07,55.4,4,6,6.6
ATH008,Yoke Walk,2025-12-07,196.1,3,25,7.7
ATH008,Atlas Stone Load,2025-12-10,71.0,3,2,7.5
ATH008,Barbell Row,2025-12-10,53.4,3,6,7.9
ATH008,Bench Press,2025-12-10,43.6,5,5,7.3
ATH008,Front Squat,2025-12-12,80.8,4,12,6.1
ATH008,Sandbag Carry,2025-12-12,76.7,4,20,8.3
ATH008,Squat,2025-12-12,83.0,5,5,7.0
ATH008,Bench Press,2025-12-14,61.9,5,5,7.5
ATH008,Romanian Deadlift,2025-12-14,78.3,3,8,6.1
ATH008,Sandbag Carry,2025-12-14,67.5,3,26,6.7
ATH008,Incline Bench Press,2025-12-17,60.8,4,12,6.8
ATH008,Log Press,2025-12-17,56.1,4,3,9.4
ATH008,Overhead Press,2025-12-17,29.7,4,6,8.9
ATH008,Deadlift,2025-12-19,96.3,5,5,7.1
ATH008,Front Squat,2025-12-19,75.0,4,12,6.8
ATH008,Log Press,2025-12-19,34.5,4,8,9.1
ATH008,Incline Bench Press,2025-12-21,58.3,3,6,7.7
ATH008,Squat,2025-12-21,68.3,4,6,8.1
ATH008,Yoke Walk,2025-12-21,183.4,3,26,8.4
ATH009,Deadlift,2025-10-01,138.5,3,3,8.2
ATH009,Romanian Deadlift,2025-10-01,109.1,3,12,7.1
ATH009,Sandbag Carry,2025-10-01,60.8,4,30,6.7
ATH009,Romanian Deadlift,2025-10-03,72.4,4,12,8.4
ATH009,Squat,2025-10-03,101.8,5,3,6.8
ATH009,Yoke Walk,2025-10-03,190.7,4,20,6.8
ATH009,Farmer's Walk,2025-10-05,76.5,4,20,8.4
ATH009,Romanian Deadlift,2025-10-05,107.7,3,12,7.5
ATH009,Squat,2025-10-05,104.3,3,3,8.5
ATH009,Farmer's Walk,2025-10-08,76.4,4,22,7.3
ATH009,Incline Bench Press,2025-10-08,57.1,3,12,8.7
ATH009,Overhead Press,2025-10-08,31.2,3,8,8.2
ATH009,Deadlift,2025-10-10,121.0,4,5,6.9
ATH009,Incline Bench Press,2025-10-10,61.6,3,10,6.5
ATH009,Log Press,2025-10-10,41.2,3,3,8.9
ATH009,Bench Press,2025-10-12,61.5,3,8,8.2
ATH009,Farmer's Walk,2025-10-12,58.8,3,25,8.6
ATH009,Incline Bench Press,2025-10-12,54.6,3,6,7.5
ATH009,Atlas Stone Load,2025-10-15,90.4,4,4,7.4
ATH009,Romanian Deadlift,2025-10-15,88.6,4,10,8.6
ATH009,Squat,2025-10-15,82.4,5,5,6.6
ATH009,Barbell Row,2025-10-17,69.3,4,8,6.5
ATH009,Bench Press,2025-10-17,42.4,5,10,6.0
ATH009,Sandbag Carry,2025-10-17,81.5,4,15,7.1
ATH009,Barbell Row,2025-10-19,76.2,4,10,7.6
ATH009,Log Press,2025-10-19,41.3,3,5,9.0
ATH009,Squat,2025-10-19,101.7,5,4,8.9
ATH009,Bench Press,2025-10-22,60.3,3,10,7.1
ATH009,Farmer's Walk,2025-10-22,79.9,4,10,8.1
ATH009,Incline Bench Press,2025-10-22,66.0,3,10,8.4
ATH009,Barbell Row,2025-10-24,53.3,3,12,6.5
ATH009,Log Press,2025-10-24,66.6,4,3,7.3
ATH009,Squat,2025-10-24,88.4,5,6,7.6
ATH009,Log Press,2025-10-26,41.4,4,8,8.7
ATH009,Romanian Deadlift,2025-10-26,94.6,3,10,8.7
ATH009,Squat,2025-10-26,92.4,3,6,8.3
ATH009,Deadlift,2025-10-29,123.5,5,4,7.9
ATH009,Log Press,2025-10-29,50.2,4,3,8.7
ATH009,Pull-ups,2025-10-29,4.3,3,12,6.3
ATH009,Atlas Stone Load,2025-10-31,106.2,4,3,7.3
ATH009,Deadlift,2025-10-31,103.5,4,6,7.7
ATH009,Pull-ups,2025-10-31,9.9,4,12,6.5
ATH009,Front Squat,2025-11-02,73.6,4,6,6.2
ATH009,Log Press,2025-11-02,59.3,4,3,8.5
ATH009,Overhead Press,2025-11-02,35.1,3,6,7.3
ATH009,Barbell Row,2025-11-05,73.8,4,10,6.3
ATH009,Overhead Press,2025-11-05,45.8,4,8,7.0
ATH009,Sandbag Carry,2025-11-05,89.4,3,20,9.2
ATH009,Farmer's Walk,2025-11-07,92.2,4,12,8.6
ATH009,Romanian Deadlift,2025-11-07,76.1,3,10,6.8
ATH009,Squat,2025-11-07,110.6,3,4,7.2
ATH009,Bench Press,2025-11-09,52.5,3,6,9.0
ATH009,Romanian Deadlift,2025-11-09,103.6,4,12,6.4
ATH009,Yoke Walk,2025-11-09,229.3,4,26,8.9
ATH009,Deadlift,2025-11-12,102.4,5,4,7.3
ATH009,Incline Bench Press,2025-11-12,38.2,4,6,6.4
ATH009,Log Press,2025-11-12,63.4,4,6,6.8
ATH009,Deadlift,2025-11-14,116.5,4,3,5.6
ATH009,Incline Bench Press,2025-11-14,59.9,4,6,5.6
ATH009,Log Press,2025-11-14,42.6,3,3,8.2
ATH009,Atlas Stone Load,2025-11-16,83.2,3,4,7.2
ATH009,Barbell Row,2025-11-16,71.9,4,6,7.7
ATH009,Overhead Press,2025-11-16,47.4,4,8,5.5
ATH009,Atlas Stone Load,2025-11-19,88.7,4,2,7.7
ATH009,Bench Press,2025-11-19,65.8,4,6,8.8
ATH009,Front Squat,2025-11-19,89.9,3,10,7.7
ATH009,Atlas Stone Load,2025-11-21,124.5,3,2,7.8
ATH009,Deadlift,2025-11-21,127.1,5,3,7.4
ATH009,Romanian Deadlift,2025-11-21,73.6,4,6,6.6
ATH009,Front Squat,2025-11-23,61.9,4,12,8.5
ATH009,Overhead Press,2025-11-23,28.6,5,8,6.4
ATH009,Yoke Walk,2025-11-23,246.5,3,26,8.1
ATH009,Farmer's Walk,2025-11-26,86.0,3,10,6.9
ATH009,Pull-ups,2025-11-26,2.2,4,6,6.8
ATH009,Squat,2025-11-26,104.0,4,6,7.4
ATH009,Atlas Stone Load,2025-11-28,118.0,3,5,7.6
ATH009,Bench Press,2025-11-28,70.0,5,8,6.1
ATH009,Pull-ups,2025-11-28,6.2,4,12,6.9
ATH009,Atlas Stone Load,2025-11-30,93.2,3,5,7.2
ATH009,Deadlift,2025-11-30,127.3,5,6,7.6
ATH009,Front Squat,2025-11-30,91.9,3,8,7.5
ATH009,Bench Press,2025-12-03,51.9,3,5,8.4
ATH009,Farmer's Walk,2025-12-03,64.2,3,30,7.2
ATH009,Front Squat,2025-12-03,65.0,3,8,7.6
ATH009,Atlas Stone Load,2025-12-05,121.4,4,5,7.1
ATH009,Bench Press,2025-12-05,70.8,5,5,7.0
ATH009,Incline Bench Press,2025-12-05,52.3,3,10,7.1
ATH009,Deadlift,2025-12-07,132.4,4,5,7.1
ATH009,Pull-ups,2025-12-07,9.6,3,10,6.1
ATH009,Yoke Walk,2025-12-07,244.8,4,10,7.9
ATH009,Pull-ups,2025-12-10,14.9,4,12,6.2
ATH009,Squat,2025-12-10,93.8,3,4,9.0
ATH009,Yoke Walk,2025-12-10,220.0,4,26,7.7
ATH009,Barbell Row,2025-12-12,64.2,4,8,6.0
ATH009,Bench Press,2025-12-12,68.5,4,5,6.6
ATH009,Farmer's Walk,2025-12-12,61.8,4,18,7.3
ATH009,Bench Press,2025-12-14,78.1,5,10,7.8
ATH009,Romanian Deadlift,2025-12-14,82.9,3,8,8.1
ATH009,Sandbag Carry,2025-12-14,84.8,3,20,7.0
ATH009,Farmer's Walk,2025-12-17,79.0,3,10,8.1
ATH009,Overhead Press,2025-12-17,38.4,4,8,8.3
ATH009,Pull-ups,2025-12-17,16.0,4,8,7.2
ATH009,Deadlift,2025-12-19,141.2,3,5,7.9
ATH009,Farmer's Walk,2025-12-19,86.2,3,20,8.3
ATH009,Pull-ups,2025-12-19,10.6,3,6,6.6
ATH009,Deadlift,2025-12-21,117.9,4,4,7.0
ATH009,Romanian Deadlift,2025-12-21,92.2,3,12,7.7
ATH009,Sandbag Carry,2025-12-21,109.0,3,30,6.8
ATH010,Bench Press,2025-10-01,35.5,3,6,8.4
ATH010,Log Press,2025-10-01,37.8,3,8,8.7
ATH010,Romanian Deadlift,2025-10-01,78.5,4,6,7.3
ATH010,Atlas Stone Load,2025-10-03,75.2,3,5,8.7
ATH010,Deadlift,2025-10-03,82.9,5,3,7.3
ATH010,Incline Bench Press,2025-10-03,33.6,4,10,7.2
ATH010,Barbell Row,2025-10-05,40.0,3,10,8.4
ATH010,Deadlift,2025-10-05,96.1,4,5,8.1
ATH010,Sandbag Carry,2025-10-05,82.9,4,26,7.7
ATH010,Deadlift,2025-10-08,84.3,5,5,7.8
ATH010,Front Squat,2025-10-08,57.8,4,12,8.2
ATH010,Yoke Walk,2025-10-08,182.3,4,30,8.9
ATH010,Bench Press,2025-10-10,46.2,5,6,6.4
ATH010,Pull-ups,2025-10-10,8.2,3,12,6.8
ATH010,Yoke Walk,2025-10-10,167.7,3,30,7.6
ATH010,Deadlift,2025-10-12,93.2,5,4,8.9
ATH010,Log Press,2025-10-12,42.3,3,5,8.3
ATH010,Romanian Deadlift,2025-10-12,83.3,4,6,7.4
ATH010,Atlas Stone Load,2025-10-15,90.5,3,2,8.6
ATH010,Bench Press,2025-10-15,39.9,4,10,7.9
ATH010,Pull-ups,2025-10-15,10.0,4,8,7.5
ATH010,Atlas Stone Load,2025-10-17,86.0,3,4,8.2
ATH010,Overhead Press,2025-10-17,25.6,4,5,8.2
ATH010,Romanian Deadlift,2025-10-17,87.9,4,6,6.7
ATH010,Barbell Row,2025-10-19,40.4,3,10,7.8
ATH010,Bench Press,2025-10-19,42.5,3,6,7.1
ATH010,Yoke Walk,2025-10-19,162.4,3,22,7.1
ATH010,Deadlift,2025-10-22,87.6,3,6,9.0
ATH010,Romanian Deadlift,2025-10-22,69.5,4,6,6.9
ATH010,Sandbag Carry,2025-10-22,83.5,3,20,8.8
ATH010,Deadlift,2025-10-24,85.9,4,5,7.1
ATH010,Farmer's Walk,2025-10-24,46.9,4,18,8.6
ATH010,Romanian Deadlift,2025-10-24,66.5,4,12,7.7
ATH010,Atlas Stone Load,2025-10-26,81.1,3,5,9.3
ATH010,Deadlift,2025-10-26,88.5,5,5,7.6
ATH010,Romanian Deadlift,2025-10-26,64.3,3,6,8.0
ATH010,Deadlift,2025-10-29,104.0,5,4,8.2
ATH010,Farmer's Walk,2025-10-29,44.6,3,15,7.0
ATH010,Incline Bench Press,2025-10-29,29.5,4,8,7.7
ATH010,Barbell Row,2025-10-31,50.5,3,6,6.9
ATH010,Bench Press,2025-10-31,56.9,5,5,8.7
ATH010,Sandbag Carry,2025-10-31,61.1,3,30,9.1
ATH010,Barbell Row,2025-11-02,54.3,4,6,7.5
ATH010,Overhead Press,2025-11-02,39.5,4,6,6.4
ATH010,Sandbag Carry,2025-11-02,57.5,3,20,9.0
ATH010,Barbell Row,2025-11-05,52.7,3,8,7.0
ATH010,Farmer's Walk,2025-11-05,57.5,3,10,8.4
ATH010,Squat,2025-11-05,67.3,5,5,7.5
ATH010,Farmer's Walk,2025-11-07,55.9,4,26,7.5
ATH010,Overhead Press,2025-11-07,41.1,4,6,6.2
ATH010,Pull-ups,2025-11-07,9.9,3,10,7.0
ATH010,Deadlift,2025-11-09,102.3,3,5,8.4
ATH010,Pull-ups,2025-11-09,2.8,4,12,7.4
ATH010,Sandbag Carry,2025-11-09,72.8,3,12,6.9
ATH010,Barbell Row,2025-11-12,59.7,4,8,5.5
ATH010,Farmer's Walk,2025-11-12,55.1,4,30,6.5
ATH010,Overhead Press,2025-11-12,32.4,4,8,5.5
ATH010,Barbell Row,2025-11-14,42.6,4,12,7.7
ATH010,Deadlift,2025-11-14,87.8,5,5,5.5
ATH010,Farmer's Walk,2025-11-14,68.5,3,20,5.5
ATH010,Barbell Row,2025-11-16,58.9,4,8,7.3
ATH010,Overhead Press,2025-11-16,25.7,5,8,6.2
ATH010,Yoke Walk,2025-11-16,154.9,4,15,5.9
ATH010,Deadlift,2025-11-19,100.5,4,3,7.4
ATH010,Log Press,2025-11-19,38.1,4,5,7.6
ATH010,Pull-ups,2025-11-19,9.4,3,8,8.5
ATH010,Deadlift,2025-11-21,103.0,3,6,8.4
ATH010,Romanian Deadlift,2025-11-21,59.7,3,12,6.5
ATH010,Yoke Walk,2025-11-21,163.0,4,10,6.5
ATH010,Atlas Stone Load,2025-11-23,96.6,3,4,7.9
ATH010,Barbell Row,2025-11-23,59.4,3,12,7.6
ATH010,Deadlift,2025-11-23,79.6,4,3,8.8
ATH010,Bench Press,2025-11-26,39.7,4,10,6.5
ATH010,Romanian Deadlift,2025-11-26,64.1,3,8,6.1
ATH010,Yoke Walk,2025-11-26,156.6,3,12,9.0
ATH010,Barbell Row,2025-11-28,54.8,3,6,6.3
ATH010,Farmer's Walk,2025-11-28,57.4,3,10,7.0
ATH010,Overhead Press,2025-11-28,20.9,4,6,7.1
ATH010,Barbell Row,2025-11-30,44.2,4,10,6.5
ATH010,Sandbag Carry,2025-11-30,61.3,4,22,7.7
ATH010,Squat,2025-11-30,73.8,5,3,7.6
ATH010,Atlas Stone Load,2025-12-03,86.3,3,5,7.5
ATH010,Deadlift,2025-12-03,84.7,3,5,7.0
ATH010,Incline Bench Press,2025-12-03,42.1,3,8,6.2
ATH010,Overhead Press,2025-12-05,28.5,4,6,8.7
ATH010,Romanian Deadlift,2025-12-05,96.4,3,10,8.4
ATH010,Yoke Walk,2025-12-05,189.8,3,15,8.5
ATH010,Deadlift,2025-12-07,108.6,5,5,7.0
ATH010,Farmer's Walk,2025-12-07,62.5,4,20,7.4
ATH010,Incline Bench Press,2025-12-07,40.0,3,8,8.8
ATH010,Bench Press,2025-12-10,52.7,5,6,8.3
ATH010,Farmer's Walk,2025-12-10,54.4,3,15,9.2
ATH010,Front Squat,2025-12-10,51.7,4,10,6.7
ATH010,Bench Press,2025-12-12,47.1,5,5,6.8
ATH010,Front Squat,2025-12-12,58.7,4,8,7.8
ATH010,Yoke Walk,2025-12-12,157.0,3,20,8.2
ATH010,Incline Bench Press,2025-12-14,52.9,3,12,7.0
ATH010,Overhead Press,2025-12-14,35.0,3,6,6.4
ATH010,Yoke Walk,2025-12-14,155.7,3,18,8.3
ATH010,Barbell Row,2025-12-17,48.1,4,10,6.8
ATH010,Bench Press,2025-12-17,37.6,3,6,7.0
ATH010,Sandbag Carry,2025-12-17,60.9,4,18,8.3
ATH010,Atlas Stone Load,2025-12-19,101.1,3,5,9.1
ATH010,Bench Press,2025-12-19,47.4,5,6,7.8
ATH010,Romanian Deadlift,2025-12-19,63.0,4,8,7.8
ATH010,Overhead Press,2025-12-21,21.5,4,5,9.0
ATH010,Pull-ups,2025-12-21,8.7,3,10,7.7
ATH010,Yoke Walk,2025-12-21,147.0,3,12,8.4
ATH011,Farmer's Walk,2025-10-01,57.0,4,12,8.5
ATH011,Overhead Press,2025-10-01,28.7,3,6,7.2
ATH011,Pull-ups,2025-10-01,7.1,3,10,6.1
ATH011,Barbell Row,2025-10-03,63.3,3,10,6.5
ATH011,Bench Press,2025-10-03,45.1,3,10,8.5
ATH011,Log Press,2025-10-03,55.3,3,5,7.6
ATH011,Deadlift,2025-10-05,122.4,5,6,6.5
ATH011,Farmer's Walk,2025-10-05,60.4,3,15,8.5
ATH011,Incline Bench Press,2025-10-05,55.0,4,12,8.3
ATH011,Deadlift,2025-10-08,90.0,5,4,9.0
ATH011,Farmer's Walk,2025-10-08,57.4,3,26,8.0
ATH011,Pull-ups,2025-10-08,8.4,3,8,8.0
ATH011,Deadlift,2025-10-10,114.5,3,3,8.1
ATH011,Farmer's Walk,2025-10-10,48.4,3,22,6.8
ATH011,Romanian Deadlift,2025-10-10,69.8,4,12,7.5
ATH011,Overhead Press,2025-10-12,24.8,3,6,8.4
ATH011,Romanian Deadlift,2025-10-12,65.3,4,10,7.8
ATH011,Yoke Walk,2025-10-12,184.3,4,10,7.7
ATH011,Farmer's Walk,2025-10-15,67.0,3,20,8.3
ATH011,Front Squat,2025-10-15,80.9,4,8,8.5
ATH011,Squat,2025-10-15,64.2,4,6,6.6
ATH011,Barbell Row,2025-10-17,47.5,4,6,6.7
ATH011,Overhead Press,2025-10-17,46.2,3,6,6.8
ATH011,Sandbag Carry,2025-10-17,83.2,4,10,7.0
ATH011,Deadlift,2025-10-19,90.4,5,6,8.1
ATH011,Farmer's Walk,2025-10-19,56.6,4,22,7.7
ATH011,Front Squat,2025-10-19,52.2,3,8,6.9
ATH011,Barbell Row,2025-10-22,68.9,4,6,8.7
ATH011,Deadlift,2025-10-22,124.9,4,4,7.3
ATH011,Yoke Walk,2025-10-22,181.6,3,12,8.5
ATH011,Front Squat,2025-10-24,70.0,4,10,7.7
ATH011,Overhead Press,2025-10-24,22.1,3,8,7.1
ATH011,Yoke Walk,2025-10-24,221.3,4,25,7.7
ATH011,Barbell Row,2025-10-26,64.2,3,12,6.9
ATH011,Overhead Press,2025-10-26,39.4,3,6,6.5
ATH011,Sandbag Carry,2025-10-26,72.1,3,15,9.0
ATH011,Romanian Deadlift,2025-10-29,86.3,3,6,6.1
ATH011,Squat,2025-10-29,73.5,4,5,6.9
ATH011,Yoke Walk,2025-10-29,157.4,4,22,8.8
ATH011,Bench Press,2025-10-31,65.8,5,8,7.0
ATH011,Farmer's Walk,2025-10-31,75.4,3,30,6.5
ATH011,Romanian Deadlift,2025-10-31,77.2,3,8,7.6
ATH011,Bench Press,2025-11-02,56.1,3,8,8.7
ATH011,Farmer's Walk,2025-11-02,79.9,3,10,8.1
ATH011,Incline Bench Press,2025-11-02,37.0,4,8,7.5
ATH011,Bench Press,2025-11-05,53.9,5,8,8.1
ATH011,Front Squat,2025-11-05,67.3,3,8,6.6
ATH011,Yoke Walk,2025-11-05,154.4,3,22,8.2
ATH011,Atlas Stone Load,2025-11-07,89.3,3,5,8.7
ATH011,Deadlift,2025-11-07,122.0,5,3,8.1
ATH011,Pull-ups,2025-11-07,5.1,3,6,6.8
ATH011,Barbell Row,2025-11-09,63.0,3,10,7.1
ATH011,Bench Press,2025-11-09,57.4,5,6,7.7
ATH011,Log Press,2025-11-09,32.4,3,8,9.1
ATH011,Farmer's Walk,2025-11-12,50.3,4,15,5.7
ATH011,Pull-ups,2025-11-12,4.5,4,12,7.0
ATH011,Squat,2025-11-12,67.5,5,5,6.0
ATH011,Barbell Row,2025-11-14,51.0,3,12,7.4
ATH011,Sandbag Carry,2025-11-14,84.6,4,22,7.3
ATH011,Squat,2025-11-14,80.4,5,6,7.4
ATH011,Barbell Row,2025-11-16,41.6,4,8,5.5
ATH011,Bench Press,2025-11-16,36.9,5,10,5.6
ATH011,Yoke Walk,2025-11-16,189.6,3,10,6.7
ATH011,Bench Press,2025-11-19,76.9,5,5,6.4
ATH011,Incline Bench Press,2025-11-19,35.7,3,10,8.3
ATH011,Log Press,2025-11-19,48.2,4,3,8.9
ATH011,Log Press,2025-11-21,34.1,4,6,6.7
ATH011,Overhead Press,2025-11-21,37.8,4,8,8.3
ATH011,Romanian Deadlift,2025-11-21,77.7,4,10,6.3
ATH011,Atlas Stone Load,2025-11-23,107.2,4,5,9.4
ATH011,Deadlift,2025-11-23,119.8,5,6,8.9
ATH011,Pull-ups,2025-11-23,7.8,4,8,6.7
ATH011,Atlas Stone Load,2025-11-26,88.5,4,3,9.4
ATH011,Incline Bench Press,2025-11-26,59.6,3,10,8.2
ATH011,Squat,2025-11-26,83.4,5,5,9.0
ATH011,Atlas Stone Load,2025-11-28,84.0,3,2,9.3
ATH011,Pull-ups,2025-11-28,2.8,4,6,7.2
ATH011,Squat,2025-11-28,73.9,4,4,8.5
ATH011,Bench Press,2025-11-30,68.6,5,6,7.1
ATH011,Farmer's Walk,2025-11-30,80.1,4,25,8.0
ATH011,Incline Bench Press,2025-11-30,57.1,4,10,8.2
ATH011,Deadlift,2025-12-03,108.3,3,4,9.2
ATH011,Romanian Deadlift,2025-12-03,106.7,4,10,8.1
ATH011,Sandbag Carry,2025-12-03,94.0,3,15,6.8
ATH011,Atlas Stone Load,2025-12-05,101.2,4,5,7.2
ATH011,Incline Bench Press,2025-12-05,54.3,4,8,7.2
ATH011,Squat,2025-12-05,94.5,3,5,7.9
ATH011,Deadlift,2025-12-07,117.6,4,6,8.3
ATH011,Romanian Deadlift,2025-12-07,75.5,3,10,6.8
ATH011,Sandbag Carry,2025-12-07,95.1,3,26,7.5
ATH011,Front Squat,2025-12-10,65.4,3,10,6.8
ATH011,Log Press,2025-12-10,56.5,3,8,7.1
ATH011,Squat,2025-12-10,83.2,4,5,7.2
ATH011,Barbell Row,2025-12-12,53.9,3,10,6.6
ATH011,Deadlift,2025-12-12,108.8,3,5,8.0
ATH011,Sandbag Carry,2025-12-12,60.4,3,30,8.7
ATH011,Farmer's Walk,2025-12-14,85.5,3,12,8.2
ATH011,Incline Bench Press,2025-12-14,58.2,4,6,7.8
ATH011,Squat,2025-12-14,74.2,4,5,8.0
ATH011,Barbell Row,2025-12-17,55.7,3,8,8.0
ATH011,Bench Press,2025-12-17,57.9,3,6,6.5
ATH011,Farmer's Walk,2025-12-17,98.3,3,12,7.2
ATH011,Front Squat,2025-12-19,57.2,3,10,8.4
ATH011,Log Press,2025-12-19,45.3,4,3,6.6
ATH011,Squat,2025-12-19,96.9,5,6,6.7
ATH011,Atlas Stone Load,2025-12-21,93.2,4,3,8.5
ATH011,Bench Press,2025-12-21,62.8,5,10,8.6
ATH011,Pull-ups,2025-12-21,10.9,3,10,6.3
ATH012,Atlas Stone Load,2025-10-01,72.7,4,3,8.7
ATH012,Bench Press,2025-10-01,61.2,5,8,6.1
ATH012,Incline Bench Press,2025-10-01,34.7,4,12,6.7
ATH012,Farmer's Walk,2025-10-03,55.5,3,26,7.7
ATH012,Overhead Press,2025-10-03,19.8,5,5,8.4
ATH012,Romanian Deadlift,2025-10-03,70.8,3,6,7.9
ATH012,Romanian Deadlift,2025-10-05,68.4,3,6,7.4
ATH012,Sandbag Carry,2025-10-05,76.7,3,12,8.7
ATH012,Squat,2025-10-05,65.0,4,3,8.3
ATH012,Barbell Row,2025-10-08,48.5,4,6,8.1
ATH012,Bench Press,2025-10-08,63.6,4,5,7.6
ATH012,Yoke Walk,2025-10-08,159.2,4,15,7.4
ATH012,Atlas Stone Load,2025-10-10,74.0,4,2,9.2
ATH012,Bench Press,2025-10-10,61.4,4,8,7.1
ATH012,Romanian Deadlift,2025-10-10,94.9,3,10,7.9
ATH012,Barbell Row,2025-10-12,58.2,4,6,7.4
ATH012,Overhead Press,2025-10-12,32.8,4,6,6.4
ATH012,Sandbag Carry,2025-10-12,82.6,4,30,6.5
ATH012,Farmer's Walk,2025-10-15,75.0,4,30,6.8
ATH012,Romanian Deadlift,2025-10-15,92.8,3,10,8.7
ATH012,Squat,2025-10-15,85.5,3,5,6.9
ATH012,Front Squat,2025-10-17,73.4,3,6,8.8
ATH012,Sandbag Carry,2025-10-17,58.8,3,18,6.5
ATH012,Squat,2025-10-17,73.5,3,3,7.5
ATH012,Overhead Press,2025-10-19,29.2,5,10,7.2
ATH012,Romanian Deadlift,2025-10-19,75.6,4,8,7.4
ATH012,Sandbag Carry,2025-10-19,58.2,3,15,6.9
ATH012,Farmer's Walk,2025-10-22,52.2,3,22,9.0
ATH012,Romanian Deadlift,2025-10-22,72.4,3,6,7.1
ATH012,Squat,2025-10-22,81.4,3,6,8.9
ATH012,Farmer's Walk,2025-10-24,45.3,4,18,6.8
ATH012,Pull-ups,2025-10-24,8.6,3,10,6.2
ATH012,Squat,2025-10-24,78.7,3,3,8.7
ATH012,Romanian Deadlift,2025-10-26,83.8,4,6,6.3
ATH012,Sandbag Carry,2025-10-26,65.3,4,10,8.2
ATH012,Squat,2025-10-26,73.9,4,4,7.2
ATH012,Deadlift,2025-10-29,118.7,4,5,8.8
ATH012,Farmer's Walk,2025-10-29,67.7,4,30,7.2
ATH012,Pull-ups,2025-10-29,2.4,3,12,8.4
ATH012,Barbell Row,2025-10-31,41.9,4,12,6.0
ATH012,Deadlift,2025-10-31,100.7,4,4,8.6
ATH012,Sandbag Carry,2025-10-31,65.5,3,15,7.2
ATH012,Overhead Press,2025-11-02,36.9,4,5,6.9
ATH012,Pull-ups,2025-11-02,5.4,3,8,6.8
ATH012,Sandbag Carry,2025-11-02,60.0,3,15,7.0
ATH012,Deadlift,2025-11-05,113.7,5,3,8.2
ATH012,Log Press,2025-11-05,46.8,3,8,7.7
ATH012,Romanian Deadlift,2025-11-05,96.9,3,12,6.9
ATH012,Farmer's Walk,2025-11-07,72.9,4,22,7.4
ATH012,Pull-ups,2025-11-07,9.0,3,6,6.9
ATH012,Squat,2025-11-07,94.8,4,5,6.5
ATH012,Atlas Stone Load,2025-11-09,81.9,3,2,8.3
ATH012,Deadlift,2025-11-09,104.6,4,6,7.6
ATH012,Pull-ups,2025-11-09,8.2,4,8,8.5
ATH012,Atlas Stone Load,2025-11-12,57.0,3,4,6.2
ATH012,Deadlift,2025-11-12,100.0,4,5,7.0
ATH012,Incline Bench Press,2025-11-12,45.3,3,10,6.7
ATH012,Farmer's Walk,2025-11-14,67.7,4,20,6.3
ATH012,Incline Bench Press,2025-11-14,42.4,3,6,5.5
ATH012,Overhead Press,2025-11-14,30.3,5,10,6.0
ATH012,Bench Press,2025-11-16,51.7,3,6,6.1
ATH012,Front Squat,2025-11-16,48.5,3,10,6.2
ATH012,Sandbag Carry,2025-11-16,50.8,3,18,6.5
ATH012,Deadlift,2025-11-19,113.1,4,6,7.8
ATH012,Farmer's Walk,2025-11-19,67.2,3,18,8.6
ATH012,Front Squat,2025-11-19,62.4,3,8,6.2
ATH012,Farmer's Walk,2025-11-21,79.5,4,26,6.8
ATH012,Pull-ups,2025-11-21,6.1,4,6,6.5
ATH012,Squat,2025-11-21,79.6,3,4,9.1
ATH012,Bench Press,2025-11-23,39.0,5,5,8.7
ATH012,Farmer's Walk,2025-11-23,44.5,3,10,8.1
ATH012,Incline Bench Press,2025-11-23,49.9,3,10,7.3
ATH012,Log Press,2025-11-26,28.3,3,3,8.0
ATH012,Overhead Press,2025-11-26,36.6,3,6,6.6
ATH012,Pull-ups,2025-11-26,5.0,4,8,7.9
ATH012,Barbell Row,2025-11-28,49.0,4,12,8.8
ATH012,Bench Press,2025-11-28,57.2,3,6,8.7
ATH012,Sandbag Carry,2025-11-28,64.0,3,26,7.8
ATH012,Atlas Stone Load,2025-11-30,90.5,3,3,8.8
ATH012,Front Squat,2025-11-30,54.9,4,6,8.0
ATH012,Overhead Press,2025-11-30,37.6,3,6,6.3
ATH012,Bench Press,2025-12-03,47.6,4,8,6.7
ATH012,Farmer's Walk,2025-12-03,54.5,4,10,7.9
ATH012,Incline Bench Press,2025-12-03,40.9,3,6,7.7
ATH012,Deadlift,2025-12-05,96.6,5,6,7.7
ATH012,Front Squat,2025-12-05,80.7,3,10,8.4
ATH012,Sandbag Carry,2025-12-05,78.4,3,25,7.8
ATH012,Atlas Stone Load,2025-12-07,78.6,4,5,7.3
ATH012,Bench Press,2025-12-07,58.0,5,10,8.8
ATH012,Romanian Deadlift,2025-12-07,78.2,4,8,7.4
ATH012,Incline Bench Press,2025-12-10,58.8,3,8,6.1
ATH012,Overhead Press,2025-12-10,34.5,4,8,6.6
ATH012,Sandbag Carry,2025-12-10,65.6,3,26,7.7
ATH012,Atlas Stone Load,2025-12-12,89.1,3,2,8.5
ATH012,Deadlift,2025-12-12,113.3,3,6,8.3
ATH012,Front Squat,2025-12-12,56.2,3,12,6.8
ATH012,Farmer's Walk,2025-12-14,54.1,3,12,6.5
ATH012,Romanian Deadlift,2025-12-14,82.0,3,8,6.0
ATH012,Squat,2025-12-14,86.9,5,4,8.0
ATH012,Atlas Stone Load,2025-12-17,93.1,3,3,7.1
ATH012,Barbell Row,2025-12-17,71.5,3,8,6.6
ATH012,Squat,2025-12-17,79.7,4,4,9.1
ATH012,Deadlift,2025-12-19,102.2,4,3,6.9
ATH012,Pull-ups,2025-12-19,9.1,3,8,8.3
ATH012,Yoke Walk,2025-12-19,179.6,4,10,8.1
ATH012,Farmer's Walk,2025-12-21,57.4,3,18,8.3
ATH012,Overhead Press,2025-12-21,40.4,5,10,8.5
ATH012,Romanian Deadlift,2025-12-21,82.9,3,6,7.9
ATH013,Barbell Row,2025-10-01,83.1,3,10,8.8
ATH013,Overhead Press,2025-10-01,64.3,5,8,8.9
ATH013,Yoke Walk,2025-10-01,267.8,3,20,7.4
ATH013,Bench Press,2025-10-03,100.0,4,10,8.2
ATH013,Log Press,2025-10-03,75.2,4,5,9.0
ATH013,Romanian Deadlift,2025-10-03,91.1,4,12,7.8
ATH013,Log Press,2025-10-05,77.0,4,8,6.6
ATH013,Pull-ups,2025-10-05,10.5,4,12,6.8
ATH013,Squat,2025-10-05,99.0,4,4,7.8
ATH013,Bench Press,2025-10-08,68.2,4,10,6.4
ATH013,Front Squat,2025-10-08,97.9,4,6,7.3
ATH013,Sandbag Carry,2025-10-08,99.8,3,12,6.6
ATH013,Deadlift,2025-10-10,126.1,3,4,9.2
ATH013,Incline Bench Press,2025-10-10,58.8,3,10,6.2
ATH013,Yoke Walk,2025-10-10,193.5,3,20,6.8
ATH013,Front Squat,2025-10-12,103.1,4,10,6.7
ATH013,Log Press,2025-10-12,76.6,3,6,7.2
ATH013,Overhead Press,2025-10-12,49.0,4,10,8.7
ATH013,Overhead Press,2025-10-15,53.4,5,5,6.5
ATH013,Pull-ups,2025-10-15,4.9,4,6,8.2
ATH013,Sandbag Carry,2025-10-15,101.4,4,20,7.7
ATH013,Atlas Stone Load,2025-10-17,106.2,3,4,9.4
ATH013,Overhead Press,2025-10-17,67.3,4,10,7.8
ATH013,Romanian Deadlift,2025-10-17,119.9,4,6,7.8
ATH013,Barbell Row,2025-10-19,100.5,4,8,6.0
ATH013,Overhead Press,2025-10-19,47.3,5,8,8.2
ATH013,Sandbag Carry,2025-10-19,99.0,3,18,8.7
ATH013,Atlas Stone Load,2025-10-22,92.5,3,2,7.3
ATH013,Incline Bench Press,2025-10-22,58.8,3,10,6.3
ATH013,Overhead Press,2025-10-22,45.6,4,10,6.8
ATH013,Barbell Row,2025-10-24,80.6,3,12,6.4
ATH013,Log Press,2025-10-24,63.0,3,5,6.5
ATH013,Squat,2025-10-24,108.3,4,5,7.2
ATH013,Atlas Stone Load,2025-10-26,121.6,3,4,8.8
ATH013,Front Squat,2025-10-26,73.5,4,8,7.9
ATH013,Squat,2025-10-26,112.0,3,3,8.2
ATH013,Atlas Stone Load,2025-10-29,129.0,4,4,9.5
ATH013,Barbell Row,2025-10-29,67.3,4,8,7.8
ATH013,Squat,2025-10-29,124.1,3,4,6.6
ATH013,Bench Press,2025-10-31,89.8,4,6,7.1
ATH013,Farmer's Walk,2025-10-31,130.8,4,26,8.7
ATH013,Romanian Deadlift,2025-10-31,108.4,4,10,7.2
ATH013,Bench Press,2025-11-02,78.7,3,5,8.5
ATH013,Farmer's Walk,2025-11-02,132.0,3,10,8.3
ATH013,Incline Bench Press,2025-11-02,69.7,4,10,7.2
ATH013,Farmer's Walk,2025-11-05,138.9,3,26,7.3
ATH013,Incline Bench Press,2025-11-05,64.9,4,12,7.6
ATH013,Squat,2025-11-05,107.1,4,3,7.1
ATH013,Deadlift,2025-11-07,150.4,4,3,8.4
ATH013,Romanian Deadlift,2025-11-07,99.2,3,10,8.7
ATH013,Yoke Walk,2025-11-07,231.7,4,22,6.9
ATH013,Atlas Stone Load,2025-11-09,107.1,3,4,7.3
ATH013,Pull-ups,2025-11-09,13.2,3,10,8.1
ATH013,Squat,2025-11-09,119.3,5,6,8.2
ATH013,Barbell Row,2025-11-12,80.5,3,10,7.3
ATH013,Deadlift,2025-11-12,117.5,3,4,5.5
ATH013,Farmer's Walk,2025-11-12,72.8,3,12,6.9
ATH013,Romanian Deadlift,2025-11-14,109.9,4,12,5.5
ATH013,Squat,2025-11-14,78.6,3,4,6.0
ATH013,Yoke Walk,2025-11-14,240.6,3,10,7.4
ATH013,Deadlift,2025-11-16,146.9,4,4,5.5
ATH013,Front Squat,2025-11-16,67.4,3,8,5.7
ATH013,Sandbag Carry,2025-11-16,107.1,4,26,7.5
ATH013,Deadlift,2025-11-19,146.6,5,4,7.4
ATH013,Farmer's Walk,2025-11-19,120.7,3,30,8.2
ATH013,Front Squat,2025-11-19,87.2,3,12,7.4
ATH013,Barbell Row,2025-11-21,80.9,4,12,8.4
ATH013,Deadlift,2025-11-21,140.6,4,5,7.9
ATH013,Log Press,2025-11-21,75.6,4,6,7.1
ATH013,Front Squat,2025-11-23,97.3,3,6,8.2
ATH013,Sandbag Carry,2025-11-23,95.6,3,26,6.8
ATH013,Squat,2025-11-23,107.6,3,4,8.3
ATH013,Deadlift,2025-11-26,124.8,4,3,8.2
ATH013,Farmer's Walk,2025-11-26,111.5,4,22,8.2
ATH013,Romanian Deadlift,2025-11-26,138.2,3,12,7.8
ATH013,Atlas Stone Load,2025-11-28,133.0,3,2,8.5
ATH013,Romanian Deadlift,2025-11-28,128.7,4,12,6.2
ATH013,Squat,2025-11-28,130.0,4,5,7.2
ATH013,Deadlift,2025-11-30,128.6,4,3,7.6
ATH013,Log Press,2025-11-30,60.9,3,6,6.8
ATH013,Romanian Deadlift,2025-11-30,126.5,3,12,7.0
ATH013,Barbell Row,2025-12-03,93.4,3,8,6.1
ATH013,Deadlift,2025-12-03,144.9,5,4,7.4
ATH013,Sandbag Carry,2025-12-03,109.9,3,20,7.9
ATH013,Incline Bench Press,2025-12-05,80.6,4,10,7.1
ATH013,Log Press,2025-12-05,63.0,4,5,8.3
ATH013,Squat,2025-12-05,90.5,5,4,8.3
ATH013,Barbell Row,2025-12-07,103.1,3,10,7.7
ATH013,Deadlift,2025-12-07,125.0,3,6,6.9
ATH013,Sandbag Carry,2025-12-07,104.9,4,10,8.5
ATH013,Incline Bench Press,2025-12-10,79.9,4,10,8.1
ATH013,Overhead Press,2025-12-10,64.2,5,10,7.1
ATH013,Sandbag Carry,2025-12-10,104.6,4,22,8.6
ATH013,Bench Press,2025-12-12,75.0,4,8,6.5
ATH013,Farmer's Walk,2025-12-12,121.5,3,15,8.0
ATH013,Front Squat,2025-12-12,86.4,3,6,8.7
ATH013,Log Press,2025-12-14,86.2,4,6,6.8
ATH013,Overhead Press,2025-12-14,57.2,5,6,8.1
ATH013,Romanian Deadlift,2025-12-14,134.9,3,10,7.1
ATH013,Farmer's Walk,2025-12-17,117.7,4,30,8.1
ATH013,Overhead Press,2025-12-17,58.6,5,5,6.9
ATH013,Romanian Deadlift,2025-12-17,104.8,3,6,7.0
ATH013,Farmer's Walk,2025-12-19,141.9,3,22,8.6
ATH013,Incline Bench Press,2025-12-19,77.0,3,10,6.1
ATH013,Squat,2025-12-19,100.5,5,6,7.5
ATH013,Barbell Row,2025-12-21,104.6,4,12,6.7
ATH013,Overhead Press,2025-12-21,43.5,4,5,6.2
ATH013,Sandbag Carry,2025-12-21,125.5,4,12,8.5
ATH014,Bench Press,2025-10-01,65.5,5,8,8.2
ATH014,Pull-ups,2025-10-01,0.5,3,10,6.1
ATH014,Sandbag Carry,2025-10-01,120.7,4,18,7.8
ATH014,Deadlift,2025-10-03,115.2,3,5,8.1
ATH014,Front Squat,2025-10-03,71.7,4,12,6.0
ATH014,Log Press,2025-10-03,52.8,3,3,8.6
ATH014,Deadlift,2025-10-05,105.5,5,3,7.0
ATH014,Incline Bench Press,2025-10-05,56.5,4,6,8.7
ATH014,Yoke Walk,2025-10-05,203.6,3,30,7.5
ATH014,Farmer's Walk,2025-10-08,72.2,4,12,8.4
ATH014,Incline Bench Press,2025-10-08,51.0,4,10,7.1
ATH014,Squat,2025-10-08,114.0,3,3,7.5
ATH014,Bench Press,2025-10-10,64.5,4,5,8.0
ATH014,Incline Bench Press,2025-10-10,59.8,4,8,8.2
ATH014,Yoke Walk,2025-10-10,191.8,4,20,8.8
ATH014,Atlas Stone Load,2025-10-12,114.4,4,5,7.7
ATH014,Barbell Row,2025-10-12,71.4,3,8,6.5
ATH014,Overhead Press,2025-10-12,58.9,5,5,7.9
ATH014,Bench Press,2025-10-15,70.3,4,5,6.0
ATH014,Front Squat,2025-10-15,74.9,3,12,6.2
ATH014,Yoke Walk,2025-10-15,240.3,3,22,9.1
ATH014,Farmer's Walk,2025-10-17,72.0,4,22,7.3
ATH014,Front Squat,2025-10-17,73.8,4,8,7.9
ATH014,Squat,2025-10-17,116.8,5,5,7.9
ATH014,Incline Bench Press,2025-10-19,58.7,3,8,6.4
ATH014,Overhead Press,2025-10-19,47.8,3,10,8.6
ATH014,Sandbag Carry,2025-10-19,86.3,3,22,6.9
ATH014,Bench Press,2025-10-22,63.4,4,8,8.3
ATH014,Farmer's Walk,2025-10-22,101.0,4,10,8.1
ATH014,Romanian Deadlift,2025-10-22,120.2,4,10,7.0
ATH014,Incline Bench Press,2025-10-24,64.6,4,12,7.3
ATH014,Log Press,2025-10-24,65.1,4,6,8.1
ATH014,Overhead Press,2025-10-24,45.5,5,6,8.9
ATH014,Front Squat,2025-10-26,72.0,4,8,6.0
ATH014,Log Press,2025-10-26,61.0,3,8,8.5
ATH014,Squat,2025-10-26,115.3,3,5,8.0
ATH014,Barbell Row,2025-10-29,71.3,3,10,7.5
ATH014,Deadlift,2025-10-29,126.1,3,3,7.2
ATH014,Yoke Walk,2025-10-29,282.5,4,22,8.9
ATH014,Atlas Stone Load,2025-10-31,88.5,4,4,9.0
ATH014,Barbell Row,2025-10-31,74.7,4,12,7.7
ATH014,Squat,2025-10-31,98.9,5,5,7.5
ATH014,Overhead Press,2025-11-02,59.9,4,8,6.2
ATH014,Romanian Deadlift,2025-11-02,95.6,4,12,6.5
ATH014,Sandbag Carry,2025-11-02,92.3,4,15,6.6
ATH014,Barbell Row,2025-11-05,83.9,4,6,7.0
ATH014,Squat,2025-11-05,100.2,5,3,9.2
ATH014,Yoke Walk,2025-11-05,267.1,4,18,8.0
ATH014,Barbell Row,2025-11-07,83.1,4,6,8.2
ATH014,Farmer's Walk,2025-11-07,118.1,4,12,6.6
ATH014,Squat,2025-11-07,131.6,5,5,7.8
ATH014,Barbell Row,2025-11-09,62.7,3,12,7.5
ATH014,Bench Press,2025-11-09,64.4,4,10,8.1
ATH014,Farmer's Walk,2025-11-09,90.8,4,18,7.5
ATH014,Deadlift,2025-11-12,132.6,5,4,5.6
ATH014,Farmer's Walk,2025-11-12,69.3,4,18,7.8
ATH014,Incline Bench Press,2025-11-12,60.8,3,6,6.8
ATH014,Pull-ups,2025-11-14,13.3,3,8,5.7
ATH014,Sandbag Carry,2025-11-14,101.0,4,22,5.5
ATH014,Squat,2025-11-14,93.0,4,6,5.5
ATH014,Bench Press,2025-11-16,84.9,4,5,6.5
ATH014,Incline Bench Press,2025-11-16,47.7,3,8,6.3
ATH014,Yoke Walk,2025-11-16,196.2,4,20,6.4
ATH014,Atlas Stone Load,2025-11-19,124.4,3,4,9.4
ATH014,Deadlift,2025-11-19,164.0,3,4,7.0
ATH014,Romanian Deadlift,2025-11-19,88.3,3,8,6.9
ATH014,Deadlift,2025-11-21,161.9,3,5,7.1
ATH014,Front Squat,2025-11-21,103.2,3,8,7.1
ATH014,Log Press,2025-11-21,60.5,3,6,7.3
ATH014,Bench Press,2025-11-23,84.4,3,5,6.9
ATH014,Romanian Deadlift,2025-11-23,91.2,4,8,6.7
ATH014,Sandbag Carry,2025-11-23,133.9,3,12,7.5
ATH014,Overhead Press,2025-11-26,58.3,3,5,8.0
ATH014,Romanian Deadlift,2025-11-26,94.1,3,10,8.3
ATH014,Yoke Walk,2025-11-26,307.5,4,30,7.3
ATH014,Overhead Press,2025-11-28,58.9,5,8,8.5
ATH014,Pull-ups,2025-11-28,9.5,3,6,8.4
ATH014,Sandbag Carry,2025-11-28,110.0,4,22,6.7
ATH014,Bench Press,2025-11-30,66.4,5,6,6.4
ATH014,Pull-ups,2025-11-30,8.4,4,12,6.0
ATH014,Yoke Walk,2025-11-30,314.8,3,15,7.4
ATH014,Deadlift,2025-12-03,121.3,3,6,8.0
ATH014,Romanian Deadlift,2025-12-03,94.7,4,10,7.5
ATH014,Sandbag Carry,2025-12-03,94.9,4,15,6.8
ATH014,Atlas Stone Load,2025-12-05,89.8,4,2,8.5
ATH014,Front Squat,2025-12-05,75.8,4,6,6.3
ATH014,Squat,2025-12-05,121.0,4,4,7.1
ATH014,Incline Bench Press,2025-12-07,54.0,4,6,7.2
ATH014,Sandbag Carry,2025-12-07,123.9,4,26,6.9
ATH014,Squat,2025-12-07,113.0,5,6,8.2
ATH014,Atlas Stone Load,2025-12-10,121.6,4,2,9.0
ATH014,Bench Press,2025-12-10,77.8,4,10,7.1
ATH014,Pull-ups,2025-12-10,11.9,4,10,6.8
ATH014,Bench Press,2025-12-12,80.5,4,8,7.4
ATH014,Incline Bench Press,2025-12-12,50.9,4,12,8.7
ATH014,Log Press,2025-12-12,71.2,4,8,7.5
ATH014,Front Squat,2025-12-14,104.8,4,8,7.4
ATH014,Overhead Press,2025-12-14,48.4,4,6,7.4
ATH014,Yoke Walk,2025-12-14,275.3,4,30,6.9
ATH014,Log Press,2025-12-17,73.4,4,3,8.6
ATH014,Pull-ups,2025-12-17,10.1,3,12,7.9
ATH014,Squat,2025-12-17,116.5,3,6,9.2
ATH014,Bench Press,2025-12-19,98.1,4,10,8.2
ATH014,Pull-ups,2025-12-19,15.1,4,10,7.5
ATH014,Yoke Walk,2025-12-19,206.8,3,22,7.9
ATH014,Bench Press,2025-12-21,60.2,4,8,7.1
ATH014,Pull-ups,2025-12-21,4.5,4,8,7.2
ATH014,Sandbag Carry,2025-12-21,97.7,4,25,7.5
ATH015,Deadlift,2025-10-01,186.8,4,4,8.3
ATH015,Front Squat,2025-10-01,79.7,4,8,7.5
ATH015,Sandbag Carry,2025-10-01,141.4,3,25,7.1
ATH015,Bench Press,2025-10-03,109.3,5,5,7.0
ATH015,Romanian Deadlift,2025-10-03,110.1,3,12,6.8
ATH015,Sandbag Carry,2025-10-03,138.2,4,30,8.9
ATH015,Bench Press,2025-10-05,71.1,3,8,8.8
ATH015,Front Squat,2025-10-05,119.0,3,6,8.7
ATH015,Sandbag Carry,2025-10-05,112.5,4,25,6.9
ATH015,Farmer's Walk,2025-10-08,126.7,4,18,8.4
ATH015,Overhead Press,2025-10-08,78.8,4,10,6.4
ATH015,Romanian Deadlift,2025-10-08,154.0,3,8,7.0
ATH015,Deadlift,2025-10-10,188.3,4,5,9.2
ATH015,Farmer's Walk,2025-10-10,108.0,4,18,8.5
ATH015,Front Squat,2025-10-10,123.9,3,10,8.5
ATH015,Romanian Deadlift,2025-10-12,120.5,3,6,8.4
ATH015,Squat,2025-10-12,110.9,4,4,8.7
ATH015,Yoke Walk,2025-10-12,233.4,3,25,9.1
ATH015,Front Squat,2025-10-15,84.2,4,12,7.6
ATH015,Sandbag Carry,2025-10-15,147.0,3,20,6.6
ATH015,Squat,2025-10-15,123.2,5,3,8.8
ATH015,Bench Press,2025-10-17,80.9,3,8,8.1
ATH015,Incline Bench Press,2025-10-17,80.4,4,8,6.9
ATH015,Log Press,2025-10-17,80.4,3,5,8.7
ATH015,Atlas Stone Load,2025-10-19,139.3,4,3,8.3
ATH015,Barbell Row,2025-10-19,112.7,3,12,7.8
ATH015,Squat,2025-10-19,124.4,5,6,6.9
ATH015,Bench Press,2025-10-22,93.2,3,10,7.2
ATH015,Incline Bench Press,2025-10-22,90.3,4,8,8.7
ATH015,Yoke Walk,2025-10-22,315.0,4,15,6.6
ATH015,Overhead Press,2025-10-24,59.3,5,6,8.0
ATH015,Romanian Deadlift,2025-10-24,126.0,3,6,7.2
ATH015,Sandbag Carry,2025-10-24,128.0,4,25,6.8
ATH015,Front Squat,2025-10-26,102.1,4,12,6.5
ATH015,Sandbag Carry,2025-10-26,122.2,4,20,7.1
ATH015,Squat,2025-10-26,130.1,3,3,8.0
ATH015,Barbell Row,2025-10-29,109.8,3,8,6.5
ATH015,Deadlift,2025-10-29,183.6,5,3,8.0
ATH015,Yoke Walk,2025-10-29,345.1,3,30,7.2
ATH015,Overhead Press,2025-10-31,58.2,3,10,7.3
ATH015,Romanian Deadlift,2025-10-31,143.4,4,6,7.1
ATH015,Yoke Walk,2025-10-31,294.2,4,26,8.7
ATH015,Deadlift,2025-11-02,164.7,3,6,8.1
ATH015,Romanian Deadlift,2025-11-02,152.7,3,8,8.3
ATH015,Sandbag Carry,2025-11-02,143.6,4,10,6.8
ATH015,Bench Press,2025-11-05,116.7,4,6,7.1
ATH015,Pull-ups,2025-11-05,3.0,4,10,7.6
ATH015,Yoke Walk,2025-11-05,298.4,4,15,6.6
ATH015,Barbell Row,2025-11-07,86.0,3,6,8.4
ATH015,Bench Press,2025-11-07,105.3,5,5,8.9
ATH015,Log Press,2025-11-07,75.0,3,8,7.6
ATH015,Farmer's Walk,2025-11-09,113.2,3,20,7.2
ATH015,Incline Bench Press,2025-11-09,74.4,4,6,6.5
ATH015,Overhead Press,2025-11-09,56.3,5,10,7.6
ATH015,Deadlift,2025-11-12,153.1,4,6,6.0
ATH015,Incline Bench Press,2025-11-12,65.5,4,10,7.2
ATH015,Log Press,2025-11-12,82.0,3,6,6.9
ATH015,Barbell Row,2025-11-14,81.3,4,10,5.9
ATH015,Bench Press,2025-11-14,88.6,4,6,7.4
ATH015,Log Press,2025-11-14,63.6,4,6,8.1
ATH015,Atlas Stone Load,2025-11-16,96.0,3,4,6.5
ATH015,Front Squat,2025-11-16,103.9,3,8,7.0
ATH015,Squat,2025-11-16,123.9,4,3,6.9
ATH015,Front Squat,2025-11-19,95.6,3,6,7.4
ATH015,Sandbag Carry,2025-11-19,143.2,4,22,6.6
ATH015,Squat,2025-11-19,126.2,3,4,8.4
ATH015,Bench Press,2025-11-21,91.0,5,6,8.2
ATH015,Log Press,2025-11-21,64.0,3,8,8.4
ATH015,Romanian Deadlift,2025-11-21,141.1,4,6,7.6
ATH015,Log Press,2025-11-23,88.1,3,6,6.8
ATH015,Romanian Deadlift,2025-11-23,127.0,4,10,6.2
ATH015,Squat,2025-11-23,97.4,5,5,7.2
ATH015,Log Press,2025-11-26,99.7,4,5,8.9
ATH015,Overhead Press,2025-11-26,65.3,5,6,8.0
ATH015,Romanian Deadlift,2025-11-26,129.8,4,12,6.9
ATH015,Front Squat,2025-11-28,121.9,4,12,8.7
ATH015,Log Press,2025-11-28,87.8,4,8,8.2
ATH015,Squat,2025-11-28,119.4,4,6,6.9
ATH015,Overhead Press,2025-11-30,60.7,3,5,6.6
ATH015,Pull-ups,2025-11-30,12.1,3,10,6.7
ATH015,Sandbag Carry,2025-11-30,107.9,3,10,7.1
ATH015,Barbell Row,2025-12-03,91.6,4,6,7.7
ATH015,Log Press,2025-12-03,99.6,4,6,9.1
ATH015,Overhead Press,2025-12-03,59.6,3,5,6.5
ATH015,Bench Press,2025-12-05,87.6,4,10,8.0
ATH015,Log Press,2025-12-05,90.8,3,5,8.9
ATH015,Pull-ups,2025-12-05,4.8,3,6,8.4
ATH015,Bench Press,2025-12-07,100.2,5,10,6.1
ATH015,Farmer's Walk,2025-12-07,149.3,4,20,8.9
ATH015,Front Squat,2025-12-07,125.3,3,8,6.0
ATH015,Deadlift,2025-12-10,144.0,4,6,8.6
ATH015,Front Squat,2025-12-10,124.0,4,12,7.9
ATH015,Sandbag Carry,2025-12-10,142.5,3,12,6.9
ATH015,Deadlift,2025-12-12,184.5,3,5,8.0
ATH015,Front Squat,2025-12-12,119.2,4,8,8.2
ATH015,Log Press,2025-12-12,87.6,4,3,8.5
ATH015,Bench Press,2025-12-14,108.3,3,5,6.7
ATH015,Pull-ups,2025-12-14,6.2,3,8,7.6
ATH015,Yoke Walk,2025-12-14,356.7,3,18,7.8
ATH015,Barbell Row,2025-12-17,83.0,4,6,6.9
ATH015,Bench Press,2025-12-17,99.5,5,6,7.8
ATH015,Sandbag Carry,2025-12-17,105.7,4,22,7.6
ATH015,Front Squat,2025-12-19,118.2,3,12,7.5
ATH015,Sandbag Carry,2025-12-19,139.0,4,10,8.1
ATH015,Squat,2025-12-19,109.3,5,4,9.0
ATH015,Barbell Row,2025-12-21,82.1,4,10,8.6
ATH015,Deadlift,2025-12-21,144.7,5,5,8.2
ATH015,Sandbag Carry,2025-12-21,151.0,3,25,7.1
ATH016,Atlas Stone Load,2025-10-01,99.3,3,2,8.3
ATH016,Bench Press,2025-10-01,77.1,3,8,8.8
ATH016,Front Squat,2025-10-01,83.9,4,6,6.9
ATH016,Barbell Row,2025-10-03,76.1,3,10,8.0
ATH016,Farmer's Walk,2025-10-03,123.8,3,22,7.2
ATH016,Squat,2025-10-03,105.8,3,6,7.0
ATH016,Incline Bench Press,2025-10-05,70.8,3,6,8.0
ATH016,Log Press,2025-10-05,67.8,3,5,7.7
ATH016,Overhead Press,2025-10-05,65.9,5,10,8.8
ATH016,Atlas Stone Load,2025-10-08,101.2,3,3,7.7
ATH016,Deadlift,2025-10-08,172.7,3,5,7.7
ATH016,Romanian Deadlift,2025-10-08,120.5,3,12,8.3
ATH016,Barbell Row,2025-10-10,78.8,3,12,8.3
ATH016,Deadlift,2025-10-10,165.2,3,5,8.1
ATH016,Yoke Walk,2025-10-10,297.4,3,12,9.1
ATH016,Barbell Row,2025-10-12,84.6,4,10,6.7
ATH016,Bench Press,2025-10-12,85.6,4,5,6.7
ATH016,Sandbag Carry,2025-10-12,135.7,3,30,7.6
ATH016,Atlas Stone Load,2025-10-15,140.4,3,4,8.0
ATH016,Incline Bench Press,2025-10-15,76.0,4,10,7.6
ATH016,Overhead Press,2025-10-15,51.6,5,5,7.6
ATH016,Pull-ups,2025-10-17,3.9,3,10,8.1
ATH016,Sandbag Carry,2025-10-17,146.3,4,25,7.1
ATH016,Squat,2025-10-17,134.7,5,4,7.6
ATH016,Deadlift,2025-10-19,148.1,3,4,9.1
ATH016,Front Squat,2025-10-19,99.9,3,12,7.0
ATH016,Sandbag Carry,2025-10-19,148.8,3,15,8.3
ATH016,Atlas Stone Load,2025-10-22,150.1,3,3,8.7
ATH016,Incline Bench Press,2025-10-22,70.3,3,8,8.3
ATH016,Overhead Press,2025-10-22,76.3,3,5,6.2
ATH016,Log Press,2025-10-24,87.0,4,6,6.7
ATH016,Pull-ups,2025-10-24,4.6,4,8,8.2
ATH016,Squat,2025-10-24,115.4,5,4,7.1
ATH016,Deadlift,2025-10-26,191.4,3,6,7.5
ATH016,Pull-ups,2025-10-26,8.4,3,6,6.2
ATH016,Sandbag Carry,2025-10-26,118.8,4,26,8.8
ATH016,Atlas Stone Load,2025-10-29,158.3,4,3,8.8
ATH016,Romanian Deadlift,2025-10-29,154.5,4,10,6.2
ATH016,Squat,2025-10-29,145.9,3,5,7.2
ATH016,Incline Bench Press,2025-10-31,75.9,4,8,7.0
ATH016,Squat,2025-10-31,158.1,5,4,6.9
ATH016,Yoke Walk,2025-10-31,283.3,4,10,7.6
ATH016,Farmer's Walk,2025-11-02,135.1,4,15,7.2
ATH016,Front Squat,2025-11-02,125.3,3,10,8.1
ATH016,Squat,2025-11-02,153.2,3,5,7.6
ATH016,Bench Press,2025-11-05,89.5,3,6,8.1
ATH016,Incline Bench Press,2025-11-05,66.2,4,8,8.1
ATH016,Log Press,2025-11-05,85.5,4,8,7.4
ATH016,Deadlift,2025-11-07,197.8,3,6,8.0
ATH016,Log Press,2025-11-07,72.1,3,5,7.1
ATH016,Pull-ups,2025-11-07,3.0,3,10,7.1
ATH016,Atlas Stone Load,2025-11-09,148.9,3,2,8.8
ATH016,Incline Bench Press,2025-11-09,79.2,3,10,6.2
ATH016,Overhead Press,2025-11-09,64.4,3,8,8.4
ATH016,Deadlift,2025-11-12,174.4,4,4,6.0
ATH016,Pull-ups,2025-11-12,0.7,4,8,5.5
ATH016,Yoke Walk,2025-11-12,316.5,4,22,5.8
ATH016,Farmer's Walk,2025-11-14,118.9,3,26,7.3
ATH016,Front Squat,2025-11-14,113.0,3,6,5.5
ATH016,Overhead Press,2025-11-14,50.7,4,10,6.5
ATH016,Barbell Row,2025-11-16,98.9,3,8,6.6
ATH016,Bench Press,2025-11-16,77.0,3,6,6.1
ATH016,Yoke Walk,2025-11-16,250.9,3,22,5.6
ATH016,Bench Press,2025-11-19,117.0,4,5,7.2
ATH016,Incline Bench Press,2025-11-19,84.0,4,8,7.6
ATH016,Yoke Walk,2025-11-19,241.7,4,22,8.5
ATH016,Incline Bench Press,2025-11-21,70.5,4,10,8.3
ATH016,Overhead Press,2025-11-21,68.2,5,6,6.5
ATH016,Sandbag Carry,2025-11-21,135.5,3,30,7.3
ATH016,Barbell Row,2025-11-23,114.9,3,6,6.8
ATH016,Bench Press,2025-11-23,110.5,3,10,8.8
ATH016,Log Press,2025-11-23,88.4,3,6,9.3
ATH016,Bench Press,2025-11-26,102.0,3,5,8.6
ATH016,Front Squat,2025-11-26,126.2,3,10,7.2
ATH016,Log Press,2025-11-26,77.4,3,8,9.0
ATH016,Deadlift,2025-11-28,141.1,3,4,8.3
ATH016,Log Press,2025-11-28,106.7,4,6,8.1
ATH016,Romanian Deadlift,2025-11-28,120.4,4,12,6.3
ATH016,Farmer's Walk,2025-11-30,114.9,3,18,7.1
ATH016,Incline Bench Press,2025-11-30,79.7,4,6,7.4
ATH016,Squat,2025-11-30,137.1,4,5,8.8
ATH016,Atlas Stone Load,2025-12-03,108.2,4,2,7.5
ATH016,Deadlift,2025-12-03,182.4,4,4,7.3
ATH016,Front Squat,2025-12-03,115.0,4,6,8.3
ATH016,Bench Press,2025-12-05,94.7,4,5,7.8
ATH016,Incline Bench Press,2025-12-05,60.1,4,6,7.6
ATH016,Sandbag Carry,2025-12-05,132.7,3,30,8.0
ATH016,Deadlift,2025-12-07,152.0,3,6,8.8
ATH016,Romanian Deadlift,2025-12-07,131.8,4,10,8.7
ATH016,Yoke Walk,2025-12-07,305.5,4,20,7.5
ATH016,Bench Press,2025-12-10,110.6,4,6,8.5
ATH016,Farmer's Walk,2025-12-10,137.5,4,25,9.1
ATH016,Incline Bench Press,2025-12-10,82.0,3,12,6.7
ATH016,Log Press,2025-12-12,94.9,4,5,8.8
ATH016,Romanian Deadlift,2025-12-12,141.9,4,12,7.0
ATH016,Squat,2025-12-12,103.9,3,4,7.0
ATH016,Bench Press,2025-12-14,105.3,5,10,8.0
ATH016,Romanian Deadlift,2025-12-14,127.6,3,12,6.9
ATH016,Yoke Walk,2025-12-14,293.5,4,26,8.4
ATH016,Atlas Stone Load,2025-12-17,136.9,4,3,7.9
ATH016,Deadlift,2025-12-17,185.4,4,5,9.0
ATH016,Pull-ups,2025-12-17,2.8,3,12,7.3
ATH016,Deadlift,2025-12-19,143.6,3,5,7.5
ATH016,Front Squat,2025-12-19,107.4,4,10,7.8
ATH016,Yoke Walk,2025-12-19,257.8,4,20,8.3
ATH016,Bench Press,2025-12-21,72.9,3,6,7.6
ATH016,Farmer's Walk,2025-12-21,101.4,4,12,8.2
ATH016,Romanian Deadlift,2025-12-21,131.7,3,12,7.9
ATH017,Bench Press,2025-10-01,91.4,5,5,6.9
ATH017,Romanian Deadlift,2025-10-01,109.6,4,12,7.4
ATH017,Yoke Walk,2025-10-01,184.9,3,22,7.6
ATH017,Front Squat,2025-10-03,91.6,3,6,7.1
ATH017,Log Press,2025-10-03,69.8,4,5,9.3
ATH017,Squat,2025-10-03,80.1,3,3,9.2
ATH017,Front Squat,2025-10-05,76.8,3,10,7.2
ATH017,Log Press,2025-10-05,78.7,4,5,7.8
ATH017,Overhead Press,2025-10-05,43.9,3,6,6.6
ATH017,Deadlift,2025-10-08,126.3,4,3,6.7
ATH017,Romanian Deadlift,2025-10-08,119.7,4,8,6.4
ATH017,Yoke Walk,2025-10-08,262.7,3,12,8.1
ATH017,Atlas Stone Load,2025-10-10,79.6,4,2,8.2
ATH017,Romanian Deadlift,2025-10-10,122.4,4,8,6.1
ATH017,Squat,2025-10-10,85.2,3,6,7.2
ATH017,Farmer's Walk,2025-10-12,78.8,4,12,7.4
ATH017,Pull-ups,2025-10-12,8.6,3,8,6.9
ATH017,Squat,2025-10-12,91.1,4,5,6.8
ATH017,Atlas Stone Load,2025-10-15,117.5,4,5,8.9
ATH017,Romanian Deadlift,2025-10-15,89.1,4,6,6.5
ATH017,Squat,2025-10-15,109.3,4,3,8.6
ATH017,Bench Press,2025-10-17,63.7,5,10,7.1
ATH017,Farmer's Walk,2025-10-17,91.6,4,15,8.6
ATH017,Front Squat,2025-10-17,81.6,4,6,7.5
ATH017,Atlas Stone Load,2025-10-19,107.2,3,3,9.0
ATH017,Deadlift,2025-10-19,118.2,4,3,8.3
ATH017,Romanian Deadlift,2025-10-19,119.5,4,10,7.1
ATH017,Incline Bench Press,2025-10-22,51.8,3,6,7.7
ATH017,Squat,2025-10-22,87.8,3,6,7.2
ATH017,Yoke Walk,2025-10-22,233.2,3,12,9.2
ATH017,Farmer's Walk,2025-10-24,124.2,3,10,8.1
ATH017,Overhead Press,2025-10-24,66.9,4,5,6.3
ATH017,Pull-ups,2025-10-24,4.2,3,12,7.7
ATH017,Deadlift,2025-10-26,123.3,5,3,8.5
ATH017,Farmer's Walk,2025-10-26,124.8,4,22,8.0
ATH017,Pull-ups,2025-10-26,16.3,3,6,6.8
ATH017,Barbell Row,2025-10-29,67.2,3,6,6.8
ATH017,Bench Press,2025-10-29,66.9,4,6,7.8
ATH017,Farmer's Walk,2025-10-29,111.6,4,10,9.0
ATH017,Incline Bench Press,2025-10-31,72.4,4,8,8.4
ATH017,Overhead Press,2025-10-31,68.0,5,6,7.8
ATH017,Sandbag Carry,2025-10-31,100.5,4,15,8.5
ATH017,Bench Press,2025-11-02,98.2,4,10,8.2
ATH017,Incline Bench Press,2025-11-02,63.3,4,12,6.2
ATH017,Sandbag Carry,2025-11-02,99.7,4,22,8.5
ATH017,Farmer's Walk,2025-11-05,132.4,3,26,6.9
ATH017,Overhead Press,2025-11-05,46.8,5,5,6.4
ATH017,Pull-ups,2025-11-05,16.4,3,8,7.5
ATH017,Barbell Row,2025-11-07,69.5,3,12,6.7
ATH017,Deadlift,2025-11-07,126.4,5,5,8.0
ATH017,Log Press,2025-11-07,81.6,3,3,7.9
ATH017,Deadlift,2025-11-09,145.6,4,4,8.3
ATH017,Pull-ups,2025-11-09,1.6,3,8,7.9
ATH017,Sandbag Carry,2025-11-09,124.7,4,10,7.8
ATH017,Atlas Stone Load,2025-11-12,75.9,4,2,7.7
ATH017,Pull-ups,2025-11-12,12.7,4,6,5.5
ATH017,Squat,2025-11-12,76.2,3,6,6.7
ATH017,Barbell Row,2025-11-14,86.8,3,12,5.5
ATH017,Log Press,2025-11-14,78.4,4,3,7.7
ATH017,Squat,2025-11-14,87.8,4,5,5.6
ATH017,Deadlift,2025-11-16,123.7,5,3,6.0
ATH017,Farmer's Walk,2025-11-16,107.7,3,20,7.3
ATH017,Incline Bench Press,2025-11-16,52.0,4,8,6.2
ATH017,Deadlift,2025-11-19,161.1,4,5,7.8
ATH017,Log Press,2025-11-19,59.0,4,5,9.3
ATH017,Pull-ups,2025-11-19,12.2,3,12,6.9
ATH017,Incline Bench Press,2025-11-21,73.8,3,6,6.2
ATH017,Overhead Press,2025-11-21,67.9,5,5,7.3
ATH017,Yoke Walk,2025-11-21,224.1,3,18,6.9
ATH017,Barbell Row,2025-11-23,65.1,3,6,7.8
ATH017,Log Press,2025-11-23,66.7,3,6,7.6
ATH017,Squat,2025-11-23,104.9,4,4,9.1
ATH017,Bench Press,2025-11-26,95.9,5,8,7.0
ATH017,Log Press,2025-11-26,59.7,3,3,9.2
ATH017,Pull-ups,2025-11-26,14.7,3,12,7.0
ATH017,Bench Press,2025-11-28,85.9,4,10,7.7
ATH017,Romanian Deadlift,2025-11-28,106.2,4,8,8.1
ATH017,Yoke Walk,2025-11-28,282.3,4,22,7.5
ATH017,Farmer's Walk,2025-11-30,81.9,4,26,6.8
ATH017,Pull-ups,2025-11-30,7.4,4,10,8.2
ATH017,Squat,2025-11-30,102.2,5,6,8.8
ATH017,Front Squat,2025-12-03,105.1,3,6,8.7
ATH017,Overhead Press,2025-12-03,59.9,5,8,7.3
ATH017,Sandbag Carry,2025-12-03,118.2,3,15,9.0
ATH017,Farmer's Walk,2025-12-05,106.6,4,20,8.0
ATH017,Front Squat,2025-12-05,87.6,4,6,6.2
ATH017,Overhead Press,2025-12-05,61.8,5,8,7.6
ATH017,Barbell Row,2025-12-07,74.8,3,6,6.2
ATH017,Overhead Press,2025-12-07,51.1,3,10,6.4
ATH017,Yoke Walk,2025-12-07,205.8,3,15,8.6
ATH017,Barbell Row,2025-12-10,97.7,3,12,8.4
ATH017,Overhead Press,2025-12-10,66.6,4,10,7.9
ATH017,Sandbag Carry,2025-12-10,109.9,4,15,8.3
ATH017,Atlas Stone Load,2025-12-12,101.3,4,2,7.1
ATH017,Barbell Row,2025-12-12,86.7,3,10,8.3
ATH017,Squat,2025-12-12,111.5,3,3,8.3
ATH017,Log Press,2025-12-14,58.8,3,8,7.6
ATH017,Pull-ups,2025-12-14,4.1,4,10,7.4
ATH017,Squat,2025-12-14,103.9,4,4,8.7
ATH017,Front Squat,2025-12-17,79.0,3,10,8.0
ATH017,Squat,2025-12-17,103.2,5,4,7.9
ATH017,Yoke Walk,2025-12-17,302.1,4,25,7.8
ATH017,Deadlift,2025-12-19,142.8,4,6,6.9
ATH017,Farmer's Walk,2025-12-19,105.8,4,20,7.2
ATH017,Pull-ups,2025-12-19,24.3,4,12,7.5
ATH017,Deadlift,2025-12-21,150.6,3,3,6.8
ATH017,Romanian Deadlift,2025-12-21,122.9,4,6,6.1
ATH017,Yoke Walk,2025-12-21,215.6,3,22,7.1
ATH018,Atlas Stone Load,2025-10-01,105.3,4,3,7.3
ATH018,Incline Bench Press,2025-10-01,74.7,4,6,6.9
ATH018,Squat,2025-10-01,87.1,4,3,7.7
ATH018,Bench Press,2025-10-03,86.6,5,6,6.5
ATH018,Incline Bench Press,2025-10-03,78.2,3,6,8.5
ATH018,Log Press,2025-10-03,78.0,3,5,6.8
ATH018,Atlas Stone Load,2025-10-05,94.9,3,5,8.4
ATH018,Bench Press,2025-10-05,91.0,5,5,9.0
ATH018,Front Squat,2025-10-05,88.3,4,8,7.8
ATH018,Barbell Row,2025-10-08,66.6,4,8,7.0
ATH018,Squat,2025-10-08,92.4,3,4,7.8
ATH018,Yoke Walk,2025-10-08,231.7,4,15,9.1
ATH018,Atlas Stone Load,2025-10-10,100.8,3,5,9.1
ATH018,Barbell Row,2025-10-10,71.0,3,12,8.2
ATH018,Overhead Press,2025-10-10,63.5,3,6,6.0
ATH018,Incline Bench Press,2025-10-12,75.6,4,12,7.7
ATH018,Sandbag Carry,2025-10-12,102.7,4,10,9.1
ATH018,Squat,2025-10-12,100.3,3,6,8.6
ATH018,Barbell Row,2025-10-15,88.5,3,8,7.0
ATH018,Sandbag Carry,2025-10-15,104.2,4,20,8.7
ATH018,Squat,2025-10-15,102.0,4,5,7.2
ATH018,Overhead Press,2025-10-17,53.3,4,8,8.7
ATH018,Pull-ups,2025-10-17,14.4,3,12,6.3
ATH018,Yoke Walk,2025-10-17,209.0,3,12,8.8
ATH018,Deadlift,2025-10-19,166.8,5,4,8.5
ATH018,Incline Bench Press,2025-10-19,74.3,3,10,6.1
ATH018,Yoke Walk,2025-10-19,297.8,3,22,7.8
ATH018,Log Press,2025-10-22,78.7,3,3,7.6
ATH018,Overhead Press,2025-10-22,67.4,3,6,6.3
ATH018,Pull-ups,2025-10-22,9.5,4,8,6.2
ATH018,Atlas Stone Load,2025-10-24,129.0,4,2,8.6
ATH018,Overhead Press,2025-10-24,64.7,5,5,6.3
ATH018,Pull-ups,2025-10-24,1.4,4,6,7.4
ATH018,Deadlift,2025-10-26,147.9,5,5,7.2
ATH018,Romanian Deadlift,2025-10-26,108.7,3,12,8.5
ATH018,Yoke Walk,2025-10-26,273.7,3,18,8.3
ATH018,Atlas Stone Load,2025-10-29,127.7,4,4,8.4
ATH018,Front Squat,2025-10-29,87.9,4,6,6.1
ATH018,Overhead Press,2025-10-29,45.3,4,6,6.2
ATH018,Bench Press,2025-10-31,97.0,3,5,6.0
ATH018,Romanian Deadlift,2025-10-31,114.6,4,10,7.6
ATH018,Yoke Walk,2025-10-31,201.3,4,18,7.4
ATH018,Bench Press,2025-11-02,90.4,5,5,8.9
ATH018,Romanian Deadlift,2025-11-02,115.5,3,12,6.8
ATH018,Yoke Walk,2025-11-02,279.0,3,10,8.7
ATH018,Atlas Stone Load,2025-11-05,105.8,3,5,8.0
ATH018,Bench Press,2025-11-05,68.0,3,10,8.7
ATH018,Incline Bench Press,2025-11-05,61.0,3,12,7.6
ATH018,Farmer's Walk,2025-11-07,96.5,3,15,8.0
ATH018,Front Squat,2025-11-07,99.7,3,6,6.0
ATH018,Overhead Press,2025-11-07,69.5,5,5,7.5
ATH018,Bench Press,2025-11-09,92.1,3,10,8.0
ATH018,Incline Bench Press,2025-11-09,73.6,3,10,7.3
ATH018,Sandbag Carry,2025-11-09,101.2,4,30,7.4
ATH018,Barbell Row,2025-11-12,90.4,4,8,6.5
ATH018,Bench Press,2025-11-12,80.3,3,8,7.1
ATH018,Log Press,2025-11-12,68.8,3,6,7.6
ATH018,Bench Press,2025-11-14,91.8,3,6,6.6
ATH018,Front Squat,2025-11-14,83.6,4,6,6.6
ATH018,Log Press,2025-11-14,59.4,4,5,5.8
ATH018,Front Squat,2025-11-16,74.9,4,6,6.5
ATH018,Log Press,2025-11-16,58.4,3,6,6.8
ATH018,Squat,2025-11-16,112.3,5,5,5.8
ATH018,Bench Press,2025-11-19,91.4,4,5,6.5
ATH018,Log Press,2025-11-19,93.3,3,8,8.3
ATH018,Pull-ups,2025-11-19,5.9,3,12,6.1
ATH018,Farmer's Walk,2025-11-21,130.0,4,18,9.2
ATH018,Front Squat,2025-11-21,96.8,4,12,8.7
ATH018,Overhead Press,2025-11-21,45.5,3,8,6.3
ATH018,Atlas Stone Load,2025-11-23,136.2,3,4,7.4
ATH018,Deadlift,2025-11-23,163.1,4,5,7.2
ATH018,Pull-ups,2025-11-23,12.6,3,12,8.3
ATH018,Atlas Stone Load,2025-11-26,121.7,3,4,7.2
ATH018,Overhead Press,2025-11-26,65.5,3,10,6.6
ATH018,Pull-ups,2025-11-26,14.7,4,10,6.5
ATH018,Bench Press,2025-11-28,99.2,3,6,6.8
ATH018,Farmer's Walk,2025-11-28,99.2,4,26,6.6
ATH018,Pull-ups,2025-11-28,8.6,4,12,8.2
ATH018,Front Squat,2025-11-30,103.2,4,6,7.5
ATH018,Overhead Press,2025-11-30,48.9,3,10,7.5
ATH018,Sandbag Carry,2025-11-30,143.1,3,15,7.1
ATH018,Atlas Stone Load,2025-12-03,97.4,3,2,8.6
ATH018,Barbell Row,2025-12-03,81.5,3,10,7.7
ATH018,Overhead Press,2025-12-03,69.5,3,5,9.0
ATH018,Atlas Stone Load,2025-12-05,118.7,4,4,7.6
ATH018,Pull-ups,2025-12-05,3.0,3,8,7.7
ATH018,Squat,2025-12-05,115.0,3,3,7.5
ATH018,Bench Press,2025-12-07,67.8,3,5,7.9
ATH018,Romanian Deadlift,2025-12-07,100.7,3,8,8.0
ATH018,Sandbag Carry,2025-12-07,95.5,4,15,6.7
ATH018,Barbell Row,2025-12-10,94.6,4,12,6.4
ATH018,Farmer's Walk,2025-12-10,109.2,3,25,7.4
ATH018,Overhead Press,2025-12-10,52.5,5,10,8.6
ATH018,Atlas Stone Load,2025-12-12,108.4,4,2,8.6
ATH018,Romanian Deadlift,2025-12-12,143.7,4,8,6.5
ATH018,Squat,2025-12-12,95.3,4,5,7.9
ATH018,Barbell Row,2025-12-14,102.1,3,12,6.5
ATH018,Deadlift,2025-12-14,123.3,3,3,6.5
ATH018,Yoke Walk,2025-12-14,271.8,3,25,9.1
ATH018,Atlas Stone Load,2025-12-17,122.4,4,5,7.3
ATH018,Deadlift,2025-12-17,131.9,5,6,9.1
ATH018,Front Squat,2025-12-17,101.6,3,10,6.1
ATH018,Atlas Stone Load,2025-12-19,108.5,4,5,8.0
ATH018,Incline Bench Press,2025-12-19,64.2,3,6,8.2
ATH018,Overhead Press,2025-12-19,49.2,4,8,7.5
ATH018,Overhead Press,2025-12-21,65.9,4,10,6.8
ATH018,Romanian Deadlift,2025-12-21,147.6,4,10,8.7
ATH018,Yoke Walk,2025-12-21,309.7,4,20,7.6
ATH019,Front Squat,2025-10-01,90.2,3,6,8.1
ATH019,Sandbag Carry,2025-10-01,132.1,3,10,7.1
ATH019,Squat,2025-10-01,113.7,5,6,6.8
ATH019,Atlas Stone Load,2025-10-03,152.3,3,5,9.0
ATH019,Deadlift,2025-10-03,159.7,3,3,7.3
ATH019,Pull-ups,2025-10-03,18.4,4,8,8.3
ATH019,Log Press,2025-10-05,93.6,3,3,7.2
ATH019,Overhead Press,2025-10-05,56.1,4,6,6.8
ATH019,Romanian Deadlift,2025-10-05,173.6,3,6,8.0
ATH019,Atlas Stone Load,2025-10-08,145.4,3,2,8.4
ATH019,Deadlift,2025-10-08,209.8,5,5,7.5
ATH019,Romanian Deadlift,2025-10-08,118.8,3,6,7.7
ATH019,Atlas Stone Load,2025-10-10,108.4,3,4,8.9
ATH019,Deadlift,2025-10-10,191.1,5,6,8.6
ATH019,Incline Bench Press,2025-10-10,98.0,3,12,6.4
ATH019,Front Squat,2025-10-12,116.3,3,12,7.3
ATH019,Sandbag Carry,2025-10-12,145.0,4,15,8.5
ATH019,Squat,2025-10-12,109.7,3,5,8.9
ATH019,Atlas Stone Load,2025-10-15,139.4,3,4,8.3
ATH019,Deadlift,2025-10-15,150.6,4,5,8.6
ATH019,Pull-ups,2025-10-15,19.3,3,10,7.7
ATH019,Farmer's Walk,2025-10-17,101.8,4,12,7.6
ATH019,Romanian Deadlift,2025-10-17,120.4,3,12,6.1
ATH019,Squat,2025-10-17,159.9,3,5,7.1
ATH019,Barbell Row,2025-10-19,86.1,3,12,7.9
ATH019,Log Press,2025-10-19,81.2,4,6,6.7
ATH019,Squat,2025-10-19,150.0,4,5,8.4
ATH019,Deadlift,2025-10-22,177.2,3,3,6.5
ATH019,Incline Bench Press,2025-10-22,84.2,3,10,8.6
ATH019,Yoke Walk,2025-10-22,251.9,3,26,7.7
ATH019,Deadlift,2025-10-24,198.1,3,6,7.1
ATH019,Farmer's Walk,2025-10-24,173.5,3,26,7.0
ATH019,Romanian Deadlift,2025-10-24,129.7,3,12,6.0
ATH019,Farmer's Walk,2025-10-26,111.0,4,10,8.2
ATH019,Overhead Press,2025-10-26,67.6,3,8,8.5
ATH019,Romanian Deadlift,2025-10-26,157.2,4,6,6.7
ATH019,Barbell Row,2025-10-29,103.1,3,12,6.2
ATH019,Bench Press,2025-10-29,105.1,3,8,6.5
ATH019,Farmer's Walk,2025-10-29,122.5,3,26,8.7
ATH019,Deadlift,2025-10-31,209.8,3,5,7.5
ATH019,Romanian Deadlift,2025-10-31,132.3,3,10,7.0
ATH019,Yoke Walk,2025-10-31,290.2,4,12,8.5
ATH019,Atlas Stone Load,2025-11-02,159.2,4,3,7.6
ATH019,Front Squat,2025-11-02,120.0,3,6,8.5
ATH019,Overhead Press,2025-11-02,74.8,5,5,8.7
ATH019,Barbell Row,2025-11-05,123.7,4,12,6.9
ATH019,Deadlift,2025-11-05,201.9,5,6,8.1
ATH019,Farmer's Walk,2025-11-05,173.9,4,26,7.3
ATH019,Barbell Row,2025-11-07,86.1,4,10,7.7
ATH019,Deadlift,2025-11-07,212.5,3,4,6.8
ATH019,Farmer's Walk,2025-11-07,157.0,4,12,7.9
ATH019,Atlas Stone Load,2025-11-09,164.4,4,3,8.4
ATH019,Overhead Press,2025-11-09,85.4,5,6,6.6
ATH019,Pull-ups,2025-11-09,20.7,3,6,6.7
ATH019,Front Squat,2025-11-12,130.3,3,10,5.5
ATH019,Overhead Press,2025-11-12,59.5,3,5,7.0
ATH019,Yoke Walk,2025-11-12,323.5,4,12,5.7
ATH019,Front Squat,2025-11-14,99.2,3,10,5.5
ATH019,Log Press,2025-11-14,87.1,4,3,8.2
ATH019,Squat,2025-11-14,109.5,4,3,6.2
ATH019,Front Squat,2025-11-16,94.5,3,6,5.5
ATH019,Squat,2025-11-16,142.5,4,5,5.5
ATH019,Yoke Walk,2025-11-16,313.5,4,25,7.5
ATH019,Atlas Stone Load,2025-11-19,138.1,3,2,8.8
ATH019,Bench Press,2025-11-19,101.4,4,8,6.9
ATH019,Incline Bench Press,2025-11-19,82.1,3,8,7.0
ATH019,Bench Press,2025-11-21,91.5,4,5,6.9
ATH019,Front Squat,2025-11-21,109.7,3,12,6.5
ATH019,Yoke Walk,2025-11-21,255.5,4,18,6.8
ATH019,Farmer's Walk,2025-11-23,133.8,3,15,8.1
ATH019,Overhead Press,2025-11-23,61.9,5,6,8.2
ATH019,Romanian Deadlift,2025-11-23,133.0,3,12,8.8
ATH019,Atlas Stone Load,2025-11-26,147.8,4,3,7.8
ATH019,Barbell Row,2025-11-26,109.5,3,12,7.7
ATH019,Bench Press,2025-11-26,139.0,5,8,6.3
ATH019,Atlas Stone Load,2025-11-28,118.3,4,2,9.4
ATH019,Bench Press,2025-11-28,119.9,4,6,8.9
ATH019,Front Squat,2025-11-28,115.0,3,10,7.9
ATH019,Bench Press,2025-11-30,88.6,3,6,8.4
ATH019,Romanian Deadlift,2025-11-30,173.6,4,12,7.1
ATH019,Sandbag Carry,2025-11-30,148.9,3,18,8.7
ATH019,Atlas Stone Load,2025-12-03,150.9,4,4,9.1
ATH019,Bench Press,2025-12-03,117.8,5,5,6.5
ATH019,Pull-ups,2025-12-03,10.0,4,8,6.6
ATH019,Bench Press,2025-12-05,83.8,3,6,8.0
ATH019,Log Press,2025-12-05,81.4,4,8,9.2
ATH019,Romanian Deadlift,2025-12-05,155.9,4,10,8.4
ATH019,Incline Bench Press,2025-12-07,77.9,3,8,7.0
ATH019,Overhead Press,2025-12-07,88.3,4,5,7.0
ATH019,Sandbag Carry,2025-12-07,137.7,3,18,7.7
ATH019,Bench Press,2025-12-10,83.5,3,5,6.7
ATH019,Front Squat,2025-12-10,97.2,3,6,6.8
ATH019,Yoke Walk,2025-12-10,362.8,3,20,8.8
ATH019,Deadlift,2025-12-12,171.4,3,4,8.3
ATH019,Front Squat,2025-12-12,108.9,4,12,8.3
ATH019,Yoke Walk,2025-12-12,241.8,3,10,8.3
ATH019,Deadlift,2025-12-14,171.4,5,6,6.6
ATH019,Farmer's Walk,2025-12-14,159.3,4,10,7.5
ATH019,Pull-ups,2025-12-14,21.0,3,8,7.2
ATH019,Bench Press,2025-12-17,124.9,3,10,8.7
ATH019,Front Squat,2025-12-17,113.1,4,6,7.4
ATH019,Log Press,2025-12-17,101.0,4,3,7.3
ATH019,Atlas Stone Load,2025-12-19,165.4,3,4,8.2
ATH019,Bench Press,2025-12-19,90.0,4,10,7.8
ATH019,Front Squat,2025-12-19,122.1,3,6,6.2
ATH019,Overhead Press,2025-12-21,77.3,5,6,8.0
ATH019,Pull-ups,2025-12-21,14.1,3,12,7.9
ATH019,Yoke Walk,2025-12-21,344.8,3,22,7.1
ATH020,Deadlift,2025-10-01,158.9,5,4,8.4
ATH020,Log Press,2025-10-01,56.7,3,6,8.7
ATH020,Pull-ups,2025-10-01,14.6,4,10,7.8
ATH020,Bench Press,2025-10-03,76.0,5,6,8.3
ATH020,Front Squat,2025-10-03,90.6,3,6,7.0
ATH020,Yoke Walk,2025-10-03,224.8,3,12,8.6
ATH020,Overhead Press,2025-10-05,68.9,4,10,8.8
ATH020,Pull-ups,2025-10-05,13.7,3,10,6.8
ATH020,Sandbag Carry,2025-10-05,132.7,3,30,9.0
ATH020,Deadlift,2025-10-08,133.2,3,6,6.7
ATH020,Front Squat,2025-10-08,87.2,4,8,7.3
ATH020,Sandbag Carry,2025-10-08,126.2,4,26,7.5
ATH020,Deadlift,2025-10-10,124.1,3,3,7.8
ATH020,Pull-ups,2025-10-10,9.4,4,10,8.1
ATH020,Yoke Walk,2025-10-10,225.4,3,25,8.9
ATH020,Barbell Row,2025-10-12,96.1,4,8,6.2
ATH020,Farmer's Walk,2025-10-12,118.6,3,26,8.0
ATH020,Overhead Press,2025-10-12,67.8,4,5,6.9
ATH020,Deadlift,2025-10-15,149.0,4,4,8.1
ATH020,Romanian Deadlift,2025-10-15,101.5,4,6,6.4
ATH020,Sandbag Carry,2025-10-15,141.7,3,25,7.4
ATH020,Farmer's Walk,2025-10-17,97.6,3,20,8.9
ATH020,Overhead Press,2025-10-17,69.0,4,10,7.3
ATH020,Pull-ups,2025-10-17,4.3,4,6,7.5
ATH020,Barbell Row,2025-10-19,83.7,4,10,8.6
ATH020,Log Press,2025-10-19,94.2,4,6,7.6
ATH020,Overhead Press,2025-10-19,51.2,5,8,6.0
ATH020,Incline Bench Press,2025-10-22,73.3,3,8,7.4
ATH020,Overhead Press,2025-10-22,56.4,4,8,7.7
ATH020,Sandbag Carry,2025-10-22,125.8,4,15,8.3
ATH020,Farmer's Walk,2025-10-24,99.6,4,12,7.2
ATH020,Overhead Press,2025-10-24,64.5,5,8,6.6
ATH020,Romanian Deadlift,2025-10-24,123.9,4,12,8.2
ATH020,Atlas Stone Load,2025-10-26,133.2,4,2,8.5
ATH020,Barbell Row,2025-10-26,95.0,4,6,7.9
ATH020,Squat,2025-10-26,105.7,5,6,8.0
ATH020,Bench Press,2025-10-29,94.6,3,8,8.8
ATH020,Pull-ups,2025-10-29,2.3,4,10,7.1
ATH020,Sandbag Carry,2025-10-29,139.2,4,22,6.9
ATH020,Farmer's Walk,2025-10-31,97.8,3,15,9.1
ATH020,Overhead Press,2025-10-31,51.9,5,8,6.6
ATH020,Romanian Deadlift,2025-10-31,112.8,3,10,7.8
ATH020,Atlas Stone Load,2025-11-02,137.2,4,3,7.0
ATH020,Front Squat,2025-11-02,102.7,3,6,6.7
ATH020,Overhead Press,2025-11-02,50.1,3,10,8.2
ATH020,Atlas Stone Load,2025-11-05,122.0,4,3,8.4
ATH020,Bench Press,2025-11-05,84.3,4,6,7.5
ATH020,Incline Bench Press,2025-11-05,83.7,3,6,8.6
ATH020,Atlas Stone Load,2025-11-07,139.9,3,5,8.0
ATH020,Bench Press,2025-11-07,82.0,5,10,6.1
ATH020,Pull-ups,2025-11-07,5.4,3,10,8.0
ATH020,Atlas Stone Load,2025-11-09,112.7,4,3,8.9
ATH020,Romanian Deadlift,2025-11-09,119.5,4,8,8.4
ATH020,Squat,2025-11-09,97.2,5,6,8.3
ATH020,Bench Press,2025-11-12,79.4,4,10,6.0
ATH020,Incline Bench Press,2025-11-12,55.1,3,12,7.7
ATH020,Yoke Walk,2025-11-12,217.5,3,30,5.5
ATH020,Barbell Row,2025-11-14,96.3,4,8,7.5
ATH020,Sandbag Carry,2025-11-14,120.9,3,12,5.5
ATH020,Squat,2025-11-14,108.5,3,5,5.7
ATH020,Atlas Stone Load,2025-11-16,91.9,3,2,6.2
ATH020,Overhead Press,2025-11-16,60.3,4,10,6.8
ATH020,Pull-ups,2025-11-16,13.2,4,8,7.0
ATH020,Log Press,2025-11-19,83.0,4,6,8.5
ATH020,Overhead Press,2025-11-19,74.2,4,8,7.8
ATH020,Romanian Deadlift,2025-11-19,130.8,4,10,6.1
ATH020,Overhead Press,2025-11-21,55.7,4,6,6.5
ATH020,Pull-ups,2025-11-21,24.1,4,6,7.3
ATH020,Sandbag Carry,2025-11-21,114.0,4,25,7.2
ATH020,Incline Bench Press,2025-11-23,84.8,4,12,6.6
ATH020,Overhead Press,2025-11-23,61.6,3,8,7.2
ATH020,Sandbag Carry,2025-11-23,109.8,4,30,8.8
ATH020,Barbell Row,2025-11-26,89.8,4,12,8.3
ATH020,Deadlift,2025-11-26,158.4,4,3,7.0
ATH020,Sandbag Carry,2025-11-26,112.9,4,12,8.3
ATH020,Atlas Stone Load,2025-11-28,143.1,4,5,7.2
ATH020,Front Squat,2025-11-28,99.9,4,8,7.4
ATH020,Overhead Press,2025-11-28,48.1,4,6,6.8
ATH020,Farmer's Walk,2025-11-30,134.6,4,20,7.5
ATH020,Incline Bench Press,2025-11-30,88.5,3,8,6.2
ATH020,Squat,2025-11-30,114.3,4,6,8.7
ATH020,Incline Bench Press,2025-12-03,76.6,3,12,6.4
ATH020,Sandbag Carry,2025-12-03,141.7,3,30,7.7
ATH020,Squat,2025-12-03,102.4,5,6,8.6
ATH020,Bench Press,2025-12-05,77.3,4,10,8.0
ATH020,Farmer's Walk,2025-12-05,124.9,4,26,8.9
ATH020,Incline Bench Press,2025-12-05,63.8,3,8,7.7
ATH020,Farmer's Walk,2025-12-07,103.5,3,15,8.7
ATH020,Incline Bench Press,2025-12-07,69.1,4,12,7.8
ATH020,Overhead Press,2025-12-07,70.6,5,6,8.1
ATH020,Atlas Stone Load,2025-12-10,135.9,4,3,7.7
ATH020,Bench Press,2025-12-10,101.8,4,10,8.1
ATH020,Pull-ups,2025-12-10,21.8,3,6,6.3
ATH020,Bench Press,2025-12-12,77.6,3,5,6.3
ATH020,Incline Bench Press,2025-12-12,89.8,4,8,8.1
ATH020,Log Press,2025-12-12,63.6,3,6,8.9
ATH020,Bench Press,2025-12-14,106.2,5,10,7.6
ATH020,Incline Bench Press,2025-12-14,85.5,4,10,8.8
ATH020,Sandbag Carry,2025-12-14,129.8,3,20,8.1
ATH020,Barbell Row,2025-12-17,102.8,3,10,6.5
ATH020,Deadlift,2025-12-17,145.1,3,6,8.6
ATH020,Sandbag Carry,2025-12-17,128.6,3,26,7.8
ATH020,Overhead Press,2025-12-19,67.2,4,8,7.5
ATH020,Pull-ups,2025-12-19,5.8,3,8,6.4
ATH020,Yoke Walk,2025-12-19,249.0,4,22,8.4
ATH020,Atlas Stone Load,2025-12-21,117.1,4,2,7.9
ATH020,Overhead Press,2025-12-21,60.0,3,10,8.7
ATH020,Pull-ups,2025-12-21,9.2,3,10,8.5
ATH021,Barbell Row,2025-10-01,96.4,4,12,7.4
ATH021,Deadlift,2025-10-01,143.8,5,5,7.0
ATH021,Yoke Walk,2025-10-01,254.3,4,30,8.2
ATH021,Barbell Row,2025-10-03,84.4,3,8,7.2
ATH021,Farmer's Walk,2025-10-03,121.0,3,15,7.8
ATH021,Squat,2025-10-03,116.1,3,5,8.7
ATH021,Bench Press,2025-10-05,70.2,5,8,6.8
ATH021,Farmer's Walk,2025-10-05,125.3,4,30,9.1
ATH021,Incline Bench Press,2025-10-05,53.1,4,12,8.1
ATH021,Pull-ups,2025-10-08,10.8,3,6,6.6
ATH021,Squat,2025-10-08,127.9,4,6,7.3
ATH021,Yoke Walk,2025-10-08,247.7,3,10,7.3
ATH021,Deadlift,2025-10-10,141.0,4,6,7.5
ATH021,Front Squat,2025-10-10,72.3,3,10,6.3
ATH021,Yoke Walk,2025-10-10,214.8,4,30,6.8
ATH021,Farmer's Walk,2025-10-12,94.0,4,22,6.7
ATH021,Pull-ups,2025-10-12,13.8,3,12,7.1
ATH021,Squat,2025-10-12,115.2,4,5,8.3
ATH021,Deadlift,2025-10-15,151.7,3,5,6.8
ATH021,Incline Bench Press,2025-10-15,73.5,3,10,6.7
ATH021,Yoke Walk,2025-10-15,264.9,4,25,7.9
ATH021,Front Squat,2025-10-17,96.5,4,6,7.9
ATH021,Squat,2025-10-17,125.7,4,3,8.5
ATH021,Yoke Walk,2025-10-17,273.2,3,22,8.0
ATH021,Romanian Deadlift,2025-10-19,130.6,4,8,6.4
ATH021,Squat,2025-10-19,119.1,3,3,6.6
ATH021,Yoke Walk,2025-10-19,251.1,3,25,7.4
ATH021,Romanian Deadlift,2025-10-22,129.1,4,12,7.5
ATH021,Sandbag Carry,2025-10-22,98.4,4,15,7.8
ATH021,Squat,2025-10-22,128.7,3,3,8.6
ATH021,Atlas Stone Load,2025-10-24,97.1,4,4,7.1
ATH021,Barbell Row,2025-10-24,76.4,4,6,6.5
ATH021,Overhead Press,2025-10-24,63.1,5,10,6.9
ATH021,Incline Bench Press,2025-10-26,64.2,4,12,8.7
ATH021,Overhead Press,2025-10-26,61.5,5,6,7.8
ATH021,Sandbag Carry,2025-10-26,86.2,4,30,8.4
ATH021,Bench Press,2025-10-29,89.8,5,6,6.5
ATH021,Front Squat,2025-10-29,82.5,3,12,7.0
ATH021,Yoke Walk,2025-10-29,256.1,3,30,8.6
ATH021,Bench Press,2025-10-31,103.8,4,5,8.0
ATH021,Romanian Deadlift,2025-10-31,139.5,4,10,8.6
ATH021,Sandbag Carry,2025-10-31,107.4,3,20,9.0
ATH021,Deadlift,2025-11-02,168.2,4,6,9.0
ATH021,Romanian Deadlift,2025-11-02,135.8,4,10,7.4
ATH021,Yoke Walk,2025-11-02,309.1,4,26,6.9
ATH021,Bench Press,2025-11-05,85.5,5,10,7.2
ATH021,Farmer's Walk,2025-11-05,109.1,3,30,7.2
ATH021,Front Squat,2025-11-05,94.3,4,12,7.1
ATH021,Barbell Row,2025-11-07,99.9,3,12,6.7
ATH021,Deadlift,2025-11-07,121.4,5,3,8.4
ATH021,Log Press,2025-11-07,59.9,4,3,7.5
ATH021,Log Press,2025-11-09,85.0,4,8,8.4
ATH021,Romanian Deadlift,2025-11-09,100.1,4,6,8.1
ATH021,Squat,2025-11-09,88.3,4,3,8.7
ATH021,Overhead Press,2025-11-12,53.9,5,10,6.2
ATH021,Romanian Deadlift,2025-11-12,105.6,3,6,6.9
ATH021,Yoke Walk,2025-11-12,205.8,3,20,7.5
ATH021,Deadlift,2025-11-14,162.1,5,3,5.7
ATH021,Front Squat,2025-11-14,84.3,3,6,7.6
ATH021,Log Press,2025-11-14,83.6,3,8,6.1
ATH021,Atlas Stone Load,2025-11-16,112.8,3,2,8.1
ATH021,Bench Press,2025-11-16,75.2,4,10,7.2
ATH021,Incline Bench Press,2025-11-16,58.4,4,8,5.5
ATH021,Deadlift,2025-11-19,125.7,4,4,7.1
ATH021,Log Press,2025-11-19,68.8,3,5,9.0
ATH021,Pull-ups,2025-11-19,10.2,4,6,8.2
ATH021,Front Squat,2025-11-21,100.7,3,6,8.1
ATH021,Squat,2025-11-21,90.7,4,6,7.4
ATH021,Yoke Walk,2025-11-21,233.9,4,12,8.1
ATH021,Bench Press,2025-11-23,90.6,4,8,6.7
ATH021,Farmer's Walk,2025-11-23,127.7,4,10,8.2
ATH021,Incline Bench Press,2025-11-23,56.3,4,8,8.3
ATH021,Bench Press,2025-11-26,82.0,3,5,8.4
ATH021,Incline Bench Press,2025-11-26,66.7,3,8,7.1
ATH021,Sandbag Carry,2025-11-26,107.7,3,30,7.7
ATH021,Atlas Stone Load,2025-11-28,99.5,3,3,9.0
ATH021,Overhead Press,2025-11-28,45.9,5,5,8.0
ATH021,Romanian Deadlift,2025-11-28,102.5,4,8,7.0
ATH021,Barbell Row,2025-11-30,91.7,4,8,6.8
ATH021,Overhead Press,2025-11-30,55.6,5,10,8.7
ATH021,Sandbag Carry,2025-11-30,90.5,3,15,8.4
ATH021,Bench Press,2025-12-03,71.6,3,6,8.3
ATH021,Pull-ups,2025-12-03,5.3,3,12,8.2
ATH021,Yoke Walk,2025-12-03,222.2,3,30,9.0
ATH021,Deadlift,2025-12-05,161.4,5,5,6.5
ATH021,Front Squat,2025-12-05,105.2,3,12,6.2
ATH021,Sandbag Carry,2025-12-05,109.7,4,26,9.0
ATH021,Front Squat,2025-12-07,91.7,3,8,8.6
ATH021,Log Press,2025-12-07,59.2,3,5,8.4
ATH021,Overhead Press,2025-12-07,66.1,3,10,7.9
ATH021,Atlas Stone Load,2025-12-10,93.6,4,2,8.6
ATH021,Bench Press,2025-12-10,70.9,3,5,6.5
ATH021,Pull-ups,2025-12-10,13.6,4,10,6.3
ATH021,Incline Bench Press,2025-12-12,79.8,4,8,6.3
ATH021,Overhead Press,2025-12-12,51.6,3,6,8.3
ATH021,Sandbag Carry,2025-12-12,104.9,4,12,7.8
ATH021,Log Press,2025-12-14,85.9,4,3,7.8
ATH021,Pull-ups,2025-12-14,18.5,3,10,6.2
ATH021,Squat,2025-12-14,122.3,4,3,7.3
ATH021,Atlas Stone Load,2025-12-17,113.9,3,4,7.6
ATH021,Romanian Deadlift,2025-12-17,115.3,3,8,8.3
ATH021,Squat,2025-12-17,93.4,5,5,8.6
ATH021,Log Press,2025-12-19,57.2,4,8,8.5
ATH021,Overhead Press,2025-12-19,50.1,5,6,6.2
ATH021,Romanian Deadlift,2025-12-19,125.4,3,8,6.8
ATH021,Pull-ups,2025-12-21,3.6,3,8,6.9
ATH021,Squat,2025-12-21,132.2,3,4,7.4
ATH021,Yoke Walk,2025-12-21,246.7,4,10,8.1
ATH022,Atlas Stone Load,2025-10-01,140.3,3,4,8.4
ATH022,Overhead Press,2025-10-01,67.8,4,10,8.6
ATH022,Pull-ups,2025-10-01,10.0,3,12,7.6
ATH022,Front Squat,2025-10-03,82.4,3,10,7.6
ATH022,Overhead Press,2025-10-03,51.8,5,10,6.0
ATH022,Yoke Walk,2025-10-03,238.8,4,12,7.2
ATH022,Barbell Row,2025-10-05,103.8,4,6,6.1
ATH022,Bench Press,2025-10-05,71.5,4,10,8.6
ATH022,Farmer's Walk,2025-10-05,137.6,4,25,6.8
ATH022,Deadlift,2025-10-08,152.2,3,3,7.8
ATH022,Front Squat,2025-10-08,90.8,3,10,6.5
ATH022,Log Press,2025-10-08,78.6,3,3,7.7
ATH022,Deadlift,2025-10-10,131.7,3,5,6.6
ATH022,Incline Bench Press,2025-10-10,82.2,3,10,7.5
ATH022,Log Press,2025-10-10,90.2,4,3,7.4
ATH022,Atlas Stone Load,2025-10-12,94.8,4,2,7.8
ATH022,Front Squat,2025-10-12,96.3,4,12,6.5
ATH022,Overhead Press,2025-10-12,70.4,5,10,6.5
ATH022,Front Squat,2025-10-15,82.2,4,8,6.7
ATH022,Log Press,2025-10-15,70.4,3,5,8.5
ATH022,Squat,2025-10-15,115.1,3,4,7.0
ATH022,Deadlift,2025-10-17,177.3,5,6,8.3
ATH022,Farmer's Walk,2025-10-17,94.5,3,30,8.3
ATH022,Incline Bench Press,2025-10-17,79.3,3,6,8.7
ATH022,Barbell Row,2025-10-19,101.8,3,6,8.7
ATH022,Bench Press,2025-10-19,71.1,4,5,6.5
ATH022,Yoke Walk,2025-10-19,313.4,4,20,6.8
ATH022,Atlas Stone Load,2025-10-22,136.3,4,3,8.3
ATH022,Bench Press,2025-10-22,100.2,5,5,6.2
ATH022,Front Squat,2025-10-22,114.4,4,6,6.2
ATH022,Barbell Row,2025-10-24,82.8,4,10,6.1
ATH022,Deadlift,2025-10-24,146.7,3,4,8.8
ATH022,Farmer's Walk,2025-10-24,101.5,3,15,8.8
ATH022,Bench Press,2025-10-26,100.3,5,6,6.3
ATH022,Romanian Deadlift,2025-10-26,145.8,4,6,6.1
ATH022,Sandbag Carry,2025-10-26,118.1,3,22,8.9
ATH022,Romanian Deadlift,2025-10-29,103.8,3,10,6.1
ATH022,Sandbag Carry,2025-10-29,107.0,4,18,8.8
ATH022,Squat,2025-10-29,131.3,4,6,8.7
ATH022,Atlas Stone Load,2025-10-31,104.6,3,5,7.4
ATH022,Front Squat,2025-10-31,116.8,4,10,8.7
ATH022,Overhead Press,2025-10-31,69.5,4,8,6.4
ATH022,Deadlift,2025-11-02,162.7,4,6,9.2
ATH022,Romanian Deadlift,2025-11-02,128.0,3,12,7.5
ATH022,Sandbag Carry,2025-11-02,113.2,3,20,8.8
ATH022,Romanian Deadlift,2025-11-05,152.6,4,8,7.0
ATH022,Squat,2025-11-05,119.7,5,4,9.2
ATH022,Yoke Walk,2025-11-05,255.1,4,30,6.5
ATH022,Bench Press,2025-11-07,101.8,5,10,8.2
ATH022,Incline Bench Press,2025-11-07,60.2,3,10,6.1
ATH022,Log Press,2025-11-07,78.2,4,6,8.8
ATH022,Incline Bench Press,2025-11-09,67.1,4,10,7.6
ATH022,Overhead Press,2025-11-09,72.0,4,5,7.3
ATH022,Sandbag Carry,2025-11-09,137.8,3,30,8.4
ATH022,Atlas Stone Load,2025-11-12,124.8,4,4,7.9
ATH022,Bench Press,2025-11-12,91.9,3,6,6.7
ATH022,Front Squat,2025-11-12,77.0,4,12,6.2
ATH022,Bench Press,2025-11-14,99.2,5,6,7.2
ATH022,Pull-ups,2025-11-14,14.4,4,8,5.5
ATH022,Sandbag Carry,2025-11-14,114.7,3,30,6.3
ATH022,Incline Bench Press,2025-11-16,77.5,4,12,5.7
ATH022,Log Press,2025-11-16,68.9,4,5,5.6
ATH022,Overhead Press,2025-11-16,47.0,5,8,5.5
ATH022,Bench Press,2025-11-19,111.2,5,5,6.8
ATH022,Pull-ups,2025-11-19,8.4,4,6,7.6
ATH022,Sandbag Carry,2025-11-19,94.5,4,15,7.1
ATH022,Log Press,2025-11-21,71.9,4,3,7.4
ATH022,Overhead Press,2025-11-21,51.5,5,6,7.0
ATH022,Romanian Deadlift,2025-11-21,123.1,3,10,8.2
ATH022,Atlas Stone Load,2025-11-23,132.5,3,2,8.5
ATH022,Barbell Row,2025-11-23,108.4,3,8,7.4
ATH022,Overhead Press,2025-11-23,53.8,4,8,7.5
ATH022,Front Squat,2025-11-26,106.0,4,10,7.5
ATH022,Squat,2025-11-26,110.8,3,4,7.4
ATH022,Yoke Walk,2025-11-26,257.6,4,18,9.2
ATH022,Atlas Stone Load,2025-11-28,130.9,4,3,7.0
ATH022,Incline Bench Press,2025-11-28,86.4,4,10,8.0
ATH022,Squat,2025-11-28,112.8,3,4,7.3
ATH022,Barbell Row,2025-11-30,115.0,4,12,8.4
ATH022,Bench Press,2025-11-30,83.9,3,5,7.5
ATH022,Yoke Walk,2025-11-30,249.1,3,20,7.0
ATH022,Atlas Stone Load,2025-12-03,120.8,3,5,8.3
ATH022,Bench Press,2025-12-03,82.7,3,5,6.8
ATH022,Pull-ups,2025-12-03,22.3,4,10,7.3
ATH022,Atlas Stone Load,2025-12-05,144.2,4,4,8.8
ATH022,Pull-ups,2025-12-05,4.4,4,6,6.1
ATH022,Squat,2025-12-05,116.7,4,3,6.7
ATH022,Deadlift,2025-12-07,162.2,4,6,6.8
ATH022,Farmer's Walk,2025-12-07,129.1,3,12,8.8
ATH022,Pull-ups,2025-12-07,4.3,3,8,6.1
ATH022,Barbell Row,2025-12-10,107.0,3,6,7.0
ATH022,Overhead Press,2025-12-10,76.5,5,8,8.5
ATH022,Yoke Walk,2025-12-10,253.9,3,26,7.3
ATH022,Log Press,2025-12-12,100.9,3,5,8.2
ATH022,Overhead Press,2025-12-12,73.5,4,6,8.3
ATH022,Pull-ups,2025-12-12,18.8,4,10,7.4
ATH022,Bench Press,2025-12-14,109.1,4,6,6.4
ATH022,Front Squat,2025-12-14,79.5,3,8,8.1
ATH022,Sandbag Carry,2025-12-14,115.8,3,22,6.6
ATH022,Incline Bench Press,2025-12-17,84.1,3,10,7.6
ATH022,Log Press,2025-12-17,77.3,3,3,8.6
ATH022,Squat,2025-12-17,139.2,5,4,7.5
ATH022,Overhead Press,2025-12-19,71.0,4,10,8.0
ATH022,Romanian Deadlift,2025-12-19,124.5,3,6,6.5
ATH022,Sandbag Carry,2025-12-19,136.8,3,18,8.1
ATH022,Bench Press,2025-12-21,112.1,5,5,8.5
ATH022,Farmer's Walk,2025-12-21,125.5,3,30,7.7
ATH022,Pull-ups,2025-12-21,16.1,4,12,8.5
ATH023,Incline Bench Press,2025-10-01,79.4,4,10,8.6
ATH023,Squat,2025-10-01,110.6,5,5,7.7
ATH023,Yoke Walk,2025-10-01,323.0,4,22,7.7
ATH023,Bench Press,2025-10-03,70.8,5,6,6.5
ATH023,Front Squat,2025-10-03,121.2,4,8,7.0
ATH023,Sandbag Carry,2025-10-03,107.5,3,15,7.9
ATH023,Bench Press,2025-10-05,106.7,5,10,8.5
ATH023,Front Squat,2025-10-05,115.8,4,10,7.0
ATH023,Sandbag Carry,2025-10-05,97.9,4,20,6.5
ATH023,Bench Press,2025-10-08,72.9,4,10,6.1
ATH023,Farmer's Walk,2025-10-08,113.6,4,22,8.6
ATH023,Front Squat,2025-10-08,108.0,4,8,8.3
ATH023,Log Press,2025-10-10,76.8,3,6,7.7
ATH023,Pull-ups,2025-10-10,7.5,4,6,6.4
ATH023,Squat,2025-10-10,129.4,3,4,6.9
ATH023,Deadlift,2025-10-12,170.4,3,6,8.4
ATH023,Front Squat,2025-10-12,124.4,3,6,7.7
ATH023,Yoke Walk,2025-10-12,255.6,4,18,8.6
ATH023,Atlas Stone Load,2025-10-15,139.2,4,2,9.0
ATH023,Overhead Press,2025-10-15,73.2,5,10,7.3
ATH023,Romanian Deadlift,2025-10-15,116.5,4,10,8.1
ATH023,Deadlift,2025-10-17,175.1,3,4,8.9
ATH023,Farmer's Walk,2025-10-17,102.4,3,30,8.2
ATH023,Front Squat,2025-10-17,115.0,4,12,7.0
ATH023,Barbell Row,2025-10-19,118.4,4,8,6.2
ATH023,Log Press,2025-10-19,91.1,4,3,7.1
ATH023,Squat,2025-10-19,122.4,5,4,7.9
ATH023,Front Squat,2025-10-22,106.3,4,12,6.8
ATH023,Squat,2025-10-22,111.3,3,3,7.2
ATH023,Yoke Walk,2025-10-22,259.6,3,25,6.8
ATH023,Deadlift,2025-10-24,152.4,3,3,7.8
ATH023,Incline Bench Press,2025-10-24,72.9,4,10,6.7
ATH023,Yoke Walk,2025-10-24,261.5,3,20,9.0
ATH023,Overhead Press,2025-10-26,60.8,5,8,8.6
ATH023,Romanian Deadlift,2025-10-26,130.3,3,8,6.2
ATH023,Sandbag Carry,2025-10-26,126.0,4,26,9.2
ATH023,Front Squat,2025-10-29,84.4,3,8,8.7
ATH023,Log Press,2025-10-29,77.5,4,5,9.2
ATH023,Squat,2025-10-29,149.8,4,4,7.1
ATH023,Bench Press,2025-10-31,88.8,3,10,7.3
ATH023,Front Squat,2025-10-31,124.2,3,10,7.7
ATH023,Sandbag Carry,2025-10-31,126.2,3,22,8.6
ATH023,Bench Press,2025-11-02,98.9,4,6,8.6
ATH023,Log Press,2025-11-02,99.7,3,6,8.5
ATH023,Pull-ups,2025-11-02,4.0,4,10,7.4
ATH023,Atlas Stone Load,2025-11-05,119.2,3,2,8.8
ATH023,Deadlift,2025-11-05,161.8,4,5,8.4
ATH023,Romanian Deadlift,2025-11-05,159.9,4,6,7.2
ATH023,Atlas Stone Load,2025-11-07,101.0,4,5,8.1
ATH023,Barbell Row,2025-11-07,104.9,4,12,6.2
ATH023,Squat,2025-11-07,119.5,4,6,7.4
ATH023,Deadlift,2025-11-09,186.2,3,5,8.9
ATH023,Incline Bench Press,2025-11-09,84.9,3,6,8.5
ATH023,Log Press,2025-11-09,86.3,4,6,7.3
ATH023,Barbell Row,2025-11-12,75.4,3,12,6.7
ATH023,Squat,2025-11-12,113.1,4,4,6.1
ATH023,Yoke Walk,2025-11-12,287.1,4,10,5.6
ATH023,Barbell Row,2025-11-14,84.9,3,12,5.9
ATH023,Deadlift,2025-11-14,169.3,3,6,6.2
ATH023,Log Press,2025-11-14,74.8,3,6,8.0
ATH023,Front Squat,2025-11-16,82.7,4,12,6.4
ATH023,Sandbag Carry,2025-11-16,122.0,4,18,7.5
ATH023,Squat,2025-11-16,127.4,3,6,5.8
ATH023,Bench Press,2025-11-19,79.4,4,8,8.6
ATH023,Farmer's Walk,2025-11-19,148.0,3,10,8.4
ATH023,Romanian Deadlift,2025-11-19,147.3,4,10,7.1
ATH023,Bench Press,2025-11-21,79.3,3,10,8.1
ATH023,Log Press,2025-11-21,82.2,3,6,8.3
ATH023,Romanian Deadlift,2025-11-21,118.7,3,6,7.8
ATH023,Atlas Stone Load,2025-11-23,149.7,4,3,8.0
ATH023,Front Squat,2025-11-23,99.7,3,8,8.5
ATH023,Squat,2025-11-23,148.1,5,3,8.0
ATH023,Bench Press,2025-11-26,78.8,4,5,6.4
ATH023,Log Press,2025-11-26,66.7,3,6,8.1
ATH023,Pull-ups,2025-11-26,9.7,3,6,6.2
ATH023,Bench Press,2025-11-28,116.3,5,6,7.9
ATH023,Farmer's Walk,2025-11-28,93.9,4,22,7.8
ATH023,Romanian Deadlift,2025-11-28,127.9,4,6,7.2
ATH023,Log Press,2025-11-30,63.5,3,5,8.0
ATH023,Overhead Press,2025-11-30,81.6,5,6,7.0
ATH023,Pull-ups,2025-11-30,19.6,3,10,7.3
ATH023,Atlas Stone Load,2025-12-03,135.3,3,5,9.1
ATH023,Deadlift,2025-12-03,144.2,4,3,9.0
ATH023,Incline Bench Press,2025-12-03,84.5,4,8,8.5
ATH023,Barbell Row,2025-12-05,85.4,4,8,6.2
ATH023,Bench Press,2025-12-05,106.8,4,8,7.6
ATH023,Sandbag Carry,2025-12-05,149.0,3,26,7.3
ATH023,Atlas Stone Load,2025-12-07,109.4,3,2,8.8
ATH023,Bench Press,2025-12-07,83.7,4,8,7.4
ATH023,Romanian Deadlift,2025-12-07,118.2,3,12,7.4
ATH023,Barbell Row,2025-12-10,117.9,4,6,8.7
ATH023,Farmer's Walk,2025-12-10,127.1,4,10,7.4
ATH023,Squat,2025-12-10,128.6,4,6,8.3
ATH023,Deadlift,2025-12-12,179.1,5,5,8.2
ATH023,Log Press,2025-12-12,99.2,4,8,7.6
ATH023,Romanian Deadlift,2025-12-12,119.5,3,8,6.1
ATH023,Bench Press,2025-12-14,91.8,3,10,8.0
ATH023,Incline Bench Press,2025-12-14,81.8,4,8,6.5
ATH023,Yoke Walk,2025-12-14,299.2,4,22,7.7
ATH023,Deadlift,2025-12-17,148.8,3,6,7.6
ATH023,Front Squat,2025-12-17,111.5,3,12,6.6
ATH023,Log Press,2025-12-17,74.2,3,3,6.8
ATH023,Deadlift,2025-12-19,167.6,5,5,8.2
ATH023,Farmer's Walk,2025-12-19,149.0,4,25,7.9
ATH023,Incline Bench Press,2025-12-19,88.5,4,6,8.5
ATH023,Atlas Stone Load,2025-12-21,156.7,3,5,7.5
ATH023,Front Squat,2025-12-21,89.0,3,12,8.8
ATH023,Squat,2025-12-21,148.8,4,4,7.7
ATH024,Deadlift,2025-10-01,160.8,3,3,7.6
ATH024,Farmer's Walk,2025-10-01,121.2,3,22,8.6
ATH024,Romanian Deadlift,2025-10-01,107.0,4,8,7.1
ATH024,Bench Press,2025-10-03,72.6,4,5,7.1
ATH024,Log Press,2025-10-03,78.5,4,6,8.6
ATH024,Pull-ups,2025-10-03,13.0,4,6,7.5
ATH024,Bench Press,2025-10-05,93.7,3,10,7.8
ATH024,Front Squat,2025-10-05,101.5,4,10,8.7
ATH024,Sandbag Carry,2025-10-05,88.1,4,30,7.3
ATH024,Front Squat,2025-10-08,116.1,4,10,8.5
ATH024,Squat,2025-10-08,98.5,5,4,6.5
ATH024,Yoke Walk,2025-10-08,293.6,4,12,8.4
ATH024,Front Squat,2025-10-10,82.4,3,8,7.2
ATH024,Sandbag Carry,2025-10-10,123.6,4,22,7.7
ATH024,Squat,2025-10-10,109.7,3,6,8.0
ATH024,Front Squat,2025-10-12,90.2,4,12,6.6
ATH024,Overhead Press,2025-10-12,64.7,4,10,8.1
ATH024,Yoke Walk,2025-10-12,290.9,3,26,6.7
ATH024,Atlas Stone Load,2025-10-15,124.1,3,4,9.4
ATH024,Bench Press,2025-10-15,74.8,5,6,6.3
ATH024,Incline Bench Press,2025-10-15,60.3,3,6,6.6
ATH024,Barbell Row,2025-10-17,76.9,4,10,7.8
ATH024,Bench Press,2025-10-17,69.0,4,10,7.9
ATH024,Farmer's Walk,2025-10-17,91.9,3,30,7.8
ATH024,Atlas Stone Load,2025-10-19,116.1,4,2,8.3
ATH024,Incline Bench Press,2025-10-19,57.2,4,10,8.1
ATH024,Overhead Press,2025-10-19,55.3,4,5,7.4
ATH024,Barbell Row,2025-10-22,98.3,3,10,7.4
ATH024,Bench Press,2025-10-22,73.9,3,8,6.0
ATH024,Sandbag Carry,2025-10-22,101.1,3,30,8.0
ATH024,Atlas Stone Load,2025-10-24,113.2,4,4,7.7
ATH024,Bench Press,2025-10-24,95.2,3,6,6.5
ATH024,Incline Bench Press,2025-10-24,60.3,4,10,6.5
ATH024,Farmer's Walk,2025-10-26,130.7,3,18,7.6
ATH024,Overhead Press,2025-10-26,54.3,3,10,8.0
ATH024,Pull-ups,2025-10-26,10.2,3,6,7.4
ATH024,Deadlift,2025-10-29,181.7,4,6,7.9
ATH024,Front Squat,2025-10-29,100.2,4,12,6.8
ATH024,Log Press,2025-10-29,69.4,3,3,7.5
ATH024,Front Squat,2025-10-31,102.2,3,10,8.6
ATH024,Log Press,2025-10-31,71.0,4,3,7.3
ATH024,Overhead Press,2025-10-31,73.9,3,6,7.1
ATH024,Front Squat,2025-11-02,96.5,3,6,6.2
ATH024,Sandbag Carry,2025-11-02,133.1,3,15,7.5
ATH024,Squat,2025-11-02,129.0,3,3,8.1
ATH024,Atlas Stone Load,2025-11-05,104.2,4,4,9.3
ATH024,Incline Bench Press,2025-11-05,83.7,4,8,8.1
ATH024,Overhead Press,2025-11-05,58.1,5,8,8.9
ATH024,Barbell Row,2025-11-07,91.8,4,12,8.2
ATH024,Squat,2025-11-07,99.9,5,5,7.0
ATH024,Yoke Walk,2025-11-07,329.1,4,12,8.6
ATH024,Barbell Row,2025-11-09,86.0,4,8,8.1
ATH024,Farmer's Walk,2025-11-09,109.8,4,22,6.5
ATH024,Overhead Press,2025-11-09,60.2,3,10,7.8
ATH024,Atlas Stone Load,2025-11-12,94.2,3,3,7.7
ATH024,Bench Press,2025-11-12,82.8,4,5,6.2
ATH024,Romanian Deadlift,2025-11-12,127.4,3,10,6.2
ATH024,Barbell Row,2025-11-14,73.7,3,10,7.7
ATH024,Log Press,2025-11-14,74.7,3,3,6.6
ATH024,Squat,2025-11-14,105.8,4,5,5.7
ATH024,Farmer's Walk,2025-11-16,80.5,4,12,6.8
ATH024,Pull-ups,2025-11-16,6.2,3,8,6.5
ATH024,Squat,2025-11-16,98.4,5,3,7.4
ATH024,Romanian Deadlift,2025-11-19,114.1,3,8,8.1
ATH024,Sandbag Carry,2025-11-19,124.8,4,15,7.3
ATH024,Squat,2025-11-19,101.2,5,4,6.6
ATH024,Bench Press,2025-11-21,102.5,5,5,8.3
ATH024,Front Squat,2025-11-21,108.0,4,6,8.0
ATH024,Log Press,2025-11-21,88.6,3,6,7.5
ATH024,Barbell Row,2025-11-23,93.4,4,6,6.7
ATH024,Squat,2025-11-23,127.4,3,5,7.1
ATH024,Yoke Walk,2025-11-23,243.9,3,12,6.6
ATH024,Incline Bench Press,2025-11-26,60.1,3,12,8.6
ATH024,Log Press,2025-11-26,89.6,4,6,9.2
ATH024,Overhead Press,2025-11-26,65.8,3,10,8.6
ATH024,Deadlift,2025-11-28,147.5,5,5,8.9
ATH024,Front Squat,2025-11-28,82.9,4,10,8.4
ATH024,Yoke Walk,2025-11-28,267.9,4,15,6.9
ATH024,Bench Press,2025-11-30,79.1,3,6,8.4
ATH024,Farmer's Walk,2025-11-30,132.2,4,18,6.8
ATH024,Front Squat,2025-11-30,113.5,4,10,7.1
ATH024,Romanian Deadlift,2025-12-03,120.2,3,10,6.1
ATH024,Squat,2025-12-03,116.9,3,5,6.9
ATH024,Yoke Walk,2025-12-03,264.1,3,20,8.5
ATH024,Bench Press,2025-12-05,97.4,4,10,7.0
ATH024,Farmer's Walk,2025-12-05,95.2,4,26,6.6
ATH024,Front Squat,2025-12-05,102.8,4,10,6.8
ATH024,Farmer's Walk,2025-12-07,101.4,4,10,6.6
ATH024,Front Squat,2025-12-07,92.3,4,6,7.8
ATH024,Overhead Press,2025-12-07,63.1,3,8,8.8
ATH024,Barbell Row,2025-12-10,81.8,3,12,6.5
ATH024,Overhead Press,2025-12-10,69.1,3,8,8.9
ATH024,Sandbag Carry,2025-12-10,142.9,4,20,8.5
ATH024,Front Squat,2025-12-12,119.7,4,8,6.4
ATH024,Log Press,2025-12-12,77.4,4,6,7.1
ATH024,Squat,2025-12-12,92.8,4,4,7.9
ATH024,Bench Press,2025-12-14,67.9,4,8,8.4
ATH024,Farmer's Walk,2025-12-14,139.2,3,25,6.7
ATH024,Pull-ups,2025-12-14,4.8,3,10,8.4
ATH024,Atlas Stone Load,2025-12-17,102.4,3,2,7.1
ATH024,Incline Bench Press,2025-12-17,82.9,3,6,7.7
ATH024,Squat,2025-12-17,133.5,3,5,8.0
ATH024,Farmer's Walk,2025-12-19,133.5,3,15,8.9
ATH024,Overhead Press,2025-12-19,50.5,4,6,8.4
ATH024,Romanian Deadlift,2025-12-19,137.4,3,10,6.3
ATH024,Farmer's Walk,2025-12-21,99.7,4,20,9.1
ATH024,Front Squat,2025-12-21,91.8,3,10,7.7
ATH024,Squat,2025-12-21,104.1,5,5,8.7
ATH025,Barbell Row,2025-10-01,76.1,4,10,8.6
ATH025,Sandbag Carry,2025-10-01,93.0,3,22,6.7
ATH025,Squat,2025-10-01,101.8,3,5,8.8
ATH025,Bench Press,2025-10-03,97.2,4,6,7.4
ATH025,Farmer's Walk,2025-10-03,117.4,3,15,8.7
ATH025,Front Squat,2025-10-03,86.7,4,6,6.9
ATH025,Barbell Row,2025-10-05,73.2,3,12,7.1
ATH025,Bench Press,2025-10-05,85.2,4,6,6.8
ATH025,Farmer's Walk,2025-10-05,130.7,3,12,7.6
ATH025,Atlas Stone Load,2025-10-08,105.7,3,3,9.1
ATH025,Incline Bench Press,2025-10-08,70.0,3,12,8.0
ATH025,Overhead Press,2025-10-08,67.9,5,5,7.8
ATH025,Deadlift,2025-10-10,158.4,5,3,6.7
ATH025,Front Squat,2025-10-10,83.3,3,6,8.3
ATH025,Sandbag Carry,2025-10-10,120.3,4,15,9.0
ATH025,Log Press,2025-10-12,68.8,4,3,7.6
ATH025,Overhead Press,2025-10-12,56.5,4,8,7.4
ATH025,Pull-ups,2025-10-12,8.1,3,6,8.0
ATH025,Atlas Stone Load,2025-10-15,113.5,4,5,7.7
ATH025,Bench Press,2025-10-15,85.2,5,10,7.4
ATH025,Pull-ups,2025-10-15,15.4,3,10,7.1
ATH025,Atlas Stone Load,2025-10-17,93.8,3,5,7.6
ATH025,Barbell Row,2025-10-17,91.3,4,6,7.2
ATH025,Overhead Press,2025-10-17,55.6,3,10,7.3
ATH025,Deadlift,2025-10-19,127.3,4,3,7.4
ATH025,Incline Bench Press,2025-10-19,81.1,4,6,7.9
ATH025,Yoke Walk,2025-10-19,326.3,3,20,6.8
ATH025,Farmer's Walk,2025-10-22,99.2,4,10,8.0
ATH025,Overhead Press,2025-10-22,64.0,5,5,7.9
ATH025,Romanian Deadlift,2025-10-22,138.2,4,8,6.4
ATH025,Farmer's Walk,2025-10-24,87.4,4,10,6.9
ATH025,Incline Bench Press,2025-10-24,56.6,4,12,7.0
ATH025,Squat,2025-10-24,140.7,3,5,7.3
ATH025,Bench Press,2025-10-26,90.2,3,5,8.6
ATH025,Front Squat,2025-10-26,93.2,3,12,8.8
ATH025,Sandbag Carry,2025-10-26,128.2,3,25,7.5
ATH025,Bench Press,2025-10-29,85.3,5,10,8.5
ATH025,Log Press,2025-10-29,57.4,4,6,7.6
ATH025,Pull-ups,2025-10-29,9.3,4,8,7.9
ATH025,Atlas Stone Load,2025-10-31,112.8,4,5,7.2
ATH025,Overhead Press,2025-10-31,56.7,3,10,8.2
ATH025,Pull-ups,2025-10-31,16.0,3,8,6.9
ATH025,Front Squat,2025-11-02,100.0,4,10,6.5
ATH025,Log Press,2025-11-02,91.3,4,8,8.4
ATH025,Squat,2025-11-02,143.0,4,6,8.0
ATH025,Atlas Stone Load,2025-11-05,136.9,4,2,7.5
ATH025,Front Squat,2025-11-05,79.1,4,6,8.6
ATH025,Squat,2025-11-05,115.9,3,5,8.7
ATH025,Atlas Stone Load,2025-11-07,129.6,4,3,8.0
ATH025,Romanian Deadlift,2025-11-07,136.9,4,10,6.7
ATH025,Squat,2025-11-07,144.5,5,4,6.6
ATH025,Deadlift,2025-11-09,142.8,5,5,6.6
ATH025,Farmer's Walk,2025-11-09,113.6,4,12,6.9
ATH025,Front Squat,2025-11-09,101.6,3,6,6.8
ATH025,Barbell Row,2025-11-12,99.2,4,8,5.7
ATH025,Overhead Press,2025-11-12,45.8,3,6,5.5
ATH025,Sandbag Carry,2025-11-12,87.8,4,10,6.0
ATH025,Atlas Stone Load,2025-11-14,128.4,3,2,6.8
ATH025,Bench Press,2025-11-14,72.0,3,8,6.8
ATH025,Pull-ups,2025-11-14,8.7,3,10,5.9
ATH025,Incline Bench Press,2025-11-16,75.9,3,8,6.1
ATH025,Sandbag Carry,2025-11-16,115.6,3,25,6.4
ATH025,Squat,2025-11-16,93.0,3,3,6.4
ATH025,Incline Bench Press,2025-11-19,75.4,4,10,7.9
ATH025,Squat,2025-11-19,133.5,3,6,8.1
ATH025,Yoke Walk,2025-11-19,273.2,4,20,7.0
ATH025,Atlas Stone Load,2025-11-21,108.9,3,4,7.8
ATH025,Bench Press,2025-11-21,104.0,5,6,7.7
ATH025,Pull-ups,2025-11-21,5.9,3,10,6.5
ATH025,Incline Bench Press,2025-11-23,77.0,3,10,6.4
ATH025,Log Press,2025-11-23,67.5,3,8,7.8
ATH025,Overhead Press,2025-11-23,74.7,3,8,8.8
ATH025,Atlas Stone Load,2025-11-26,114.8,3,4,8.6
ATH025,Front Squat,2025-11-26,86.5,4,6,6.9
ATH025,Squat,2025-11-26,110.5,3,3,8.9
ATH025,Atlas Stone Load,2025-11-28,141.1,3,3,9.4
ATH025,Bench Press,2025-11-28,92.1,3,5,8.8
ATH025,Incline Bench Press,2025-11-28,64.1,4,6,7.6
ATH025,Farmer's Walk,2025-11-30,123.2,4,20,9.1
ATH025,Incline Bench Press,2025-11-30,65.4,3,6,6.0
ATH025,Overhead Press,2025-11-30,60.7,5,10,8.3
ATH025,Incline Bench Press,2025-12-03,74.8,3,10,7.6
ATH025,Log Press,2025-12-03,66.7,4,5,8.7
ATH025,Squat,2025-12-03,102.3,4,5,9.0
ATH025,Deadlift,2025-12-05,172.6,3,3,6.6
ATH025,Log Press,2025-12-05,65.6,3,5,7.4
ATH025,Romanian Deadlift,2025-12-05,145.0,3,10,7.7
ATH025,Farmer's Walk,2025-12-07,134.5,3,12,8.5
ATH025,Front Squat,2025-12-07,78.6,3,12,6.3
ATH025,Squat,2025-12-07,127.2,4,6,8.8
ATH025,Atlas Stone Load,2025-12-10,94.6,4,3,7.9
ATH025,Barbell Row,2025-12-10,75.8,3,10,6.6
ATH025,Bench Press,2025-12-10,101.8,5,10,8.2
ATH025,Barbell Row,2025-12-12,103.4,3,12,6.1
ATH025,Overhead Press,2025-12-12,63.1,4,6,8.0
ATH025,Sandbag Carry,2025-12-12,138.7,3,20,7.2
ATH025,Barbell Row,2025-12-14,98.7,4,6,8.4
ATH025,Farmer's Walk,2025-12-14,128.9,3,10,9.0
ATH025,Overhead Press,2025-12-14,64.6,4,5,6.1
ATH025,Farmer's Walk,2025-12-17,96.8,3,18,7.0
ATH025,Pull-ups,2025-12-17,5.8,4,6,7.7
ATH025,Squat,2025-12-17,107.3,4,3,7.1
ATH025,Incline Bench Press,2025-12-19,69.3,4,8,8.5
ATH025,Sandbag Carry,2025-12-19,143.4,4,12,7.7
ATH025,Squat,2025-12-19,108.9,3,3,8.5
ATH025,Barbell Row,2025-12-21,103.7,3,12,7.0
ATH025,Log Press,2025-12-21,67.3,4,5,8.8
ATH025,Squat,2025-12-21,145.6,5,3,7.0
ATH026,Bench Press,2025-10-01,95.4,4,6,6.6
ATH026,Log Press,2025-10-01,82.0,3,8,6.7
ATH026,Romanian Deadlift,2025-10-01,132.0,4,6,7.6
ATH026,Bench Press,2025-10-03,81.3,3,8,6.4
ATH026,Incline Bench Press,2025-10-03,62.7,4,10,6.1
ATH026,Yoke Walk,2025-10-03,272.8,4,20,9.1
ATH026,Barbell Row,2025-10-05,95.8,3,6,6.4
ATH026,Deadlift,2025-10-05,154.6,3,6,6.9
ATH026,Farmer's Walk,2025-10-05,136.6,4,18,8.2
ATH026,Deadlift,2025-10-08,137.3,3,4,7.7
ATH026,Farmer's Walk,2025-10-08,129.8,4,18,7.2
ATH026,Romanian Deadlift,2025-10-08,135.4,4,12,6.9
ATH026,Deadlift,2025-10-10,161.5,4,6,8.5
ATH026,Farmer's Walk,2025-10-10,129.5,3,26,7.1
ATH026,Incline Bench Press,2025-10-10,62.5,3,6,7.0
ATH026,Bench Press,2025-10-12,75.6,5,5,8.2
ATH026,Incline Bench Press,2025-10-12,62.0,4,10,8.2
ATH026,Yoke Walk,2025-10-12,289.3,4,12,8.9
ATH026,Barbell Row,2025-10-15,116.6,3,10,8.3
ATH026,Sandbag Carry,2025-10-15,113.6,3,10,6.7
ATH026,Squat,2025-10-15,106.7,5,3,9.1
ATH026,Barbell Row,2025-10-17,76.6,4,12,8.0
ATH026,Overhead Press,2025-10-17,66.7,5,10,6.4
ATH026,Sandbag Carry,2025-10-17,120.9,4,30,7.6
ATH026,Pull-ups,2025-10-19,18.3,4,6,7.4
ATH026,Squat,2025-10-19,103.4,4,6,7.4
ATH026,Yoke Walk,2025-10-19,350.0,3,25,7.5
ATH026,Barbell Row,2025-10-22,102.9,3,8,8.2
ATH026,Deadlift,2025-10-22,171.4,5,5,8.2
ATH026,Yoke Walk,2025-10-22,308.5,3,30,8.6
ATH026,Front Squat,2025-10-24,92.0,4,6,7.2
ATH026,Overhead Press,2025-10-24,69.4,3,6,7.0
ATH026,Sandbag Carry,2025-10-24,104.4,4,10,7.3
ATH026,Deadlift,2025-10-26,182.1,3,4,8.2
ATH026,Incline Bench Press,2025-10-26,91.4,3,6,6.2
ATH026,Sandbag Carry,2025-10-26,135.0,4,30,9.2
ATH026,Overhead Press,2025-10-29,78.2,4,10,6.9
ATH026,Pull-ups,2025-10-29,20.4,4,12,8.1
ATH026,Yoke Walk,2025-10-29,318.9,3,12,7.2
ATH026,Barbell Row,2025-10-31,112.0,3,6,6.6
ATH026,Sandbag Carry,2025-10-31,109.2,4,20,7.2
ATH026,Squat,2025-10-31,140.5,4,3,6.9
ATH026,Log Press,2025-11-02,105.8,4,6,7.4
ATH026,Pull-ups,2025-11-02,14.8,3,12,6.3
ATH026,Squat,2025-11-02,152.2,4,6,7.0
ATH026,Farmer's Walk,2025-11-05,114.0,3,26,7.0
ATH026,Overhead Press,2025-11-05,72.2,4,10,7.9
ATH026,Romanian Deadlift,2025-11-05,120.4,3,12,6.6
ATH026,Log Press,2025-11-07,90.6,4,5,7.1
ATH026,Pull-ups,2025-11-07,6.7,4,10,7.0
ATH026,Squat,2025-11-07,107.3,3,4,7.4
ATH026,Pull-ups,2025-11-09,4.1,3,12,6.8
ATH026,Squat,2025-11-09,109.8,3,3,7.4
ATH026,Yoke Walk,2025-11-09,237.6,3,18,7.8
ATH026,Farmer's Walk,2025-11-12,114.8,3,22,7.3
ATH026,Incline Bench Press,2025-11-12,72.5,3,6,5.5
ATH026,Overhead Press,2025-11-12,78.4,3,8,6.3
ATH026,Bench Press,2025-11-14,98.7,3,10,5.9
ATH026,Pull-ups,2025-11-14,9.9,3,12,6.5
ATH026,Sandbag Carry,2025-11-14,136.3,4,10,6.7
ATH026,Barbell Row,2025-11-16,104.4,4,12,6.5
ATH026,Deadlift,2025-11-16,163.7,5,3,6.5
ATH026,Yoke Walk,2025-11-16,285.7,4,25,7.7
ATH026,Bench Press,2025-11-19,116.6,4,6,8.6
ATH026,Log Press,2025-11-19,92.4,4,3,7.6
ATH026,Romanian Deadlift,2025-11-19,134.2,4,6,7.2
ATH026,Atlas Stone Load,2025-11-21,122.5,4,5,7.0
ATH026,Barbell Row,2025-11-21,99.3,4,10,7.0
ATH026,Overhead Press,2025-11-21,68.4,4,10,7.2
ATH026,Barbell Row,2025-11-23,113.3,3,10,7.2
ATH026,Bench Press,2025-11-23,82.3,4,8,7.7
ATH026,Sandbag Carry,2025-11-23,133.5,3,25,7.0
ATH026,Deadlift,2025-11-26,171.2,3,5,6.8
ATH026,Log Press,2025-11-26,95.5,3,3,8.0
ATH026,Romanian Deadlift,2025-11-26,127.1,4,8,6.1
ATH026,Bench Press,2025-11-28,85.6,5,8,8.5
ATH026,Romanian Deadlift,2025-11-28,130.1,3,12,8.5
ATH026,Sandbag Carry,2025-11-28,121.4,3,18,6.5
ATH026,Barbell Row,2025-11-30,101.0,3,12,7.0
ATH026,Overhead Press,2025-11-30,73.4,3,10,8.5
ATH026,Sandbag Carry,2025-11-30,141.5,4,26,6.8
ATH026,Atlas Stone Load,2025-12-03,117.0,4,2,8.1
ATH026,Barbell Row,2025-12-03,94.3,4,8,6.8
ATH026,Bench Press,2025-12-03,84.4,5,5,8.6
ATH026,Incline Bench Press,2025-12-05,93.1,3,8,6.4
ATH026,Log Press,2025-12-05,103.9,3,8,7.0
ATH026,Squat,2025-12-05,107.3,4,6,6.9
ATH026,Deadlift,2025-12-07,178.8,3,6,7.4
ATH026,Incline Bench Press,2025-12-07,81.9,3,8,7.0
ATH026,Yoke Walk,2025-12-07,309.9,4,22,8.9
ATH026,Atlas Stone Load,2025-12-10,105.0,4,3,8.1
ATH026,Deadlift,2025-12-10,161.1,4,3,8.5
ATH026,Incline Bench Press,2025-12-10,76.9,3,12,7.6
ATH026,Deadlift,2025-12-12,139.5,5,4,8.3
ATH026,Farmer's Walk,2025-12-12,162.4,4,18,7.7
ATH026,Incline Bench Press,2025-12-12,80.8,3,6,8.8
ATH026,Atlas Stone Load,2025-12-14,124.2,3,4,8.7
ATH026,Bench Press,2025-12-14,89.1,5,5,7.2
ATH026,Incline Bench Press,2025-12-14,83.6,4,8,8.4
ATH026,Deadlift,2025-12-17,181.5,5,6,7.4
ATH026,Incline Bench Press,2025-12-17,86.9,3,6,8.2
ATH026,Sandbag Carry,2025-12-17,154.8,4,30,8.8
ATH026,Incline Bench Press,2025-12-19,94.5,3,8,6.6
ATH026,Overhead Press,2025-12-19,72.9,4,10,7.2
ATH026,Yoke Walk,2025-12-19,283.1,3,30,8.7
ATH026,Incline Bench Press,2025-12-21,100.0,4,12,6.7
ATH026,Sandbag Carry,2025-12-21,120.5,4,15,9.1
ATH026,Squat,2025-12-21,123.0,3,4,6.6
ATH027,Romanian Deadlift,2025-10-01,113.0,4,10,7.9
ATH027,Squat,2025-10-01,113.4,5,4,7.2
ATH027,Yoke Walk,2025-10-01,310.0,4,30,8.2
ATH027,Incline Bench Press,2025-10-03,66.3,4,12,6.8
ATH027,Squat,2025-10-03,129.3,4,5,9.1
ATH027,Yoke Walk,2025-10-03,231.8,4,18,8.0
ATH027,Deadlift,2025-10-05,164.8,3,5,8.5
ATH027,Incline Bench Press,2025-10-05,62.2,3,8,7.9
ATH027,Yoke Walk,2025-10-05,286.6,3,26,8.8
ATH027,Barbell Row,2025-10-08,106.4,4,8,8.8
ATH027,Deadlift,2025-10-08,176.1,4,5,8.5
ATH027,Log Press,2025-10-08,69.6,3,5,8.9
ATH027,Overhead Press,2025-10-10,56.0,3,5,7.6
ATH027,Pull-ups,2025-10-10,4.7,4,6,6.4
ATH027,Yoke Walk,2025-10-10,247.9,4,15,9.1
ATH027,Deadlift,2025-10-12,164.1,4,5,8.4
ATH027,Romanian Deadlift,2025-10-12,119.4,4,6,7.3
ATH027,Yoke Walk,2025-10-12,254.8,4,22,6.8
ATH027,Deadlift,2025-10-15,143.6,4,4,8.4
ATH027,Romanian Deadlift,2025-10-15,110.7,3,6,7.4
ATH027,Yoke Walk,2025-10-15,319.0,3,20,7.5
ATH027,Deadlift,2025-10-17,130.3,3,6,7.9
ATH027,Log Press,2025-10-17,66.8,3,8,9.3
ATH027,Romanian Deadlift,2025-10-17,145.0,4,8,8.8
ATH027,Barbell Row,2025-10-19,97.9,4,12,6.1
ATH027,Bench Press,2025-10-19,85.4,4,6,6.7
ATH027,Farmer's Walk,2025-10-19,102.0,4,18,8.2
ATH027,Deadlift,2025-10-22,147.8,3,3,8.9
ATH027,Incline Bench Press,2025-10-22,74.3,4,6,8.4
ATH027,Sandbag Carry,2025-10-22,127.9,3,30,8.6
ATH027,Barbell Row,2025-10-24,109.5,4,12,7.0
ATH027,Deadlift,2025-10-24,176.6,3,3,8.2
ATH027,Farmer's Walk,2025-10-24,104.3,4,15,6.6
ATH027,Atlas Stone Load,2025-10-26,113.8,4,3,8.4
ATH027,Front Squat,2025-10-26,113.8,4,6,7.7
ATH027,Overhead Press,2025-10-26,69.2,5,8,8.6
ATH027,Atlas Stone Load,2025-10-29,101.0,4,4,8.4
ATH027,Overhead Press,2025-10-29,65.1,3,10,6.8
ATH027,Romanian Deadlift,2025-10-29,130.5,4,6,7.4
ATH027,Barbell Row,2025-10-31,105.8,3,12,6.2
ATH027,Log Press,2025-10-31,98.4,4,8,7.4
ATH027,Overhead Press,2025-10-31,60.1,5,8,7.0
ATH027,Pull-ups,2025-11-02,4.7,3,10,8.2
ATH027,Sandbag Carry,2025-11-02,143.9,3,30,8.6
ATH027,Squat,2025-11-02,140.5,3,5,8.0
ATH027,Bench Press,2025-11-05,89.1,3,10,7.0
ATH027,Front Squat,2025-11-05,77.8,3,6,8.1
ATH027,Sandbag Carry,2025-11-05,144.7,3,22,9.1
ATH027,Deadlift,2025-11-07,158.3,5,4,8.6
ATH027,Log Press,2025-11-07,101.1,4,5,6.5
ATH027,Romanian Deadlift,2025-11-07,111.5,4,6,8.2
ATH027,Deadlift,2025-11-09,155.0,3,5,7.1
ATH027,Pull-ups,2025-11-09,1.9,4,10,7.0
ATH027,Yoke Walk,2025-11-09,298.6,4,22,6.5
ATH027,Bench Press,2025-11-12,80.0,5,10,5.5
ATH027,Pull-ups,2025-11-12,11.9,4,12,6.4
ATH027,Sandbag Carry,2025-11-12,90.4,4,30,7.5
ATH027,Incline Bench Press,2025-11-14,72.1,4,6,6.1
ATH027,Squat,2025-11-14,128.7,4,3,7.5
ATH027,Yoke Walk,2025-11-14,270.6,4,30,5.8
ATH027,Atlas Stone Load,2025-11-16,117.9,3,3,8.0
ATH027,Deadlift,2025-11-16,120.4,3,5,6.4
ATH027,Romanian Deadlift,2025-11-16,111.2,3,6,6.0
ATH027,Deadlift,2025-11-19,199.0,4,6,8.0
ATH027,Log Press,2025-11-19,78.2,4,6,7.6
ATH027,Pull-ups,2025-11-19,21.2,3,8,6.7
ATH027,Deadlift,2025-11-21,172.0,5,3,8.7
ATH027,Log Press,2025-11-21,89.9,4,8,7.5
ATH027,Romanian Deadlift,2025-11-21,140.8,3,6,7.7
ATH027,Atlas Stone Load,2025-11-23,108.1,4,2,7.9
ATH027,Front Squat,2025-11-23,78.9,3,8,7.7
ATH027,Overhead Press,2025-11-23,76.1,4,5,6.5
ATH027,Farmer's Walk,2025-11-26,89.8,4,22,6.8
ATH027,Incline Bench Press,2025-11-26,63.6,3,8,7.1
ATH027,Overhead Press,2025-11-26,58.8,3,8,6.9
ATH027,Atlas Stone Load,2025-11-28,141.4,4,2,9.3
ATH027,Incline Bench Press,2025-11-28,89.8,3,10,6.4
ATH027,Squat,2025-11-28,98.4,5,5,9.1
ATH027,Atlas Stone Load,2025-11-30,117.6,3,4,7.1
ATH027,Incline Bench Press,2025-11-30,81.0,4,8,6.8
ATH027,Overhead Press,2025-11-30,49.3,5,6,8.8
ATH027,Atlas Stone Load,2025-12-03,101.8,3,3,7.3
ATH027,Deadlift,2025-12-03,133.0,4,4,7.4
ATH027,Romanian Deadlift,2025-12-03,152.2,3,10,7.2
ATH027,Bench Press,2025-12-05,113.5,5,10,8.2
ATH027,Romanian Deadlift,2025-12-05,123.7,4,8,7.8
ATH027,Yoke Walk,2025-12-05,222.5,3,30,8.1
ATH027,Incline Bench Press,2025-12-07,65.4,3,10,8.6
ATH027,Overhead Press,2025-12-07,74.0,5,8,6.6
ATH027,Yoke Walk,2025-12-07,258.8,4,18,8.4
ATH027,Deadlift,2025-12-10,174.7,3,6,6.6
ATH027,Front Squat,2025-12-10,109.3,4,10,7.0
ATH027,Sandbag Carry,2025-12-10,106.8,3,26,8.4
ATH027,Bench Press,2025-12-12,110.6,4,5,8.4
ATH027,Romanian Deadlift,2025-12-12,115.0,4,10,8.1
ATH027,Yoke Walk,2025-12-12,255.6,4,22,8.3
ATH027,Bench Press,2025-12-14,76.2,3,10,8.0
ATH027,Front Squat,2025-12-14,90.3,4,8,8.6
ATH027,Yoke Walk,2025-12-14,261.2,3,22,8.8
ATH027,Atlas Stone Load,2025-12-17,111.6,4,4,8.8
ATH027,Overhead Press,2025-12-17,71.6,4,10,8.0
ATH027,Pull-ups,2025-12-17,10.5,4,6,7.7
ATH027,Front Squat,2025-12-19,119.2,3,6,7.3
ATH027,Overhead Press,2025-12-19,66.7,3,10,6.8
ATH027,Sandbag Carry,2025-12-19,144.0,4,26,8.6
ATH027,Atlas Stone Load,2025-12-21,98.4,3,4,7.8
ATH027,Deadlift,2025-12-21,190.1,4,6,9.1
ATH027,Pull-ups,2025-12-21,17.5,4,10,7.4
ATH028,Atlas Stone Load,2025-10-01,145.0,4,5,7.2
ATH028,Deadlift,2025-10-01,162.0,4,3,9.0
ATH028,Pull-ups,2025-10-01,16.2,3,10,8.4
ATH028,Farmer's Walk,2025-10-03,123.2,4,18,6.9
ATH028,Incline Bench Press,2025-10-03,70.5,4,8,6.1
ATH028,Overhead Press,2025-10-03,48.7,5,8,6.1
ATH028,Barbell Row,2025-10-05,79.8,4,6,7.9
ATH028,Bench Press,2025-10-05,104.7,4,8,9.0
ATH028,Farmer's Walk,2025-10-05,143.5,4,20,7.1
ATH028,Farmer's Walk,2025-10-08,127.1,3,20,8.5
ATH028,Pull-ups,2025-10-08,7.1,4,8,7.9
ATH028,Squat,2025-10-08,97.2,3,3,8.3
ATH028,Barbell Row,2025-10-10,99.5,3,6,6.4
ATH028,Squat,2025-10-10,146.6,4,3,9.0
ATH028,Yoke Walk,2025-10-10,282.6,4,30,8.8
ATH028,Barbell Row,2025-10-12,112.8,3,10,8.1
ATH028,Bench Press,2025-10-12,108.2,3,10,8.7
ATH028,Farmer's Walk,2025-10-12,105.5,4,18,6.6
ATH028,Atlas Stone Load,2025-10-15,125.9,4,5,7.5
ATH028,Barbell Row,2025-10-15,115.2,3,6,8.1
ATH028,Deadlift,2025-10-15,167.9,5,5,6.9
ATH028,Deadlift,2025-10-17,140.5,5,6,8.7
ATH028,Incline Bench Press,2025-10-17,69.1,4,10,7.6
ATH028,Log Press,2025-10-17,91.5,4,5,6.9
ATH028,Incline Bench Press,2025-10-19,75.8,4,10,7.2
ATH028,Log Press,2025-10-19,101.8,3,3,7.2
ATH028,Squat,2025-10-19,129.7,3,4,8.9
ATH028,Atlas Stone Load,2025-10-22,120.2,4,3,8.2
ATH028,Deadlift,2025-10-22,161.9,4,4,8.6
ATH028,Front Squat,2025-10-22,116.3,4,8,6.2
ATH028,Bench Press,2025-10-24,79.6,3,10,8.2
ATH028,Incline Bench Press,2025-10-24,88.2,4,10,8.2
ATH028,Yoke Walk,2025-10-24,340.5,4,26,8.6
ATH028,Bench Press,2025-10-26,106.2,4,10,6.3
ATH028,Pull-ups,2025-10-26,5.8,4,12,7.8
ATH028,Sandbag Carry,2025-10-26,122.4,4,25,8.3
ATH028,Bench Press,2025-10-29,90.4,3,8,6.1
ATH028,Front Squat,2025-10-29,90.0,3,8,7.9
ATH028,Log Press,2025-10-29,73.0,4,6,8.0
ATH028,Atlas Stone Load,2025-10-31,106.3,3,2,8.9
ATH028,Incline Bench Press,2025-10-31,65.4,3,10,7.7
ATH028,Squat,2025-10-31,142.1,5,3,7.4
ATH028,Barbell Row,2025-11-02,108.1,4,12,7.0
ATH028,Overhead Press,2025-11-02,58.5,3,10,8.0
ATH028,Sandbag Carry,2025-11-02,140.2,4,20,8.7
ATH028,Overhead Press,2025-11-05,77.4,4,6,8.9
ATH028,Romanian Deadlift,2025-11-05,155.5,3,8,7.0
ATH028,Yoke Walk,2025-11-05,280.9,3,22,7.6
ATH028,Barbell Row,2025-11-07,82.3,4,12,7.4
ATH028,Overhead Press,2025-11-07,57.2,4,5,6.7
ATH028,Sandbag Carry,2025-11-07,137.9,3,10,8.7
ATH028,Deadlift,2025-11-09,191.8,3,6,7.2
ATH028,Incline Bench Press,2025-11-09,78.4,4,10,7.7
ATH028,Log Press,2025-11-09,85.2,4,3,7.9
ATH028,Deadlift,2025-11-12,168.8,5,3,7.4
ATH028,Front Squat,2025-11-12,79.9,4,10,6.4
ATH028,Log Press,2025-11-12,55.9,4,6,5.5
ATH028,Atlas Stone Load,2025-11-14,95.8,4,4,8.2
ATH028,Deadlift,2025-11-14,117.3,3,5,6.4
ATH028,Romanian Deadlift,2025-11-14,109.1,3,6,7.6
ATH028,Deadlift,2025-11-16,142.1,4,6,6.6
ATH028,Front Squat,2025-11-16,107.0,3,6,7.1
ATH028,Yoke Walk,2025-11-16,304.3,4,20,7.7
ATH028,Bench Press,2025-11-19,108.2,4,10,7.2
ATH028,Pull-ups,2025-11-19,3.7,4,10,6.1
ATH028,Yoke Walk,2025-11-19,299.7,3,22,7.0
ATH028,Barbell Row,2025-11-21,113.3,3,12,6.8
ATH028,Overhead Press,2025-11-21,70.9,4,10,6.4
ATH028,Sandbag Carry,2025-11-21,114.4,4,25,7.1
ATH028,Atlas Stone Load,2025-11-23,153.4,4,5,8.0
ATH028,Barbell Row,2025-11-23,98.4,4,8,6.0
ATH028,Deadlift,2025-11-23,150.5,3,4,6.9
ATH028,Romanian Deadlift,2025-11-26,116.3,3,8,6.2
ATH028,Squat,2025-11-26,134.2,5,5,6.8
ATH028,Yoke Walk,2025-11-26,336.8,4,25,9.2
ATH028,Deadlift,2025-11-28,159.5,4,3,8.8
ATH028,Front Squat,2025-11-28,85.2,3,6,6.3
ATH028,Yoke Walk,2025-11-28,240.5,3,30,8.2
ATH028,Bench Press,2025-11-30,84.8,3,5,7.9
ATH028,Romanian Deadlift,2025-11-30,107.8,3,6,7.1
ATH028,Yoke Walk,2025-11-30,332.0,4,22,8.6
ATH028,Deadlift,2025-12-03,174.4,3,3,6.8
ATH028,Pull-ups,2025-12-03,10.8,4,12,7.1
ATH028,Yoke Walk,2025-12-03,260.9,3,18,8.9
ATH028,Bench Press,2025-12-05,83.6,4,10,8.3
ATH028,Log Press,2025-12-05,81.1,3,8,8.9
ATH028,Pull-ups,2025-12-05,9.4,3,6,7.6
ATH028,Deadlift,2025-12-07,160.3,3,6,8.4
ATH028,Farmer's Walk,2025-12-07,142.8,3,10,6.9
ATH028,Pull-ups,2025-12-07,5.8,4,10,6.9
ATH028,Farmer's Walk,2025-12-10,118.2,4,26,8.5
ATH028,Overhead Press,2025-12-10,73.0,5,6,8.2
ATH028,Pull-ups,2025-12-10,21.1,4,10,8.4
ATH028,Incline Bench Press,2025-12-12,87.2,3,10,8.6
ATH028,Squat,2025-12-12,126.8,5,5,8.9
ATH028,Yoke Walk,2025-12-12,278.5,4,10,9.0
ATH028,Farmer's Walk,2025-12-14,95.6,4,12,7.8
ATH028,Pull-ups,2025-12-14,20.6,3,12,6.8
ATH028,Squat,2025-12-14,143.0,3,5,8.6
ATH028,Incline Bench Press,2025-12-17,92.7,4,6,6.9
ATH028,Log Press,2025-12-17,82.5,3,5,7.5
ATH028,Overhead Press,2025-12-17,62.8,5,6,8.9
ATH028,Incline Bench Press,2025-12-19,85.3,4,8,7.3
ATH028,Log Press,2025-12-19,72.4,4,5,6.5
ATH028,Overhead Press,2025-12-19,75.3,5,10,8.0
ATH028,Overhead Press,2025-12-21,74.2,5,5,7.2
ATH028,Romanian Deadlift,2025-12-21,136.3,3,12,6.3
ATH028,Sandbag Carry,2025-12-21,118.6,4,30,8.8
ATH029,Farmer's Walk,2025-10-01,82.2,4,12,8.2
ATH029,Overhead Press,2025-10-01,58.7,5,5,7.5
ATH029,Romanian Deadlift,2025-10-01,112.0,4,12,6.1
ATH029,Atlas Stone Load,2025-10-03,114.9,3,3,7.8
ATH029,Front Squat,2025-10-03,79.7,4,12,8.1
ATH029,Squat,2025-10-03,97.9,5,6,6.7
ATH029,Atlas Stone Load,2025-10-05,109.6,4,3,7.1
ATH029,Bench Press,2025-10-05,83.1,5,5,8.4
ATH029,Pull-ups,2025-10-05,15.0,4,10,7.5
ATH029,Bench Press,2025-10-08,80.1,4,6,6.7
ATH029,Front Squat,2025-10-08,107.3,3,12,7.0
ATH029,Log Press,2025-10-08,69.6,4,3,7.8
ATH029,Barbell Row,2025-10-10,92.9,4,8,7.6
ATH029,Farmer's Walk,2025-10-10,99.8,3,25,8.6
ATH029,Overhead Press,2025-10-10,45.8,3,6,7.7
ATH029,Atlas Stone Load,2025-10-12,97.6,3,3,9.4
ATH029,Bench Press,2025-10-12,71.1,4,5,6.2
ATH029,Front Squat,2025-10-12,106.1,4,8,7.6
ATH029,Barbell Row,2025-10-15,92.5,4,6,7.7
ATH029,Overhead Press,2025-10-15,69.6,4,10,6.1
ATH029,Yoke Walk,2025-10-15,259.2,3,26,7.2
ATH029,Log Press,2025-10-17,82.5,4,3,7.3
ATH029,Romanian Deadlift,2025-10-17,109.4,4,8,7.9
ATH029,Squat,2025-10-17,93.7,4,4,7.0
ATH029,Front Squat,2025-10-19,107.0,4,12,7.7
ATH029,Log Press,2025-10-19,82.0,3,8,6.7
ATH029,Overhead Press,2025-10-19,55.3,3,8,6.7
ATH029,Atlas Stone Load,2025-10-22,114.5,3,2,8.7
ATH029,Barbell Row,2025-10-22,84.9,3,6,6.4
ATH029,Deadlift,2025-10-22,157.4,3,6,8.1
ATH029,Atlas Stone Load,2025-10-24,105.8,3,4,8.3
ATH029,Barbell Row,2025-10-24,88.7,3,6,7.7
ATH029,Squat,2025-10-24,120.9,4,6,7.3
ATH029,Bench Press,2025-10-26,85.5,4,8,7.5
ATH029,Farmer's Walk,2025-10-26,120.4,3,15,7.9
ATH029,Pull-ups,2025-10-26,4.2,4,10,7.9
ATH029,Deadlift,2025-10-29,151.6,3,6,8.3
ATH029,Incline Bench Press,2025-10-29,73.4,3,8,7.7
ATH029,Log Press,2025-10-29,90.3,4,3,7.4
ATH029,Atlas Stone Load,2025-10-31,93.4,3,2,8.2
ATH029,Deadlift,2025-10-31,162.4,3,3,6.9
ATH029,Front Squat,2025-10-31,97.1,4,10,6.2
ATH029,Front Squat,2025-11-02,82.7,4,6,6.3
ATH029,Overhead Press,2025-11-02,53.5,4,5,6.1
ATH029,Yoke Walk,2025-11-02,282.2,4,26,7.0
ATH029,Atlas Stone Load,2025-11-05,122.3,4,5,7.2
ATH029,Romanian Deadlift,2025-11-05,101.4,4,8,6.6
ATH029,Squat,2025-11-05,96.3,5,5,8.7
ATH029,Atlas Stone Load,2025-11-07,123.1,3,2,8.7
ATH029,Bench Press,2025-11-07,74.4,3,8,8.7
ATH029,Front Squat,2025-11-07,108.0,4,6,6.2
ATH029,Barbell Row,2025-11-09,81.9,4,10,8.1
ATH029,Bench Press,2025-11-09,92.9,5,8,6.9
ATH029,Log Press,2025-11-09,60.4,3,5,8.6
ATH029,Atlas Stone Load,2025-11-12,107.8,4,3,6.4
ATH029,Barbell Row,2025-11-12,78.6,4,8,5.5
ATH029,Squat,2025-11-12,117.3,4,4,5.5
ATH029,Overhead Press,2025-11-14,52.9,4,8,7.2
ATH029,Pull-ups,2025-11-14,4.9,3,6,6.4
ATH029,Yoke Walk,2025-11-14,270.4,3,30,6.5
ATH029,Deadlift,2025-11-16,151.4,3,3,6.6
ATH029,Romanian Deadlift,2025-11-16,84.3,3,6,6.1
ATH029,Yoke Walk,2025-11-16,200.9,3,26,7.1
ATH029,Incline Bench Press,2025-11-19,58.2,4,10,8.5
ATH029,Log Press,2025-11-19,67.5,4,5,7.5
ATH029,Squat,2025-11-19,110.2,5,3,8.7
ATH029,Front Squat,2025-11-21,78.6,4,6,7.6
ATH029,Sandbag Carry,2025-11-21,106.6,4,10,8.0
ATH029,Squat,2025-11-21,127.0,5,4,7.2
ATH029,Barbell Row,2025-11-23,75.4,4,10,7.1
ATH029,Deadlift,2025-11-23,164.4,5,3,7.2
ATH029,Yoke Walk,2025-11-23,223.0,3,15,6.9
ATH029,Deadlift,2025-11-26,153.5,5,5,8.6
ATH029,Pull-ups,2025-11-26,17.1,3,6,7.1
ATH029,Sandbag Carry,2025-11-26,87.9,3,20,8.0
ATH029,Farmer's Walk,2025-11-28,126.4,3,26,7.4
ATH029,Pull-ups,2025-11-28,17.9,3,6,8.0
ATH029,Squat,2025-11-28,116.7,4,6,8.9
ATH029,Deadlift,2025-11-30,132.9,4,6,8.2
ATH029,Farmer's Walk,2025-11-30,112.0,4,18,7.2
ATH029,Pull-ups,2025-11-30,18.6,3,10,6.7
ATH029,Barbell Row,2025-12-03,81.6,4,10,7.0
ATH029,Deadlift,2025-12-03,128.0,4,3,6.8
ATH029,Farmer's Walk,2025-12-03,125.6,3,25,6.7
ATH029,Front Squat,2025-12-05,109.0,4,8,7.8
ATH029,Overhead Press,2025-12-05,47.9,3,5,6.4
ATH029,Sandbag Carry,2025-12-05,122.2,3,22,6.8
ATH029,Barbell Row,2025-12-07,103.4,3,6,7.0
ATH029,Deadlift,2025-12-07,157.9,4,6,6.8
ATH029,Log Press,2025-12-07,70.4,4,6,8.6
ATH029,Bench Press,2025-12-10,90.2,4,6,6.5
ATH029,Pull-ups,2025-12-10,9.6,3,8,8.5
ATH029,Yoke Walk,2025-12-10,310.1,3,12,7.4
ATH029,Atlas Stone Load,2025-12-12,90.7,4,4,7.3
ATH029,Overhead Press,2025-12-12,47.8,4,10,7.1
ATH029,Pull-ups,2025-12-12,10.2,4,8,7.4
ATH029,Atlas Stone Load,2025-12-14,91.2,3,4,8.5
ATH029,Barbell Row,2025-12-14,101.2,3,8,8.7
ATH029,Deadlift,2025-12-14,159.0,5,5,7.7
ATH029,Farmer's Walk,2025-12-17,109.3,4,12,8.3
ATH029,Incline Bench Press,2025-12-17,68.6,4,12,7.5
ATH029,Overhead Press,2025-12-17,59.2,4,6,6.7
ATH029,Bench Press,2025-12-19,68.7,4,10,6.7
ATH029,Farmer's Walk,2025-12-19,127.7,3,25,6.5
ATH029,Front Squat,2025-12-19,103.9,4,6,8.5
ATH029,Barbell Row,2025-12-21,89.5,3,10,6.1
ATH029,Bench Press,2025-12-21,85.7,5,10,8.3
ATH029,Sandbag Carry,2025-12-21,118.8,3,30,8.2
ATH030,Atlas Stone Load,2025-10-01,91.5,4,4,8.4
ATH030,Overhead Press,2025-10-01,47.3,4,5,8.0
ATH030,Pull-ups,2025-10-01,10.0,4,12,6.1
ATH030,Front Squat,2025-10-03,74.8,3,12,8.7
ATH030,Log Press,2025-10-03,81.0,3,5,8.6
ATH030,Squat,2025-10-03,82.2,4,4,7.9
ATH030,Atlas Stone Load,2025-10-05,116.2,3,4,7.6
ATH030,Deadlift,2025-10-05,145.8,4,5,8.2
ATH030,Pull-ups,2025-10-05,2.4,3,10,7.3
ATH030,Bench Press,2025-10-08,76.0,3,6,6.1
ATH030,Farmer's Walk,2025-10-08,116.9,3,22,8.2
ATH030,Pull-ups,2025-10-08,3.0,3,6,8.1
ATH030,Atlas Stone Load,2025-10-10,124.2,3,5,9.0
ATH030,Romanian Deadlift,2025-10-10,125.3,3,6,7.9
ATH030,Squat,2025-10-10,108.1,5,6,6.6
ATH030,Atlas Stone Load,2025-10-12,117.3,4,3,8.8
ATH030,Barbell Row,2025-10-12,81.3,4,6,7.8
ATH030,Squat,2025-10-12,97.6,4,6,7.2
ATH030,Deadlift,2025-10-15,115.9,4,5,8.7
ATH030,Log Press,2025-10-15,56.0,3,8,9.1
ATH030,Romanian Deadlift,2025-10-15,101.6,3,12,6.8
ATH030,Atlas Stone Load,2025-10-17,90.1,4,2,7.8
ATH030,Overhead Press,2025-10-17,57.5,5,10,6.1
ATH030,Romanian Deadlift,2025-10-17,105.2,3,12,8.6
ATH030,Farmer's Walk,2025-10-19,114.3,3,15,8.8
ATH030,Pull-ups,2025-10-19,15.6,3,10,6.2
ATH030,Squat,2025-10-19,115.3,5,3,7.7
ATH030,Atlas Stone Load,2025-10-22,120.1,4,5,7.9
ATH030,Incline Bench Press,2025-10-22,61.7,3,12,8.8
ATH030,Squat,2025-10-22,99.2,4,6,7.1
ATH030,Farmer's Walk,2025-10-24,106.2,3,22,8.6
ATH030,Incline Bench Press,2025-10-24,56.2,3,12,6.2
ATH030,Overhead Press,2025-10-24,57.0,3,5,7.7
ATH030,Farmer's Walk,2025-10-26,132.1,4,20,7.5
ATH030,Pull-ups,2025-10-26,5.6,4,6,7.8
ATH030,Squat,2025-10-26,95.5,3,5,7.8
ATH030,Barbell Row,2025-10-29,69.9,4,10,7.9
ATH030,Farmer's Walk,2025-10-29,86.9,3,10,7.6
ATH030,Overhead Press,2025-10-29,63.0,3,6,7.4
ATH030,Bench Press,2025-10-31,73.6,3,8,7.5
ATH030,Front Squat,2025-10-31,83.5,4,6,8.8
ATH030,Log Press,2025-10-31,78.0,4,6,7.0
ATH030,Barbell Row,2025-11-02,82.5,3,10,7.6
ATH030,Overhead Press,2025-11-02,43.5,5,6,8.2
ATH030,Sandbag Carry,2025-11-02,122.7,3,25,6.6
ATH030,Barbell Row,2025-11-05,81.3,4,6,8.2
ATH030,Log Press,2025-11-05,78.7,3,6,8.0
ATH030,Squat,2025-11-05,102.8,5,5,8.2
ATH030,Atlas Stone Load,2025-11-07,94.2,3,2,9.2
ATH030,Romanian Deadlift,2025-11-07,109.6,4,12,8.2
ATH030,Squat,2025-11-07,126.9,4,4,7.7
ATH030,Romanian Deadlift,2025-11-09,105.5,3,6,8.6
ATH030,Sandbag Carry,2025-11-09,132.7,3,25,7.2
ATH030,Squat,2025-11-09,113.5,3,5,7.9
ATH030,Farmer's Walk,2025-11-12,119.5,3,25,6.6
ATH030,Incline Bench Press,2025-11-12,58.0,4,6,7.8
ATH030,Squat,2025-11-12,109.4,4,5,7.4
ATH030,Front Squat,2025-11-14,100.5,4,6,6.9
ATH030,Log Press,2025-11-14,84.2,4,8,5.5
ATH030,Squat,2025-11-14,88.3,5,4,7.5
ATH030,Front Squat,2025-11-16,66.9,4,8,7.7
ATH030,Overhead Press,2025-11-16,55.5,3,6,6.5
ATH030,Sandbag Carry,2025-11-16,94.3,3,10,7.5
ATH030,Log Press,2025-11-19,53.0,3,3,7.6
ATH030,Overhead Press,2025-11-19,57.4,4,5,6.2
ATH030,Pull-ups,2025-11-19,21.6,4,8,8.1
ATH030,Deadlift,2025-11-21,152.8,5,5,7.2
ATH030,Front Squat,2025-11-21,79.0,4,6,8.3
ATH030,Sandbag Carry,2025-11-21,89.2,4,10,8.2
ATH030,Atlas Stone Load,2025-11-23,108.9,4,2,8.4
ATH030,Romanian Deadlift,2025-11-23,115.1,3,6,7.8
ATH030,Squat,2025-11-23,119.5,4,6,8.7
ATH030,Overhead Press,2025-11-26,52.5,3,8,7.9
ATH030,Romanian Deadlift,2025-11-26,92.7,3,10,6.6
ATH030,Yoke Walk,2025-11-26,304.2,3,15,8.0
ATH030,Romanian Deadlift,2025-11-28,128.9,3,8,6.3
ATH030,Squat,2025-11-28,123.3,3,4,8.9
ATH030,Yoke Walk,2025-11-28,324.4,4,15,8.0
ATH030,Barbell Row,2025-11-30,90.7,4,12,7.5
ATH030,Overhead Press,2025-11-30,64.5,3,5,6.9
ATH030,Yoke Walk,2025-11-30,233.2,4,20,7.1
ATH030,Atlas Stone Load,2025-12-03,115.7,4,5,9.4
ATH030,Barbell Row,2025-12-03,81.8,3,10,6.2
ATH030,Squat,2025-12-03,92.0,3,3,7.2
ATH030,Barbell Row,2025-12-05,104.5,3,12,6.3
ATH030,Overhead Press,2025-12-05,51.7,5,8,8.0
ATH030,Yoke Walk,2025-12-05,273.7,3,10,8.4
ATH030,Deadlift,2025-12-07,112.2,3,5,7.1
ATH030,Pull-ups,2025-12-07,8.6,4,10,8.5
ATH030,Yoke Walk,2025-12-07,301.7,4,25,9.2
ATH030,Deadlift,2025-12-10,162.7,5,6,7.8
ATH030,Incline Bench Press,2025-12-10,64.6,4,12,6.8
ATH030,Yoke Walk,2025-12-10,252.3,3,10,7.8
ATH030,Log Press,2025-12-12,76.6,4,8,9.1
ATH030,Overhead Press,2025-12-12,59.5,3,6,8.4
ATH030,Romanian Deadlift,2025-12-12,133.7,3,8,8.5
ATH030,Deadlift,2025-12-14,122.5,5,6,7.9
ATH030,Farmer's Walk,2025-12-14,81.8,4,18,7.7
ATH030,Romanian Deadlift,2025-12-14,134.6,3,8,7.0
ATH030,Deadlift,2025-12-17,115.7,3,5,7.8
ATH030,Pull-ups,2025-12-17,9.9,3,6,6.2
ATH030,Yoke Walk,2025-12-17,280.8,4,15,7.9
ATH030,Atlas Stone Load,2025-12-19,110.7,4,2,8.2
ATH030,Barbell Row,2025-12-19,100.3,4,6,6.1
ATH030,Deadlift,2025-12-19,127.5,3,3,7.3
ATH030,Bench Press,2025-12-21,74.1,3,6,7.8
ATH030,Pull-ups,2025-12-21,23.5,3,10,8.2
ATH030,Yoke Walk,2025-12-21,262.1,4,18,6.6
ATH031,Incline Bench Press,2025-10-01,58.8,4,12,6.9
ATH031,Overhead Press,2025-10-01,55.4,3,6,7.2
ATH031,Sandbag Carry,2025-10-01,127.0,3,15,9.0
ATH031,Front Squat,2025-10-03,81.9,3,12,6.6
ATH031,Overhead Press,2025-10-03,63.3,4,10,9.0
ATH031,Yoke Walk,2025-10-03,204.7,4,10,7.7
ATH031,Deadlift,2025-10-05,169.5,4,4,8.9
ATH031,Pull-ups,2025-10-05,12.0,4,6,6.6
ATH031,Sandbag Carry,2025-10-05,89.2,4,18,8.7
ATH031,Barbell Row,2025-10-08,93.5,4,6,8.1
ATH031,Bench Press,2025-10-08,80.7,5,10,6.2
ATH031,Sandbag Carry,2025-10-08,135.8,3,30,7.8
ATH031,Bench Press,2025-10-10,90.7,5,5,6.4
ATH031,Incline Bench Press,2025-10-10,61.8,4,12,6.5
ATH031,Log Press,2025-10-10,83.7,4,6,8.1
ATH031,Barbell Row,2025-10-12,88.0,3,10,7.6
ATH031,Sandbag Carry,2025-10-12,117.4,4,25,7.9
ATH031,Squat,2025-10-12,113.4,3,5,7.2
ATH031,Bench Press,2025-10-15,95.1,4,5,8.1
ATH031,Front Squat,2025-10-15,97.3,4,8,7.8
ATH031,Yoke Walk,2025-10-15,269.0,3,20,7.7
ATH031,Incline Bench Press,2025-10-17,82.4,3,10,7.2
ATH031,Squat,2025-10-17,96.1,5,5,9.0
ATH031,Yoke Walk,2025-10-17,260.1,4,12,8.0
ATH031,Overhead Press,2025-10-19,52.2,4,10,6.0
ATH031,Romanian Deadlift,2025-10-19,115.0,3,10,6.2
ATH031,Sandbag Carry,2025-10-19,125.1,3,15,7.0
ATH031,Atlas Stone Load,2025-10-22,104.6,4,5,9.0
ATH031,Bench Press,2025-10-22,101.5,4,6,8.5
ATH031,Pull-ups,2025-10-22,3.1,3,10,8.4
ATH031,Pull-ups,2025-10-24,5.1,3,8,6.3
ATH031,Sandbag Carry,2025-10-24,124.9,4,18,8.7
ATH031,Squat,2025-10-24,93.6,4,6,9.2
ATH031,Barbell Row,2025-10-26,80.8,4,8,7.4
ATH031,Deadlift,2025-10-26,150.6,4,5,8.3
ATH031,Sandbag Carry,2025-10-26,125.0,4,10,6.9
ATH031,Deadlift,2025-10-29,138.7,3,3,7.6
ATH031,Incline Bench Press,2025-10-29,81.1,4,8,7.2
ATH031,Sandbag Carry,2025-10-29,121.1,4,12,8.4
ATH031,Deadlift,2025-10-31,185.4,5,5,6.7
ATH031,Farmer's Walk,2025-10-31,93.1,3,22,7.8
ATH031,Romanian Deadlift,2025-10-31,115.8,4,10,7.2
ATH031,Farmer's Walk,2025-11-02,98.9,4,15,7.9
ATH031,Pull-ups,2025-11-02,17.3,4,10,8.3
ATH031,Squat,2025-11-02,94.6,4,5,6.9
ATH031,Deadlift,2025-11-05,131.0,4,5,7.4
ATH031,Pull-ups,2025-11-05,19.8,4,8,7.1
ATH031,Yoke Walk,2025-11-05,266.6,4,10,7.2
ATH031,Deadlift,2025-11-07,172.9,4,5,7.6
ATH031,Pull-ups,2025-11-07,5.1,3,10,8.3
ATH031,Sandbag Carry,2025-11-07,141.5,3,30,6.6
ATH031,Atlas Stone Load,2025-11-09,106.1,3,5,9.5
ATH031,Front Squat,2025-11-09,102.9,3,12,7.8
ATH031,Overhead Press,2025-11-09,58.2,4,6,6.8
ATH031,Barbell Row,2025-11-12,86.9,3,6,6.0
ATH031,Deadlift,2025-11-12,131.8,5,6,5.5
ATH031,Yoke Walk,2025-11-12,281.0,4,30,5.5
ATH031,Barbell Row,2025-11-14,82.3,4,12,7.3
ATH031,Squat,2025-11-14,111.4,4,4,6.5
ATH031,Yoke Walk,2025-11-14,211.1,4,15,6.6
ATH031,Log Press,2025-11-16,57.1,4,6,7.1
ATH031,Overhead Press,2025-11-16,67.9,3,10,6.5
ATH031,Pull-ups,2025-11-16,13.6,4,10,6.2
ATH031,Bench Press,2025-11-19,80.0,5,8,7.0
ATH031,Front Squat,2025-11-19,88.8,3,6,8.1
ATH031,Sandbag Carry,2025-11-19,113.2,3,10,9.0
ATH031,Deadlift,2025-11-21,186.3,4,4,7.3
ATH031,Farmer's Walk,2025-11-21,91.0,4,15,8.5
ATH031,Incline Bench Press,2025-11-21,74.2,3,12,6.5
ATH031,Barbell Row,2025-11-23,82.4,3,6,6.9
ATH031,Bench Press,2025-11-23,111.0,4,10,8.1
ATH031,Sandbag Carry,2025-11-23,106.4,4,26,8.4
ATH031,Overhead Press,2025-11-26,56.9,5,6,6.8
ATH031,Romanian Deadlift,2025-11-26,127.2,4,6,8.7
ATH031,Sandbag Carry,2025-11-26,129.6,4,25,8.7
ATH031,Deadlift,2025-11-28,161.3,3,3,9.1
ATH031,Front Squat,2025-11-28,94.2,4,10,7.1
ATH031,Sandbag Carry,2025-11-28,99.0,3,20,8.6
ATH031,Bench Press,2025-11-30,74.2,4,6,8.5
ATH031,Pull-ups,2025-11-30,17.0,3,10,7.1
ATH031,Sandbag Carry,2025-11-30,105.0,3,22,7.3
ATH031,Bench Press,2025-12-03,94.9,3,10,6.4
ATH031,Pull-ups,2025-12-03,18.9,4,6,7.2
ATH031,Sandbag Carry,2025-12-03,104.5,4,20,7.8
ATH031,Barbell Row,2025-12-05,105.2,4,10,6.4
ATH031,Farmer's Walk,2025-12-05,105.8,3,25,6.8
ATH031,Squat,2025-12-05,92.0,5,3,6.7
ATH031,Farmer's Walk,2025-12-07,126.6,3,15,6.7
ATH031,Incline Bench Press,2025-12-07,64.4,3,8,7.4
ATH031,Overhead Press,2025-12-07,72.5,4,10,8.7
ATH031,Overhead Press,2025-12-10,46.9,3,8,6.8
ATH031,Romanian Deadlift,2025-12-10,128.9,3,8,6.2
ATH031,Yoke Walk,2025-12-10,284.4,3,22,8.2
ATH031,Bench Press,2025-12-12,81.7,5,6,8.7
ATH031,Farmer's Walk,2025-12-12,130.0,4,10,8.5
ATH031,Romanian Deadlift,2025-12-12,104.7,3,12,7.3
ATH031,Pull-ups,2025-12-14,12.8,3,8,6.6
ATH031,Sandbag Carry,2025-12-14,111.2,4,18,8.4
ATH031,Squat,2025-12-14,133.3,3,6,7.9
ATH031,Atlas Stone Load,2025-12-17,98.8,4,5,9.1
ATH031,Barbell Row,2025-12-17,77.4,3,6,6.8
ATH031,Bench Press,2025-12-17,95.4,3,8,6.3
ATH031,Atlas Stone Load,2025-12-19,116.9,3,3,7.0
ATH031,Barbell Row,2025-12-19,94.3,3,8,7.9
ATH031,Deadlift,2025-12-19,172.3,5,6,8.2
ATH031,Pull-ups,2025-12-21,11.8,3,10,6.4
ATH031,Squat,2025-12-21,111.3,3,5,8.0
ATH031,Yoke Walk,2025-12-21,265.8,3,26,8.2
ATH032,Bench Press,2025-10-01,75.5,4,8,7.9
ATH032,Log Press,2025-10-01,77.0,3,8,8.0
ATH032,Romanian Deadlift,2025-10-01,112.1,3,10,6.7
ATH032,Barbell Row,2025-10-03,76.9,3,12,8.3
ATH032,Deadlift,2025-10-03,128.4,3,6,6.8
ATH032,Sandbag Carry,2025-10-03,94.1,3,20,8.2
ATH032,Front Squat,2025-10-05,92.4,4,10,8.2
ATH032,Sandbag Carry,2025-10-05,99.7,4,12,8.6
ATH032,Squat,2025-10-05,105.0,5,6,7.2
ATH032,Pull-ups,2025-10-08,6.5,4,8,7.1
ATH032,Sandbag Carry,2025-10-08,112.0,3,18,7.8
ATH032,Squat,2025-10-08,88.2,5,4,6.7
ATH032,Farmer's Walk,2025-10-10,85.3,4,22,9.0
ATH032,Front Squat,2025-10-10,77.2,3,6,7.0
ATH032,Overhead Press,2025-10-10,55.6,4,10,6.5
ATH032,Deadlift,2025-10-12,115.7,4,6,8.7
ATH032,Incline Bench Press,2025-10-12,61.6,3,10,7.4
ATH032,Log Press,2025-10-12,86.7,4,8,8.6
ATH032,Bench Press,2025-10-15,84.9,5,8,6.2
ATH032,Romanian Deadlift,2025-10-15,116.2,4,6,7.8
ATH032,Yoke Walk,2025-10-15,232.6,3,30,7.8
ATH032,Bench Press,2025-10-17,97.9,3,8,7.4
ATH032,Front Squat,2025-10-17,72.2,3,12,6.9
ATH032,Yoke Walk,2025-10-17,209.1,3,30,6.9
ATH032,Bench Press,2025-10-19,83.2,5,6,6.4
ATH032,Farmer's Walk,2025-10-19,123.8,3,25,7.9
ATH032,Incline Bench Press,2025-10-19,64.3,4,6,7.2
ATH032,Farmer's Walk,2025-10-22,114.1,3,15,7.7
ATH032,Front Squat,2025-10-22,87.8,3,10,7.6
ATH032,Squat,2025-10-22,119.9,4,4,6.6
ATH032,Front Squat,2025-10-24,71.6,3,12,7.7
ATH032,Sandbag Carry,2025-10-24,129.2,4,30,8.0
ATH032,Squat,2025-10-24,118.6,4,5,7.1
ATH032,Barbell Row,2025-10-26,102.7,3,10,6.8
ATH032,Overhead Press,2025-10-26,48.5,5,8,8.6
ATH032,Sandbag Carry,2025-10-26,85.6,4,22,6.5
ATH032,Atlas Stone Load,2025-10-29,128.1,3,5,7.7
ATH032,Romanian Deadlift,2025-10-29,114.8,3,10,7.4
ATH032,Squat,2025-10-29,96.0,4,4,8.4
ATH032,Atlas Stone Load,2025-10-31,118.9,3,5,7.6
ATH032,Deadlift,2025-10-31,127.0,5,6,6.9
ATH032,Front Squat,2025-10-31,100.4,4,6,7.1
ATH032,Farmer's Walk,2025-11-02,89.9,4,10,8.3
ATH032,Overhead Press,2025-11-02,67.7,3,10,8.4
ATH032,Romanian Deadlift,2025-11-02,114.1,4,10,8.4
ATH032,Barbell Row,2025-11-05,86.1,3,6,6.9
ATH032,Farmer's Walk,2025-11-05,122.3,4,20,7.2
ATH032,Overhead Press,2025-11-05,47.3,4,10,8.1
ATH032,Bench Press,2025-11-07,73.4,5,10,8.4
ATH032,Log Press,2025-11-07,92.0,4,5,6.9
ATH032,Romanian Deadlift,2025-11-07,98.6,3,8,6.6
ATH032,Deadlift,2025-11-09,129.6,3,5,8.8
ATH032,Front Squat,2025-11-09,89.9,3,8,8.5
ATH032,Log Press,2025-11-09,67.9,4,3,8.7
ATH032,Front Squat,2025-11-12,93.5,3,10,7.3
ATH032,Log Press,2025-11-12,82.0,4,6,5.7
ATH032,Overhead Press,2025-11-12,40.4,3,10,5.5
ATH032,Romanian Deadlift,2025-11-14,107.9,4,10,7.2
ATH032,Sandbag Carry,2025-11-14,118.2,3,20,7.9
ATH032,Squat,2025-11-14,99.6,5,3,5.9
ATH032,Bench Press,2025-11-16,62.1,5,8,5.6
ATH032,Farmer's Walk,2025-11-16,72.1,4,26,7.4
ATH032,Incline Bench Press,2025-11-16,73.7,4,8,7.3
ATH032,Deadlift,2025-11-19,137.9,4,6,8.3
ATH032,Log Press,2025-11-19,56.9,4,8,9.3
ATH032,Pull-ups,2025-11-19,9.2,4,10,7.8
ATH032,Deadlift,2025-11-21,122.6,3,3,6.9
ATH032,Farmer's Walk,2025-11-21,100.1,4,30,6.8
ATH032,Incline Bench Press,2025-11-21,73.8,4,6,8.7
ATH032,Deadlift,2025-11-23,141.1,4,5,8.5
ATH032,Farmer's Walk,2025-11-23,136.2,4,20,8.1
ATH032,Incline Bench Press,2025-11-23,59.3,4,10,7.9
ATH032,Log Press,2025-11-26,59.8,3,5,8.9
ATH032,Pull-ups,2025-11-26,5.7,4,12,7.6
ATH032,Squat,2025-11-26,96.3,3,3,7.9
ATH032,Bench Press,2025-11-28,90.3,5,10,7.5
ATH032,Front Squat,2025-11-28,75.1,3,10,6.1
ATH032,Log Press,2025-11-28,85.2,4,3,8.9
ATH032,Farmer's Walk,2025-11-30,89.7,3,30,9.2
ATH032,Overhead Press,2025-11-30,53.2,3,10,7.6
ATH032,Romanian Deadlift,2025-11-30,104.2,4,6,6.4
ATH032,Bench Press,2025-12-03,64.9,5,10,7.2
ATH032,Incline Bench Press,2025-12-03,63.3,4,8,7.9
ATH032,Log Press,2025-12-03,86.4,3,6,9.3
ATH032,Log Press,2025-12-05,61.2,3,5,7.7
ATH032,Overhead Press,2025-12-05,51.3,5,10,8.6
ATH032,Pull-ups,2025-12-05,10.2,4,8,6.0
ATH032,Deadlift,2025-12-07,156.7,5,3,8.6
ATH032,Farmer's Walk,2025-12-07,110.5,4,26,8.3
ATH032,Romanian Deadlift,2025-12-07,117.8,3,12,7.0
ATH032,Farmer's Walk,2025-12-10,102.0,3,15,9.2
ATH032,Pull-ups,2025-12-10,23.3,4,12,7.3
ATH032,Squat,2025-12-10,128.4,5,3,6.8
ATH032,Incline Bench Press,2025-12-12,71.8,3,10,7.5
ATH032,Log Press,2025-12-12,83.2,3,3,9.3
ATH032,Overhead Press,2025-12-12,44.0,5,8,8.6
ATH032,Atlas Stone Load,2025-12-14,98.3,4,5,7.7
ATH032,Bench Press,2025-12-14,104.3,4,8,7.8
ATH032,Romanian Deadlift,2025-12-14,128.7,3,6,6.9
ATH032,Pull-ups,2025-12-17,10.1,4,12,6.1
ATH032,Sandbag Carry,2025-12-17,120.1,4,12,7.5
ATH032,Squat,2025-12-17,114.5,3,5,7.0
ATH032,Atlas Stone Load,2025-12-19,126.9,3,5,7.1
ATH032,Barbell Row,2025-12-19,93.9,4,8,7.4
ATH032,Deadlift,2025-12-19,147.9,3,6,6.7
ATH032,Atlas Stone Load,2025-12-21,106.9,4,3,9.2
ATH032,Deadlift,2025-12-21,127.8,5,5,6.8
ATH032,Romanian Deadlift,2025-12-21,127.5,4,6,7.9
ATH033,Atlas Stone Load,2025-10-01,136.4,4,2,7.4
ATH033,Barbell Row,2025-10-01,83.1,3,12,7.6
ATH033,Squat,2025-10-01,107.1,3,5,7.2
ATH033,Atlas Stone Load,2025-10-03,118.1,3,5,7.2
ATH033,Barbell Row,2025-10-03,92.0,4,8,8.2
ATH033,Deadlift,2025-10-03,178.5,5,4,6.7
ATH033,Barbell Row,2025-10-05,89.7,3,10,6.8
ATH033,Farmer's Walk,2025-10-05,130.2,4,18,8.8
ATH033,Overhead Press,2025-10-05,53.3,5,10,6.9
ATH033,Atlas Stone Load,2025-10-08,137.1,4,2,7.3
ATH033,Bench Press,2025-10-08,92.1,4,8,8.1
ATH033,Romanian Deadlift,2025-10-08,134.9,3,6,6.6
ATH033,Pull-ups,2025-10-10,10.0,4,6,7.7
ATH033,Squat,2025-10-10,141.3,3,6,8.2
ATH033,Yoke Walk,2025-10-10,250.3,4,15,8.2
ATH033,Barbell Row,2025-10-12,102.6,4,6,8.2
ATH033,Bench Press,2025-10-12,93.0,3,5,8.2
ATH033,Yoke Walk,2025-10-12,266.9,4,15,8.2
ATH033,Front Squat,2025-10-15,78.5,3,12,8.7
ATH033,Sandbag Carry,2025-10-15,125.0,3,12,7.9
ATH033,Squat,2025-10-15,96.7,4,4,7.4
ATH033,Atlas Stone Load,2025-10-17,119.0,4,3,9.2
ATH033,Overhead Press,2025-10-17,47.8,3,8,6.6
ATH033,Romanian Deadlift,2025-10-17,116.6,4,6,7.1
ATH033,Deadlift,2025-10-19,182.3,5,4,9.1
ATH033,Incline Bench Press,2025-10-19,64.4,3,10,6.6
ATH033,Sandbag Carry,2025-10-19,142.3,3,12,7.5
ATH033,Incline Bench Press,2025-10-22,72.1,4,12,8.4
ATH033,Overhead Press,2025-10-22,50.1,3,5,8.9
ATH033,Sandbag Carry,2025-10-22,115.2,4,20,8.8
ATH033,Front Squat,2025-10-24,95.9,4,6,7.6
ATH033,Log Press,2025-10-24,60.3,4,3,7.8
ATH033,Squat,2025-10-24,131.5,3,6,9.0
ATH033,Deadlift,2025-10-26,159.5,3,4,8.0
ATH033,Pull-ups,2025-10-26,13.3,3,12,8.5
ATH033,Sandbag Carry,2025-10-26,130.4,4,22,6.6
ATH033,Front Squat,2025-10-29,92.0,3,6,7.7
ATH033,Overhead Press,2025-10-29,49.5,5,5,8.3
ATH033,Yoke Walk,2025-10-29,319.8,3,26,8.5
ATH033,Incline Bench Press,2025-10-31,62.6,4,12,8.2
ATH033,Log Press,2025-10-31,90.6,4,8,8.1
ATH033,Overhead Press,2025-10-31,75.2,5,8,7.5
ATH033,Front Squat,2025-11-02,116.6,4,6,8.4
ATH033,Overhead Press,2025-11-02,66.2,4,8,6.1
ATH033,Yoke Walk,2025-11-02,321.6,3,30,7.3
ATH033,Log Press,2025-11-05,68.7,3,8,8.1
ATH033,Romanian Deadlift,2025-11-05,118.8,3,6,6.0
ATH033,Squat,2025-11-05,141.1,3,5,9.0
ATH033,Farmer's Walk,2025-11-07,110.7,3,25,7.0
ATH033,Pull-ups,2025-11-07,2.7,3,12,7.2
ATH033,Squat,2025-11-07,105.1,3,5,7.4
ATH033,Barbell Row,2025-11-09,85.8,4,8,6.2
ATH033,Bench Press,2025-11-09,94.4,3,10,7.5
ATH033,Sandbag Carry,2025-11-09,140.0,3,26,7.3
ATH033,Barbell Row,2025-11-12,103.8,4,6,5.8
ATH033,Deadlift,2025-11-12,124.4,3,4,5.9
ATH033,Farmer's Walk,2025-11-12,87.7,3,18,7.9
ATH033,Atlas Stone Load,2025-11-14,125.1,3,2,7.2
ATH033,Barbell Row,2025-11-14,79.6,4,8,7.7
ATH033,Deadlift,2025-11-14,145.3,4,6,5.5
ATH033,Atlas Stone Load,2025-11-16,129.2,4,3,6.0
ATH033,Bench Press,2025-11-16,72.6,4,6,5.5
ATH033,Front Squat,2025-11-16,95.1,4,12,5.5
ATH033,Deadlift,2025-11-19,133.0,3,4,8.6
ATH033,Farmer's Walk,2025-11-19,127.0,3,20,6.7
ATH033,Front Squat,2025-11-19,87.2,4,12,8.7
ATH033,Incline Bench Press,2025-11-21,60.5,4,8,7.6
ATH033,Overhead Press,2025-11-21,57.9,4,5,7.8
ATH033,Sandbag Carry,2025-11-21,122.6,3,22,8.8
ATH033,Bench Press,2025-11-23,88.5,5,10,7.3
ATH033,Front Squat,2025-11-23,91.3,4,6,6.5
ATH033,Sandbag Carry,2025-11-23,106.2,3,25,9.1
ATH033,Log Press,2025-11-26,76.0,3,8,7.7
ATH033,Overhead Press,2025-11-26,65.7,5,6,7.0
ATH033,Pull-ups,2025-11-26,12.2,4,6,8.0
ATH033,Atlas Stone Load,2025-11-28,133.2,4,2,8.2
ATH033,Deadlift,2025-11-28,128.7,3,5,8.9
ATH033,Pull-ups,2025-11-28,22.0,4,10,8.0
ATH033,Log Press,2025-11-30,77.0,4,3,7.7
ATH033,Romanian Deadlift,2025-11-30,137.4,4,12,7.6
ATH033,Squat,2025-11-30,107.6,5,5,7.8
ATH033,Barbell Row,2025-12-03,95.8,4,6,8.0
ATH033,Farmer's Walk,2025-12-03,109.0,4,12,6.9
ATH033,Squat,2025-12-03,102.7,3,5,8.8
ATH033,Farmer's Walk,2025-12-05,91.9,3,18,8.1
ATH033,Overhead Press,2025-12-05,52.1,5,8,6.7
ATH033,Romanian Deadlift,2025-12-05,148.7,4,6,7.4
ATH033,Barbell Row,2025-12-07,113.3,4,6,6.5
ATH033,Deadlift,2025-12-07,184.9,4,3,7.2
ATH033,Yoke Walk,2025-12-07,279.9,3,10,8.6
ATH033,Farmer's Walk,2025-12-10,149.1,4,10,6.9
ATH033,Incline Bench Press,2025-12-10,71.5,3,10,6.5
ATH033,Overhead Press,2025-12-10,76.2,5,10,6.5
ATH033,Bench Press,2025-12-12,108.5,4,10,7.3
ATH033,Farmer's Walk,2025-12-12,136.3,3,25,7.2
ATH033,Pull-ups,2025-12-12,19.0,3,12,6.2
ATH033,Barbell Row,2025-12-14,92.2,3,6,6.6
ATH033,Deadlift,2025-12-14,138.5,5,4,7.0
ATH033,Log Press,2025-12-14,86.2,3,5,7.3
ATH033,Farmer's Walk,2025-12-17,106.5,3,30,7.3
ATH033,Overhead Press,2025-12-17,67.0,3,6,7.8
ATH033,Romanian Deadlift,2025-12-17,134.8,4,6,7.2
ATH033,Barbell Row,2025-12-19,114.3,4,12,7.0
ATH033,Log Press,2025-12-19,101.3,3,6,8.9
ATH033,Overhead Press,2025-12-19,64.7,4,5,8.9
ATH033,Farmer's Walk,2025-12-21,124.8,4,20,8.4
ATH033,Front Squat,2025-12-21,108.6,3,12,8.7
ATH033,Overhead Press,2025-12-21,70.7,4,5,8.5
ATH034,Deadlift,2025-10-01,174.8,5,4,9.0
ATH034,Log Press,2025-10-01,82.0,4,6,7.8
ATH034,Pull-ups,2025-10-01,10.7,3,10,7.2
ATH034,Atlas Stone Load,2025-10-03,110.2,3,3,9.2
ATH034,Overhead Press,2025-10-03,60.2,4,10,8.2
ATH034,Pull-ups,2025-10-03,18.6,3,8,6.9
ATH034,Barbell Row,2025-10-05,83.9,4,10,6.9
ATH034,Log Press,2025-10-05,77.2,4,3,8.4
ATH034,Overhead Press,2025-10-05,71.8,3,6,7.5
ATH034,Deadlift,2025-10-08,153.2,5,6,7.2
ATH034,Incline Bench Press,2025-10-08,60.9,3,6,6.9
ATH034,Yoke Walk,2025-10-08,320.3,3,25,7.6
ATH034,Bench Press,2025-10-10,66.6,5,5,8.6
ATH034,Farmer's Walk,2025-10-10,103.0,3,12,8.1
ATH034,Pull-ups,2025-10-10,10.8,3,10,7.7
ATH034,Front Squat,2025-10-12,85.1,3,6,8.3
ATH034,Overhead Press,2025-10-12,50.9,4,6,8.2
ATH034,Sandbag Carry,2025-10-12,134.1,3,22,8.8
ATH034,Front Squat,2025-10-15,114.2,3,12,7.1
ATH034,Log Press,2025-10-15,65.0,3,3,7.7
ATH034,Overhead Press,2025-10-15,57.1,4,6,7.3
ATH034,Atlas Stone Load,2025-10-17,96.1,4,4,8.3
ATH034,Bench Press,2025-10-17,72.3,3,5,7.6
ATH034,Romanian Deadlift,2025-10-17,123.1,4,12,6.1
ATH034,Atlas Stone Load,2025-10-19,108.0,3,3,7.2
ATH034,Overhead Press,2025-10-19,48.6,4,5,6.2
ATH034,Romanian Deadlift,2025-10-19,111.4,4,12,7.8
ATH034,Atlas Stone Load,2025-10-22,134.7,4,4,7.8
ATH034,Bench Press,2025-10-22,67.2,3,10,8.4
ATH034,Incline Bench Press,2025-10-22,64.2,4,12,7.7
ATH034,Bench Press,2025-10-24,106.8,3,8,6.2
ATH034,Log Press,2025-10-24,71.8,3,5,8.5
ATH034,Romanian Deadlift,2025-10-24,114.7,3,10,7.2
ATH034,Overhead Press,2025-10-26,59.3,3,6,6.4
ATH034,Romanian Deadlift,2025-10-26,146.4,3,6,6.5
ATH034,Sandbag Carry,2025-10-26,132.6,3,26,7.8
ATH034,Deadlift,2025-10-29,162.6,3,5,6.5
ATH034,Farmer's Walk,2025-10-29,153.6,3,25,7.9
ATH034,Incline Bench Press,2025-10-29,79.0,4,8,8.6
ATH034,Barbell Row,2025-10-31,108.7,4,12,7.4
ATH034,Deadlift,2025-10-31,140.6,3,5,7.4
ATH034,Yoke Walk,2025-10-31,337.1,4,25,7.6
ATH034,Deadlift,2025-11-02,152.1,3,3,7.1
ATH034,Front Squat,2025-11-02,109.2,4,8,7.1
ATH034,Log Press,2025-11-02,57.5,3,6,8.9
ATH034,Bench Press,2025-11-05,109.1,3,8,6.7
ATH034,Pull-ups,2025-11-05,12.6,4,12,6.2
ATH034,Yoke Walk,2025-11-05,263.0,4,30,8.6
ATH034,Deadlift,2025-11-07,179.2,4,4,7.6
ATH034,Log Press,2025-11-07,90.8,4,8,9.0
ATH034,Romanian Deadlift,2025-11-07,126.2,4,12,8.6
ATH034,Deadlift,2025-11-09,186.1,4,6,8.1
ATH034,Incline Bench Press,2025-11-09,75.7,4,6,8.7
ATH034,Sandbag Carry,2025-11-09,130.1,3,15,7.2
ATH034,Atlas Stone Load,2025-11-12,95.0,4,2,6.7
ATH034,Bench Press,2025-11-12,92.3,5,10,5.5
ATH034,Romanian Deadlift,2025-11-12,120.2,3,12,5.5
ATH034,Overhead Press,2025-11-14,55.4,4,10,7.2
ATH034,Romanian Deadlift,2025-11-14,128.2,4,6,7.1
ATH034,Sandbag Carry,2025-11-14,118.5,3,18,7.1
ATH034,Front Squat,2025-11-16,76.7,4,6,6.7
ATH034,Overhead Press,2025-11-16,64.2,5,8,5.5
ATH034,Yoke Walk,2025-11-16,303.9,4,30,6.4
ATH034,Incline Bench Press,2025-11-19,73.3,4,6,8.6
ATH034,Log Press,2025-11-19,60.6,4,3,8.0
ATH034,Overhead Press,2025-11-19,72.0,3,8,7.9
ATH034,Bench Press,2025-11-21,70.9,3,5,6.1
ATH034,Incline Bench Press,2025-11-21,84.8,4,8,7.2
ATH034,Sandbag Carry,2025-11-21,136.8,3,10,8.5
ATH034,Barbell Row,2025-11-23,88.3,4,12,7.0
ATH034,Bench Press,2025-11-23,78.4,5,8,8.8
ATH034,Log Press,2025-11-23,75.1,4,8,9.1
ATH034,Atlas Stone Load,2025-11-26,114.3,4,5,7.6
ATH034,Bench Press,2025-11-26,73.1,5,8,8.9
ATH034,Romanian Deadlift,2025-11-26,122.9,4,8,7.2
ATH034,Farmer's Walk,2025-11-28,98.3,4,25,8.8
ATH034,Pull-ups,2025-11-28,8.3,4,6,7.0
ATH034,Squat,2025-11-28,113.6,3,6,7.6
ATH034,Bench Press,2025-11-30,75.8,5,6,7.0
ATH034,Romanian Deadlift,2025-11-30,122.4,4,10,6.4
ATH034,Yoke Walk,2025-11-30,278.5,4,15,7.9
ATH034,Bench Press,2025-12-03,90.9,3,6,8.9
ATH034,Front Squat,2025-12-03,97.8,3,6,6.5
ATH034,Yoke Walk,2025-12-03,341.1,3,18,8.2
ATH034,Front Squat,2025-12-05,117.6,3,12,8.4
ATH034,Log Press,2025-12-05,70.8,4,8,8.7
ATH034,Overhead Press,2025-12-05,55.5,5,6,8.4
ATH034,Atlas Stone Load,2025-12-07,137.4,4,2,8.9
ATH034,Barbell Row,2025-12-07,83.0,3,12,8.2
ATH034,Deadlift,2025-12-07,171.0,4,6,7.6
ATH034,Atlas Stone Load,2025-12-10,126.4,4,5,8.4
ATH034,Bench Press,2025-12-10,68.8,5,5,6.1
ATH034,Incline Bench Press,2025-12-10,71.4,3,12,8.4
ATH034,Deadlift,2025-12-12,128.7,3,6,9.0
ATH034,Farmer's Walk,2025-12-12,100.0,3,30,8.7
ATH034,Pull-ups,2025-12-12,8.4,3,8,6.7
ATH034,Barbell Row,2025-12-14,73.1,3,12,6.2
ATH034,Bench Press,2025-12-14,83.8,3,10,6.0
ATH034,Sandbag Carry,2025-12-14,109.8,3,30,8.3
ATH034,Barbell Row,2025-12-17,95.8,4,6,8.5
ATH034,Log Press,2025-12-17,59.0,3,8,7.5
ATH034,Overhead Press,2025-12-17,67.7,4,6,6.7
ATH034,Atlas Stone Load,2025-12-19,107.2,3,3,8.4
ATH034,Romanian Deadlift,2025-12-19,122.9,4,12,6.1
ATH034,Squat,2025-12-19,128.9,5,4,8.4
ATH034,Bench Press,2025-12-21,75.8,3,6,6.8
ATH034,Romanian Deadlift,2025-12-21,119.5,4,6,8.4
ATH034,Sandbag Carry,2025-12-21,135.1,4,22,8.1
ATH035,Deadlift,2025-10-01,228.2,4,4,7.4
ATH035,Incline Bench Press,2025-10-01,89.6,3,8,6.3
ATH035,Yoke Walk,2025-10-01,364.4,3,18,8.7
ATH035,Overhead Press,2025-10-03,105.5,5,6,7.1
ATH035,Pull-ups,2025-10-03,11.9,3,8,8.3
ATH035,Sandbag Carry,2025-10-03,171.3,4,30,6.8
ATH035,Barbell Row,2025-10-05,111.3,3,8,7.2
ATH035,Bench Press,2025-10-05,148.5,4,8,8.2
ATH035,Yoke Walk,2025-10-05,345.0,3,25,8.4
ATH035,Deadlift,2025-10-08,248.9,5,6,6.5
ATH035,Log Press,2025-10-08,104.9,4,8,7.5
ATH035,Pull-ups,2025-10-08,14.8,3,8,7.1
ATH035,Deadlift,2025-10-10,254.5,5,6,7.4
ATH035,Log Press,2025-10-10,107.5,4,3,7.1
ATH035,Pull-ups,2025-10-10,24.3,4,8,6.8
ATH035,Bench Press,2025-10-12,147.1,5,8,8.0
ATH035,Farmer's Walk,2025-10-12,150.4,3,15,7.1
ATH035,Front Squat,2025-10-12,152.9,3,6,7.1
ATH035,Incline Bench Press,2025-10-15,93.6,3,10,6.4
ATH035,Log Press,2025-10-15,89.6,4,3,7.2
ATH035,Squat,2025-10-15,173.1,3,3,8.1
ATH035,Atlas Stone Load,2025-10-17,168.5,4,5,9.4
ATH035,Deadlift,2025-10-17,231.2,4,6,8.0
ATH035,Incline Bench Press,2025-10-17,82.9,3,12,8.5
ATH035,Barbell Row,2025-10-19,118.4,3,6,8.6
ATH035,Deadlift,2025-10-19,177.2,4,6,8.7
ATH035,Yoke Walk,2025-10-19,352.3,3,22,8.5
ATH035,Deadlift,2025-10-22,237.2,3,6,7.1
ATH035,Front Squat,2025-10-22,147.1,3,12,6.3
ATH035,Log Press,2025-10-22,127.9,4,5,8.0
ATH035,Barbell Row,2025-10-24,119.0,3,6,7.9
ATH035,Squat,2025-10-24,142.0,4,5,8.6
ATH035,Yoke Walk,2025-10-24,403.4,4,18,7.9
ATH035,Log Press,2025-10-26,96.8,4,3,8.9
ATH035,Overhead Press,2025-10-26,106.1,4,6,7.8
ATH035,Romanian Deadlift,2025-10-26,154.4,4,8,8.6
ATH035,Bench Press,2025-10-29,131.8,3,6,6.2
ATH035,Log Press,2025-10-29,129.5,4,8,7.4
ATH035,Pull-ups,2025-10-29,24.7,3,6,8.3
ATH035,Atlas Stone Load,2025-10-31,163.0,3,5,9.1
ATH035,Bench Press,2025-10-31,124.1,4,5,7.2
ATH035,Incline Bench Press,2025-10-31,89.6,3,8,7.4
ATH035,Barbell Row,2025-11-02,131.6,4,10,6.3
ATH035,Farmer's Walk,2025-11-02,185.3,3,10,8.9
ATH035,Overhead Press,2025-11-02,109.7,3,8,6.7
ATH035,Barbell Row,2025-11-05,134.4,3,6,6.9
ATH035,Bench Press,2025-11-05,161.0,4,5,6.9
ATH035,Sandbag Carry,2025-11-05,185.7,3,30,8.6
ATH035,Atlas Stone Load,2025-11-07,195.8,3,4,8.9
ATH035,Deadlift,2025-11-07,239.5,3,3,8.3
ATH035,Romanian Deadlift,2025-11-07,202.1,3,8,7.1
ATH035,Deadlift,2025-11-09,210.7,5,5,7.3
ATH035,Log Press,2025-11-09,103.5,3,8,9.3
ATH035,Romanian Deadlift,2025-11-09,172.9,4,6,6.4
ATH035,Pull-ups,2025-11-12,21.6,3,8,7.0
ATH035,Sandbag Carry,2025-11-12,166.4,4,25,6.8
ATH035,Squat,2025-11-12,145.7,3,3,7.3
ATH035,Incline Bench Press,2025-11-14,80.3,3,6,5.9
ATH035,Log Press,2025-11-14,120.7,3,6,6.2
ATH035,Squat,2025-11-14,148.1,4,6,7.2
ATH035,Atlas Stone Load,2025-11-16,150.4,4,3,6.8
ATH035,Barbell Row,2025-11-16,119.8,3,10,6.7
ATH035,Squat,2025-11-16,144.0,4,4,7.0
ATH035,Log Press,2025-11-19,99.9,4,5,6.8
ATH035,Overhead Press,2025-11-19,74.5,4,8,7.9
ATH035,Romanian Deadlift,2025-11-19,189.4,4,8,6.6
ATH035,Log Press,2025-11-21,94.9,4,5,7.3
ATH035,Pull-ups,2025-11-21,11.3,3,6,6.2
ATH035,Squat,2025-11-21,162.1,4,4,7.3
ATH035,Pull-ups,2025-11-23,24.5,3,6,8.3
ATH035,Sandbag Carry,2025-11-23,156.9,3,30,7.4
ATH035,Squat,2025-11-23,190.8,4,4,6.6
ATH035,Barbell Row,2025-11-26,131.4,4,12,6.0
ATH035,Bench Press,2025-11-26,154.2,3,8,7.6
ATH035,Log Press,2025-11-26,97.7,4,6,7.2
ATH035,Deadlift,2025-11-28,246.0,5,3,8.9
ATH035,Log Press,2025-11-28,102.1,3,8,7.5
ATH035,Romanian Deadlift,2025-11-28,204.8,3,8,7.6
ATH035,Deadlift,2025-11-30,234.6,4,3,7.0
ATH035,Incline Bench Press,2025-11-30,114.4,3,12,6.6
ATH035,Sandbag Carry,2025-11-30,152.6,4,12,6.8
ATH035,Deadlift,2025-12-03,201.4,4,6,7.9
ATH035,Front Squat,2025-12-03,168.9,3,8,7.5
ATH035,Log Press,2025-12-03,127.4,3,6,7.0
ATH035,Bench Press,2025-12-05,144.8,5,8,8.8
ATH035,Front Squat,2025-12-05,125.2,3,10,8.5
ATH035,Sandbag Carry,2025-12-05,134.9,3,22,8.3
ATH035,Bench Press,2025-12-07,146.5,4,8,6.8
ATH035,Farmer's Walk,2025-12-07,164.6,4,18,8.9
ATH035,Front Squat,2025-12-07,154.7,4,12,7.6
ATH035,Atlas Stone Load,2025-12-10,194.0,4,3,9.1
ATH035,Romanian Deadlift,2025-12-10,170.8,4,10,8.5
ATH035,Squat,2025-12-10,136.6,4,4,7.7
ATH035,Deadlift,2025-12-12,219.2,5,5,7.1
ATH035,Pull-ups,2025-12-12,36.5,4,6,6.3
ATH035,Yoke Walk,2025-12-12,395.0,3,30,8.4
ATH035,Pull-ups,2025-12-14,32.9,3,12,7.1
ATH035,Squat,2025-12-14,135.4,4,3,8.6
ATH035,Yoke Walk,2025-12-14,344.3,3,15,7.4
ATH035,Incline Bench Press,2025-12-17,93.3,3,8,6.7
ATH035,Squat,2025-12-17,181.0,5,3,6.8
ATH035,Yoke Walk,2025-12-17,346.3,3,15,7.1
ATH035,Bench Press,2025-12-19,135.0,5,8,8.6
ATH035,Pull-ups,2025-12-19,24.6,3,6,7.4
ATH035,Sandbag Carry,2025-12-19,141.3,3,15,7.4
ATH035,Atlas Stone Load,2025-12-21,179.2,3,4,9.5
ATH035,Deadlift,2025-12-21,199.1,5,5,6.6
ATH035,Front Squat,2025-12-21,175.7,3,8,6.0
ATH036,Incline Bench Press,2025-10-01,112.4,4,8,6.3
ATH036,Overhead Press,2025-10-01,113.8,3,10,7.7
ATH036,Yoke Walk,2025-10-01,343.6,4,30,7.2
ATH036,Atlas Stone Load,2025-10-03,196.7,4,3,7.5
ATH036,Barbell Row,2025-10-03,150.8,4,10,7.1
ATH036,Overhead Press,2025-10-03,86.8,3,10,7.6
ATH036,Bench Press,2025-10-05,153.1,3,5,6.2
ATH036,Log Press,2025-10-05,140.9,3,5,6.8
ATH036,Romanian Deadlift,2025-10-05,163.9,4,12,7.2
ATH036,Overhead Press,2025-10-08,111.8,5,6,7.9
ATH036,Pull-ups,2025-10-08,35.2,3,8,7.4
ATH036,Yoke Walk,2025-10-08,422.0,3,15,9.0
ATH036,Incline Bench Press,2025-10-10,89.1,3,8,7.1
ATH036,Overhead Press,2025-10-10,108.6,5,5,6.4
ATH036,Yoke Walk,2025-10-10,344.1,3,12,6.7
ATH036,Farmer's Walk,2025-10-12,161.7,4,18,6.7
ATH036,Pull-ups,2025-10-12,27.9,4,10,6.9
ATH036,Squat,2025-10-12,197.2,5,4,7.4
ATH036,Bench Press,2025-10-15,147.1,5,6,8.7
ATH036,Romanian Deadlift,2025-10-15,197.7,3,10,8.8
ATH036,Yoke Walk,2025-10-15,373.3,3,30,8.7
ATH036,Deadlift,2025-10-17,243.6,5,3,7.0
ATH036,Log Press,2025-10-17,117.6,3,6,7.8
ATH036,Romanian Deadlift,2025-10-17,212.2,4,8,8.8
ATH036,Atlas Stone Load,2025-10-19,185.9,4,5,8.9
ATH036,Incline Bench Press,2025-10-19,121.4,4,10,7.7
ATH036,Squat,2025-10-19,161.9,3,4,7.0
ATH036,Atlas Stone Load,2025-10-22,203.8,3,4,8.3
ATH036,Barbell Row,2025-10-22,131.8,3,8,6.3
ATH036,Overhead Press,2025-10-22,92.4,5,5,8.6
ATH036,Deadlift,2025-10-24,199.8,5,3,9.0
ATH036,Log Press,2025-10-24,106.2,3,8,7.0
ATH036,Romanian Deadlift,2025-10-24,157.6,3,6,7.2
ATH036,Farmer's Walk,2025-10-26,199.8,3,25,8.8
ATH036,Front Squat,2025-10-26,132.5,3,6,7.2
ATH036,Overhead Press,2025-10-26,104.5,3,10,8.3
ATH036,Log Press,2025-10-29,123.0,4,8,8.0
ATH036,Overhead Press,2025-10-29,79.2,5,6,7.7
ATH036,Pull-ups,2025-10-29,8.5,3,8,7.2
ATH036,Atlas Stone Load,2025-10-31,209.8,4,2,8.9
ATH036,Barbell Row,2025-10-31,148.8,4,8,7.8
ATH036,Bench Press,2025-10-31,182.4,5,10,7.2
ATH036,Bench Press,2025-11-02,125.5,4,8,8.0
ATH036,Incline Bench Press,2025-11-02,98.6,3,8,7.8
ATH036,Sandbag Carry,2025-11-02,171.6,4,22,8.8
ATH036,Barbell Row,2025-11-05,119.5,4,6,6.6
ATH036,Farmer's Walk,2025-11-05,220.4,4,18,9.2
ATH036,Squat,2025-11-05,221.0,4,5,7.9
ATH036,Atlas Stone Load,2025-11-07,189.0,3,3,8.4
ATH036,Overhead Press,2025-11-07,115.8,3,6,7.8
ATH036,Romanian Deadlift,2025-11-07,191.9,3,8,8.0
ATH036,Deadlift,2025-11-09,268.0,5,3,8.1
ATH036,Farmer's Walk,2025-11-09,194.8,3,12,9.2
ATH036,Incline Bench Press,2025-11-09,103.6,4,10,7.6
ATH036,Barbell Row,2025-11-12,149.1,4,12,7.6
ATH036,Farmer's Walk,2025-11-12,181.4,4,20,6.3
ATH036,Squat,2025-11-12,217.2,5,4,7.1
ATH036,Farmer's Walk,2025-11-14,186.2,4,20,5.8
ATH036,Romanian Deadlift,2025-11-14,179.5,3,8,6.7
ATH036,Squat,2025-11-14,164.2,4,3,7.0
ATH036,Farmer's Walk,2025-11-16,189.9,3,18,5.6
ATH036,Front Squat,2025-11-16,150.4,3,6,6.7
ATH036,Squat,2025-11-16,163.9,4,3,5.5
ATH036,Pull-ups,2025-11-19,27.6,3,10,6.7
ATH036,Squat,2025-11-19,154.5,3,5,7.8
ATH036,Yoke Walk,2025-11-19,370.2,4,15,6.5
ATH036,Log Press,2025-11-21,113.0,3,5,8.9
ATH036,Overhead Press,2025-11-21,91.4,5,6,6.8
ATH036,Pull-ups,2025-11-21,31.4,3,12,8.1
ATH036,Log Press,2025-11-23,107.1,4,3,6.9
ATH036,Overhead Press,2025-11-23,121.7,5,8,8.1
ATH036,Romanian Deadlift,2025-11-23,223.7,3,12,7.9
ATH036,Bench Press,2025-11-26,172.3,5,10,8.0
ATH036,Romanian Deadlift,2025-11-26,216.6,4,6,7.5
ATH036,Sandbag Carry,2025-11-26,185.8,3,20,8.8
ATH036,Deadlift,2025-11-28,220.7,3,6,8.4
ATH036,Farmer's Walk,2025-11-28,201.7,3,10,7.8
ATH036,Front Squat,2025-11-28,169.0,4,12,6.6
ATH036,Deadlift,2025-11-30,261.5,5,4,8.6
ATH036,Incline Bench Press,2025-11-30,111.9,4,6,7.5
ATH036,Yoke Walk,2025-11-30,358.2,3,30,7.5
ATH036,Atlas Stone Load,2025-12-03,169.8,3,3,8.3
ATH036,Bench Press,2025-12-03,162.3,3,8,6.9
ATH036,Romanian Deadlift,2025-12-03,220.7,3,12,6.0
ATH036,Incline Bench Press,2025-12-05,115.5,4,12,7.0
ATH036,Squat,2025-12-05,175.1,5,6,9.1
ATH036,Yoke Walk,2025-12-05,383.9,4,10,8.4
ATH036,Atlas Stone Load,2025-12-07,198.7,4,2,8.9
ATH036,Pull-ups,2025-12-07,22.3,4,10,6.6
ATH036,Squat,2025-12-07,225.2,5,5,8.9
ATH036,Front Squat,2025-12-10,162.1,3,8,6.7
ATH036,Squat,2025-12-10,206.6,3,5,7.9
ATH036,Yoke Walk,2025-12-10,378.8,4,18,7.1
ATH036,Farmer's Walk,2025-12-12,161.3,3,25,7.0
ATH036,Front Squat,2025-12-12,155.8,4,12,8.7
ATH036,Overhead Press,2025-12-12,93.3,5,8,7.9
ATH036,Bench Press,2025-12-14,159.4,3,8,7.6
ATH036,Pull-ups,2025-12-14,16.1,3,8,7.9
ATH036,Sandbag Carry,2025-12-14,209.4,3,20,7.2
ATH036,Barbell Row,2025-12-17,136.1,4,6,6.8
ATH036,Deadlift,2025-12-17,255.4,3,3,8.8
ATH036,Log Press,2025-12-17,136.8,4,5,9.2
ATH036,Atlas Stone Load,2025-12-19,182.7,4,2,7.8
ATH036,Bench Press,2025-12-19,164.4,3,5,6.5
ATH036,Incline Bench Press,2025-12-19,126.9,3,12,8.3
ATH036,Bench Press,2025-12-21,146.6,5,6,7.7
ATH036,Romanian Deadlift,2025-12-21,161.0,3,6,8.6
ATH036,Yoke Walk,2025-12-21,416.7,3,15,8.6
ATH037,Atlas Stone Load,2025-10-01,152.9,4,5,8.4
ATH037,Deadlift,2025-10-01,261.0,3,3,8.7
ATH037,Front Squat,2025-10-01,131.1,4,6,8.0
ATH037,Atlas Stone Load,2025-10-03,200.9,3,2,8.1
ATH037,Bench Press,2025-10-03,118.7,5,5,6.7
ATH037,Incline Bench Press,2025-10-03,121.4,4,6,8.5
ATH037,Bench Press,2025-10-05,157.2,3,6,8.8
ATH037,Farmer's Walk,2025-10-05,214.9,3,25,7.3
ATH037,Romanian Deadlift,2025-10-05,178.1,4,6,8.4
ATH037,Barbell Row,2025-10-08,116.0,3,6,7.2
ATH037,Squat,2025-10-08,179.3,3,4,7.8
ATH037,Yoke Walk,2025-10-08,400.6,3,25,8.0
ATH037,Farmer's Walk,2025-10-10,184.0,4,22,7.8
ATH037,Overhead Press,2025-10-10,84.8,3,10,8.5
ATH037,Pull-ups,2025-10-10,9.2,4,12,8.0
ATH037,Atlas Stone Load,2025-10-12,170.0,3,5,9.3
ATH037,Barbell Row,2025-10-12,117.0,4,10,7.4
ATH037,Overhead Press,2025-10-12,114.6,4,6,8.6
ATH037,Deadlift,2025-10-15,265.1,3,3,8.8
ATH037,Farmer's Walk,2025-10-15,173.3,3,20,8.0
ATH037,Front Squat,2025-10-15,133.0,3,10,6.6
ATH037,Barbell Row,2025-10-17,140.9,4,10,6.5
ATH037,Log Press,2025-10-17,142.2,3,6,6.8
ATH037,Overhead Press,2025-10-17,112.5,3,5,9.0
ATH037,Deadlift,2025-10-19,200.3,3,4,6.7
ATH037,Incline Bench Press,2025-10-19,113.6,3,6,8.7
ATH037,Sandbag Carry,2025-10-19,193.4,3,18,7.1
ATH037,Atlas Stone Load,2025-10-22,192.1,4,2,9.3
ATH037,Deadlift,2025-10-22,239.9,5,4,7.2
ATH037,Incline Bench Press,2025-10-22,123.0,4,12,8.8
ATH037,Farmer's Walk,2025-10-24,218.8,4,22,9.2
ATH037,Romanian Deadlift,2025-10-24,213.7,4,8,6.2
ATH037,Squat,2025-10-24,174.7,3,6,7.3
ATH037,Incline Bench Press,2025-10-26,104.4,4,6,6.9
ATH037,Log Press,2025-10-26,109.9,4,5,9.3
ATH037,Squat,2025-10-26,164.7,4,6,8.1
ATH037,Farmer's Walk,2025-10-29,203.1,4,18,8.0
ATH037,Romanian Deadlift,2025-10-29,168.2,4,12,8.2
ATH037,Squat,2025-10-29,151.8,5,3,9.1
ATH037,Log Press,2025-10-31,111.0,3,6,8.0
ATH037,Romanian Deadlift,2025-10-31,205.1,4,8,6.1
ATH037,Squat,2025-10-31,170.7,5,6,8.6
ATH037,Bench Press,2025-11-02,122.6,3,5,8.2
ATH037,Farmer's Walk,2025-11-02,211.7,3,15,8.6
ATH037,Romanian Deadlift,2025-11-02,170.5,4,6,6.6
ATH037,Bench Press,2025-11-05,188.3,4,5,7.8
ATH037,Pull-ups,2025-11-05,37.9,3,6,8.2
ATH037,Yoke Walk,2025-11-05,436.9,4,30,6.8
ATH037,Atlas Stone Load,2025-11-07,161.8,3,5,8.1
ATH037,Barbell Row,2025-11-07,127.3,3,8,6.6
ATH037,Overhead Press,2025-11-07,92.0,4,8,6.2
ATH037,Deadlift,2025-11-09,254.4,5,6,7.3
ATH037,Farmer's Walk,2025-11-09,189.7,3,20,8.0
ATH037,Pull-ups,2025-11-09,24.1,3,8,6.6
ATH037,Log Press,2025-11-12,108.7,3,3,6.0
ATH037,Overhead Press,2025-11-12,115.7,5,8,7.4
ATH037,Romanian Deadlift,2025-11-12,190.3,4,6,5.5
ATH037,Overhead Press,2025-11-14,78.1,4,8,7.0
ATH037,Romanian Deadlift,2025-11-14,199.5,4,6,7.0
ATH037,Sandbag Carry,2025-11-14,198.3,3,10,7.4
ATH037,Barbell Row,2025-11-16,112.9,3,8,6.3
ATH037,Sandbag Carry,2025-11-16,191.1,3,12,5.5
ATH037,Squat,2025-11-16,169.7,4,5,7.3
ATH037,Front Squat,2025-11-19,145.7,4,12,6.4
ATH037,Sandbag Carry,2025-11-19,177.7,3,25,7.3
ATH037,Squat,2025-11-19,188.1,3,5,9.0
ATH037,Front Squat,2025-11-21,140.0,4,8,8.5
ATH037,Sandbag Carry,2025-11-21,185.2,3,12,6.9
ATH037,Squat,2025-11-21,148.1,4,4,8.5
ATH037,Farmer's Walk,2025-11-23,190.0,3,18,8.3
ATH037,Incline Bench Press,2025-11-23,109.6,3,12,6.4
ATH037,Overhead Press,2025-11-23,80.5,4,6,7.2
ATH037,Deadlift,2025-11-26,210.1,4,3,8.2
ATH037,Incline Bench Press,2025-11-26,108.3,4,10,6.2
ATH037,Log Press,2025-11-26,117.1,3,3,6.5
ATH037,Romanian Deadlift,2025-11-28,189.4,3,6,6.8
ATH037,Squat,2025-11-28,216.5,3,4,7.2
ATH037,Yoke Walk,2025-11-28,364.6,4,30,7.4
ATH037,Bench Press,2025-11-30,130.6,3,8,7.8
ATH037,Incline Bench Press,2025-11-30,115.2,3,12,7.8
ATH037,Log Press,2025-11-30,113.0,4,8,6.9
ATH037,Barbell Row,2025-12-03,151.3,4,12,6.1
ATH037,Bench Press,2025-12-03,141.8,3,5,7.9
ATH037,Farmer's Walk,2025-12-03,198.6,3,25,8.4
ATH037,Barbell Row,2025-12-05,132.1,4,8,8.5
ATH037,Deadlift,2025-12-05,250.5,4,6,8.0
ATH037,Farmer's Walk,2025-12-05,160.8,4,22,8.2
ATH037,Farmer's Walk,2025-12-07,155.0,4,26,8.9
ATH037,Pull-ups,2025-12-07,15.9,3,8,7.8
ATH037,Squat,2025-12-07,154.1,3,6,7.3
ATH037,Atlas Stone Load,2025-12-10,167.0,4,3,8.5
ATH037,Deadlift,2025-12-10,261.0,4,4,6.9
ATH037,Incline Bench Press,2025-12-10,100.7,4,6,8.4
ATH037,Atlas Stone Load,2025-12-12,162.9,3,3,8.9
ATH037,Overhead Press,2025-12-12,107.9,3,10,6.5
ATH037,Romanian Deadlift,2025-12-12,227.7,4,6,7.1
ATH037,Deadlift,2025-12-14,199.5,3,6,7.0
ATH037,Incline Bench Press,2025-12-14,130.0,4,8,7.6
ATH037,Sandbag Carry,2025-12-14,194.3,4,30,7.3
ATH037,Deadlift,2025-12-17,241.9,5,6,7.8
ATH037,Farmer's Walk,2025-12-17,220.8,3,15,8.4
ATH037,Incline Bench Press,2025-12-17,131.7,4,6,8.8
ATH037,Atlas Stone Load,2025-12-19,186.7,4,4,9.1
ATH037,Bench Press,2025-12-19,176.0,3,10,7.2
ATH037,Romanian Deadlift,2025-12-19,211.3,3,6,8.0
ATH037,Front Squat,2025-12-21,140.7,3,8,8.2
ATH037,Overhead Press,2025-12-21,104.0,5,6,8.8
ATH037,Sandbag Carry,2025-12-21,189.2,4,22,6.8
ATH038,Bench Press,2025-10-01,165.0,5,6,8.1
ATH038,Romanian Deadlift,2025-10-01,165.5,3,12,6.2
ATH038,Sandbag Carry,2025-10-01,190.7,4,20,9.2
ATH038,Atlas Stone Load,2025-10-03,141.1,3,4,9.3
ATH038,Bench Press,2025-10-03,128.5,5,5,8.9
ATH038,Front Squat,2025-10-03,166.5,4,8,6.7
ATH038,Bench Press,2025-10-05,110.1,5,10,7.8
ATH038,Log Press,2025-10-05,136.8,3,6,6.9
ATH038,Pull-ups,2025-10-05,23.4,4,8,7.4
ATH038,Atlas Stone Load,2025-10-08,141.8,4,4,7.1
ATH038,Front Squat,2025-10-08,156.7,4,8,8.8
ATH038,Squat,2025-10-08,144.3,5,6,7.7
ATH038,Barbell Row,2025-10-10,109.6,4,8,8.7
ATH038,Farmer's Walk,2025-10-10,208.0,3,25,9.1
ATH038,Squat,2025-10-10,177.7,5,6,8.1
ATH038,Romanian Deadlift,2025-10-12,211.2,4,10,6.6
ATH038,Sandbag Carry,2025-10-12,181.5,3,25,8.4
ATH038,Squat,2025-10-12,186.6,5,3,8.2
ATH038,Barbell Row,2025-10-15,130.9,3,10,7.8
ATH038,Overhead Press,2025-10-15,97.1,5,5,6.5
ATH038,Sandbag Carry,2025-10-15,174.9,3,20,6.6
ATH038,Atlas Stone Load,2025-10-17,140.6,4,5,8.0
ATH038,Bench Press,2025-10-17,164.8,3,5,8.6
ATH038,Incline Bench Press,2025-10-17,91.3,4,12,7.9
ATH038,Deadlift,2025-10-19,224.8,4,3,6.7
ATH038,Log Press,2025-10-19,113.2,3,5,9.1
ATH038,Romanian Deadlift,2025-10-19,148.3,4,10,7.4
ATH038,Barbell Row,2025-10-22,140.9,3,8,6.4
ATH038,Bench Press,2025-10-22,167.7,3,5,6.1
ATH038,Sandbag Carry,2025-10-22,175.0,3,18,8.4
ATH038,Bench Press,2025-10-24,134.4,4,10,6.4
ATH038,Front Squat,2025-10-24,125.2,3,8,8.7
ATH038,Yoke Walk,2025-10-24,406.9,4,10,8.2
ATH038,Pull-ups,2025-10-26,35.0,3,6,8.2
ATH038,Squat,2025-10-26,146.4,5,5,8.7
ATH038,Yoke Walk,2025-10-26,431.1,3,12,6.5
ATH038,Atlas Stone Load,2025-10-29,159.1,4,2,7.6
ATH038,Overhead Press,2025-10-29,104.0,4,8,7.4
ATH038,Pull-ups,2025-10-29,35.0,4,8,6.6
ATH038,Atlas Stone Load,2025-10-31,151.1,3,5,8.9
ATH038,Front Squat,2025-10-31,179.7,3,10,6.6
ATH038,Overhead Press,2025-10-31,106.3,4,5,6.2
ATH038,Deadlift,2025-11-02,190.3,4,3,7.0
ATH038,Romanian Deadlift,2025-11-02,174.0,3,12,6.3
ATH038,Yoke Walk,2025-11-02,372.2,3,15,8.0
ATH038,Bench Press,2025-11-05,114.3,4,8,8.1
ATH038,Farmer's Walk,2025-11-05,172.8,3,26,6.9
ATH038,Incline Bench Press,2025-11-05,102.1,4,8,7.0
ATH038,Farmer's Walk,2025-11-07,201.9,3,15,8.5
ATH038,Incline Bench Press,2025-11-07,85.5,4,6,7.6
ATH038,Overhead Press,2025-11-07,109.4,4,6,8.1
ATH038,Deadlift,2025-11-09,242.5,3,3,6.6
ATH038,Pull-ups,2025-11-09,24.8,4,8,6.0
ATH038,Yoke Walk,2025-11-09,351.2,4,18,7.8
ATH038,Bench Press,2025-11-12,164.8,5,5,5.7
ATH038,Pull-ups,2025-11-12,10.9,3,12,7.1
ATH038,Sandbag Carry,2025-11-12,153.1,3,25,5.5
ATH038,Deadlift,2025-11-14,240.7,3,6,6.4
ATH038,Farmer's Walk,2025-11-14,209.4,3,10,6.8
ATH038,Pull-ups,2025-11-14,17.5,3,6,6.4
ATH038,Incline Bench Press,2025-11-16,108.9,4,12,7.5
ATH038,Overhead Press,2025-11-16,103.7,5,8,5.5
ATH038,Sandbag Carry,2025-11-16,138.2,4,25,6.6
ATH038,Bench Press,2025-11-19,154.1,5,8,8.0
ATH038,Pull-ups,2025-11-19,9.9,3,10,7.0
ATH038,Yoke Walk,2025-11-19,420.8,3,12,9.0
ATH038,Farmer's Walk,2025-11-21,208.2,4,22,8.4
ATH038,Incline Bench Press,2025-11-21,112.7,4,10,8.6
ATH038,Squat,2025-11-21,185.1,4,6,9.1
ATH038,Barbell Row,2025-11-23,154.8,3,12,8.5
ATH038,Overhead Press,2025-11-23,109.0,4,10,6.1
ATH038,Sandbag Carry,2025-11-23,170.3,3,26,8.7
ATH038,Bench Press,2025-11-26,143.1,4,5,7.8
ATH038,Log Press,2025-11-26,125.9,3,8,8.1
ATH038,Romanian Deadlift,2025-11-26,204.8,3,10,7.5
ATH038,Incline Bench Press,2025-11-28,93.3,3,6,6.0
ATH038,Log Press,2025-11-28,138.4,3,3,7.3
ATH038,Squat,2025-11-28,209.5,4,4,7.8
ATH038,Deadlift,2025-11-30,253.4,5,3,6.7
ATH038,Incline Bench Press,2025-11-30,113.1,4,10,8.1
ATH038,Sandbag Carry,2025-11-30,150.9,3,18,6.8
ATH038,Pull-ups,2025-12-03,35.0,3,10,6.8
ATH038,Sandbag Carry,2025-12-03,191.3,4,18,8.2
ATH038,Squat,2025-12-03,190.5,3,3,7.9
ATH038,Barbell Row,2025-12-05,162.4,3,8,6.4
ATH038,Bench Press,2025-12-05,132.5,3,8,6.8
ATH038,Farmer's Walk,2025-12-05,200.1,3,30,7.2
ATH038,Romanian Deadlift,2025-12-07,183.3,4,8,8.6
ATH038,Sandbag Carry,2025-12-07,153.5,4,22,8.6
ATH038,Squat,2025-12-07,159.7,4,3,6.6
ATH038,Front Squat,2025-12-10,133.8,4,8,6.3
ATH038,Overhead Press,2025-12-10,101.8,5,6,6.3
ATH038,Sandbag Carry,2025-12-10,183.3,4,26,8.1
ATH038,Log Press,2025-12-12,133.8,3,5,6.7
ATH038,Romanian Deadlift,2025-12-12,194.9,3,12,8.5
ATH038,Squat,2025-12-12,207.2,4,4,8.6
ATH038,Pull-ups,2025-12-14,32.9,3,12,6.8
ATH038,Sandbag Carry,2025-12-14,164.9,3,10,6.6
ATH038,Squat,2025-12-14,162.8,3,6,9.1
ATH038,Barbell Row,2025-12-17,132.0,3,8,7.9
ATH038,Sandbag Carry,2025-12-17,174.9,4,22,6.9
ATH038,Squat,2025-12-17,148.3,3,4,8.3
ATH038,Deadlift,2025-12-19,185.5,4,5,9.1
ATH038,Incline Bench Press,2025-12-19,120.2,4,8,7.5
ATH038,Yoke Walk,2025-12-19,428.1,3,20,6.8
ATH038,Farmer's Walk,2025-12-21,197.2,3,30,6.8
ATH038,Overhead Press,2025-12-21,75.4,4,5,7.8
ATH038,Pull-ups,2025-12-21,28.2,4,8,8.3
ATH039,Front Squat,2025-10-01,128.9,3,10,6.1
ATH039,Overhead Press,2025-10-01,104.5,5,10,7.9
ATH039,Yoke Walk,2025-10-01,380.3,4,10,8.8
ATH039,Log Press,2025-10-03,123.7,3,6,7.9
ATH039,Romanian Deadlift,2025-10-03,165.1,3,6,6.6
ATH039,Squat,2025-10-03,188.7,4,4,8.9
ATH039,Log Press,2025-10-05,118.4,3,5,8.5
ATH039,Overhead Press,2025-10-05,100.1,5,6,6.5
ATH039,Romanian Deadlift,2025-10-05,196.3,3,12,8.2
ATH039,Bench Press,2025-10-08,154.1,3,10,6.2
ATH039,Romanian Deadlift,2025-10-08,197.0,4,12,8.6
ATH039,Yoke Walk,2025-10-08,363.8,3,15,7.6
ATH039,Bench Press,2025-10-10,158.4,5,5,7.1
ATH039,Romanian Deadlift,2025-10-10,175.9,4,12,6.6
ATH039,Yoke Walk,2025-10-10,355.3,4,10,7.2
ATH039,Incline Bench Press,2025-10-12,117.3,4,6,6.3
ATH039,Sandbag Carry,2025-10-12,141.9,3,10,7.4
ATH039,Squat,2025-10-12,154.3,5,5,7.1
ATH039,Front Squat,2025-10-15,168.3,3,8,6.4
ATH039,Log Press,2025-10-15,129.9,3,6,7.1
ATH039,Overhead Press,2025-10-15,84.8,5,5,7.9
ATH039,Front Squat,2025-10-17,134.2,4,6,6.8
ATH039,Overhead Press,2025-10-17,89.2,5,6,6.0
ATH039,Sandbag Carry,2025-10-17,160.2,4,22,7.9
ATH039,Barbell Row,2025-10-19,132.6,4,6,7.4
ATH039,Deadlift,2025-10-19,255.3,4,3,7.5
ATH039,Log Press,2025-10-19,132.4,4,3,8.0
ATH039,Front Squat,2025-10-22,162.3,4,10,8.8
ATH039,Sandbag Carry,2025-10-22,181.7,4,15,8.1
ATH039,Squat,2025-10-22,193.7,3,4,6.6
ATH039,Atlas Stone Load,2025-10-24,141.6,3,3,8.2
ATH039,Bench Press,2025-10-24,112.1,3,10,7.5
ATH039,Romanian Deadlift,2025-10-24,143.6,4,12,7.0
ATH039,Atlas Stone Load,2025-10-26,170.8,4,2,8.4
ATH039,Pull-ups,2025-10-26,17.6,4,12,6.1
ATH039,Squat,2025-10-26,149.5,3,5,6.9
ATH039,Deadlift,2025-10-29,225.7,4,4,8.6
ATH039,Front Squat,2025-10-29,165.0,3,12,6.0
ATH039,Sandbag Carry,2025-10-29,163.7,3,26,9.1
ATH039,Bench Press,2025-10-31,129.5,5,5,6.8
ATH039,Farmer's Walk,2025-10-31,192.4,3,20,7.9
ATH039,Romanian Deadlift,2025-10-31,198.3,3,8,8.6
ATH039,Bench Press,2025-11-02,159.4,5,5,8.9
ATH039,Front Squat,2025-11-02,132.6,4,8,7.5
ATH039,Log Press,2025-11-02,123.9,3,3,7.0
ATH039,Front Squat,2025-11-05,155.0,4,8,8.3
ATH039,Log Press,2025-11-05,106.0,4,3,8.4
ATH039,Overhead Press,2025-11-05,97.4,5,5,7.9
ATH039,Farmer's Walk,2025-11-07,221.2,4,30,9.1
ATH039,Incline Bench Press,2025-11-07,93.4,4,10,6.9
ATH039,Overhead Press,2025-11-07,86.7,3,6,8.3
ATH039,Barbell Row,2025-11-09,149.0,4,10,7.9
ATH039,Bench Press,2025-11-09,172.4,4,8,6.0
ATH039,Farmer's Walk,2025-11-09,172.7,3,20,7.9
ATH039,Atlas Stone Load,2025-11-12,166.4,3,5,6.8
ATH039,Bench Press,2025-11-12,162.5,5,5,5.5
ATH039,Incline Bench Press,2025-11-12,105.6,3,10,6.5
ATH039,Atlas Stone Load,2025-11-14,177.1,3,4,7.5
ATH039,Incline Bench Press,2025-11-14,95.7,4,10,7.3
ATH039,Overhead Press,2025-11-14,92.2,5,6,7.4
ATH039,Atlas Stone Load,2025-11-16,164.7,3,5,8.3
ATH039,Deadlift,2025-11-16,241.3,4,3,6.1
ATH039,Romanian Deadlift,2025-11-16,155.1,3,6,5.7
ATH039,Atlas Stone Load,2025-11-19,190.2,4,4,7.4
ATH039,Front Squat,2025-11-19,142.1,3,8,7.9
ATH039,Squat,2025-11-19,196.3,5,6,8.7
ATH039,Barbell Row,2025-11-21,108.7,4,10,8.8
ATH039,Sandbag Carry,2025-11-21,187.8,3,18,6.7
ATH039,Squat,2025-11-21,189.5,3,3,7.0
ATH039,Bench Press,2025-11-23,115.7,5,5,8.7
ATH039,Farmer's Walk,2025-11-23,146.0,4,26,9.0
ATH039,Pull-ups,2025-11-23,11.6,3,10,6.3
ATH039,Atlas Stone Load,2025-11-26,165.0,3,3,9.4
ATH039,Incline Bench Press,2025-11-26,109.0,4,12,7.9
ATH039,Overhead Press,2025-11-26,104.5,3,10,7.7
ATH039,Barbell Row,2025-11-28,113.3,4,8,8.0
ATH039,Bench Press,2025-11-28,154.2,5,5,8.7
ATH039,Yoke Walk,2025-11-28,410.7,4,18,7.0
ATH039,Bench Press,2025-11-30,108.5,5,8,8.9
ATH039,Romanian Deadlift,2025-11-30,157.3,3,10,8.5
ATH039,Sandbag Carry,2025-11-30,185.5,4,20,8.9
ATH039,Deadlift,2025-12-03,216.1,3,3,8.1
ATH039,Farmer's Walk,2025-12-03,156.8,4,26,8.4
ATH039,Front Squat,2025-12-03,139.0,4,12,8.3
ATH039,Atlas Stone Load,2025-12-05,170.6,3,5,7.9
ATH039,Romanian Deadlift,2025-12-05,188.4,4,6,6.6
ATH039,Squat,2025-12-05,208.7,3,5,8.9
ATH039,Farmer's Walk,2025-12-07,150.7,4,12,7.0
ATH039,Incline Bench Press,2025-12-07,84.9,4,8,6.4
ATH039,Overhead Press,2025-12-07,92.4,5,8,8.0
ATH039,Deadlift,2025-12-10,202.5,3,4,9.2
ATH039,Log Press,2025-12-10,124.9,3,6,7.4
ATH039,Romanian Deadlift,2025-12-10,184.1,3,8,6.6
ATH039,Atlas Stone Load,2025-12-12,167.9,3,3,8.5
ATH039,Overhead Press,2025-12-12,92.6,3,5,7.0
ATH039,Romanian Deadlift,2025-12-12,184.3,4,12,7.9
ATH039,Atlas Stone Load,2025-12-14,175.0,4,5,8.2
ATH039,Deadlift,2025-12-14,217.0,4,3,7.9
ATH039,Incline Bench Press,2025-12-14,89.2,4,10,6.7
ATH039,Overhead Press,2025-12-17,74.1,4,5,8.5
ATH039,Romanian Deadlift,2025-12-17,147.9,3,10,7.7
ATH039,Sandbag Carry,2025-12-17,191.1,3,18,7.7
ATH039,Bench Press,2025-12-19,163.5,4,10,8.7
ATH039,Log Press,2025-12-19,131.1,4,5,8.7
ATH039,Romanian Deadlift,2025-12-19,160.5,4,8,7.8
ATH039,Bench Press,2025-12-21,113.7,4,10,8.3
ATH039,Farmer's Walk,2025-12-21,153.9,3,30,8.9
ATH039,Incline Bench Press,2025-12-21,118.9,4,12,8.6
ATH040,Deadlift,2025-10-01,286.9,4,6,7.5
ATH040,Incline Bench Press,2025-10-01,108.1,3,10,7.7
ATH040,Log Press,2025-10-01,133.1,3,3,7.6
ATH040,Atlas Stone Load,2025-10-03,186.5,4,3,9.1
ATH040,Barbell Row,2025-10-03,119.1,3,6,8.5
ATH040,Bench Press,2025-10-03,146.4,3,8,6.7
ATH040,Barbell Row,2025-10-05,161.5,4,8,6.8
ATH040,Deadlift,2025-10-05,266.1,4,6,8.6
ATH040,Yoke Walk,2025-10-05,394.3,3,15,7.2
ATH040,Front Squat,2025-10-08,185.0,3,8,7.9
ATH040,Overhead Press,2025-10-08,115.8,4,6,7.3
ATH040,Sandbag Carry,2025-10-08,176.1,4,22,8.0
ATH040,Atlas Stone Load,2025-10-10,171.7,4,4,9.2
ATH040,Romanian Deadlift,2025-10-10,195.2,4,12,6.3
ATH040,Squat,2025-10-10,150.8,5,5,8.7
ATH040,Deadlift,2025-10-12,231.6,3,6,8.6
ATH040,Front Squat,2025-10-12,156.8,4,6,6.5
ATH040,Log Press,2025-10-12,125.0,3,6,9.0
ATH040,Barbell Row,2025-10-15,148.1,3,12,7.0
ATH040,Farmer's Walk,2025-10-15,164.0,3,22,6.7
ATH040,Overhead Press,2025-10-15,98.7,5,5,8.8
ATH040,Overhead Press,2025-10-17,84.3,4,10,6.2
ATH040,Pull-ups,2025-10-17,21.2,4,6,7.9
ATH040,Sandbag Carry,2025-10-17,188.6,4,18,8.3
ATH040,Barbell Row,2025-10-19,148.9,3,12,7.5
ATH040,Sandbag Carry,2025-10-19,203.6,3,30,8.3
ATH040,Squat,2025-10-19,183.0,4,6,9.2
ATH040,Incline Bench Press,2025-10-22,106.2,4,6,8.7
ATH040,Log Press,2025-10-22,105.7,3,3,8.3
ATH040,Overhead Press,2025-10-22,87.3,5,6,6.6
ATH040,Bench Press,2025-10-24,132.4,3,10,6.9
ATH040,Front Squat,2025-10-24,158.7,3,6,6.8
ATH040,Log Press,2025-10-24,141.5,4,3,7.7
ATH040,Bench Press,2025-10-26,137.6,4,10,7.3
ATH040,Log Press,2025-10-26,108.4,3,3,9.2
ATH040,Pull-ups,2025-10-26,11.9,4,12,7.3
ATH040,Atlas Stone Load,2025-10-29,164.0,4,4,7.7
ATH040,Deadlift,2025-10-29,199.4,4,6,6.7
ATH040,Incline Bench Press,2025-10-29,112.8,4,10,6.0
ATH040,Front Squat,2025-10-31,132.5,4,8,6.2
ATH040,Sandbag Carry,2025-10-31,201.4,4,12,7.7
ATH040,Squat,2025-10-31,164.6,4,6,7.2
ATH040,Incline Bench Press,2025-11-02,120.9,4,8,6.1
ATH040,Sandbag Carry,2025-11-02,192.6,3,26,7.4
ATH040,Squat,2025-11-02,220.8,3,5,6.6
ATH040,Atlas Stone Load,2025-11-05,168.0,4,3,8.6
ATH040,Bench Press,2025-11-05,171.8,4,10,7.4
ATH040,Front Squat,2025-11-05,152.5,4,10,6.9
ATH040,Log Press,2025-11-07,134.9,4,3,6.6
ATH040,Overhead Press,2025-11-07,123.4,3,6,7.6
ATH040,Pull-ups,2025-11-07,26.8,4,6,7.7
ATH040,Atlas Stone Load,2025-11-09,198.3,4,3,7.7
ATH040,Barbell Row,2025-11-09,129.9,3,8,6.2
ATH040,Deadlift,2025-11-09,276.9,4,5,7.1
ATH040,Bench Press,2025-11-12,134.4,3,6,5.5
ATH040,Pull-ups,2025-11-12,16.9,3,10,6.3
ATH040,Sandbag Carry,2025-11-12,170.5,3,20,6.9
ATH040,Log Press,2025-11-14,120.8,3,3,6.9
ATH040,Pull-ups,2025-11-14,27.3,4,8,5.6
ATH040,Squat,2025-11-14,206.4,4,4,6.5
ATH040,Atlas Stone Load,2025-11-16,170.5,4,3,8.2
ATH040,Pull-ups,2025-11-16,12.1,4,8,5.5
ATH040,Squat,2025-11-16,168.9,3,4,5.5
ATH040,Deadlift,2025-11-19,272.9,4,4,9.1
ATH040,Incline Bench Press,2025-11-19,94.3,4,8,8.4
ATH040,Yoke Walk,2025-11-19,400.3,4,15,6.8
ATH040,Bench Press,2025-11-21,132.9,3,5,7.6
ATH040,Farmer's Walk,2025-11-21,180.9,4,26,7.3
ATH040,Romanian Deadlift,2025-11-21,156.2,4,8,7.3
ATH040,Bench Press,2025-11-23,183.3,3,6,7.6
ATH040,Log Press,2025-11-23,143.4,3,3,9.0
ATH040,Romanian Deadlift,2025-11-23,182.8,4,6,8.3
ATH040,Deadlift,2025-11-26,288.0,4,6,8.2
ATH040,Romanian Deadlift,2025-11-26,171.4,3,8,7.8
ATH040,Yoke Walk,2025-11-26,425.1,3,18,8.5
ATH040,Deadlift,2025-11-28,282.4,4,6,9.1
ATH040,Log Press,2025-11-28,139.4,4,8,8.1
ATH040,Pull-ups,2025-11-28,32.0,4,10,7.2
ATH040,Atlas Stone Load,2025-11-30,204.6,3,2,7.2
ATH040,Deadlift,2025-11-30,230.1,4,6,9.0
ATH040,Incline Bench Press,2025-11-30,115.4,4,8,7.7
ATH040,Log Press,2025-12-03,148.1,4,3,8.8
ATH040,Pull-ups,2025-12-03,18.0,3,12,6.8
ATH040,Squat,2025-12-03,199.7,5,6,8.5
ATH040,Bench Press,2025-12-05,125.2,4,6,9.0
ATH040,Pull-ups,2025-12-05,25.7,4,12,7.8
ATH040,Sandbag Carry,2025-12-05,158.1,4,30,8.7
ATH040,Atlas Stone Load,2025-12-07,199.5,4,4,8.4
ATH040,Deadlift,2025-12-07,223.5,5,6,7.0
ATH040,Front Squat,2025-12-07,148.0,3,6,6.4
ATH040,Front Squat,2025-12-10,191.0,3,12,7.3
ATH040,Log Press,2025-12-10,144.6,3,5,8.8
ATH040,Overhead Press,2025-12-10,104.2,4,10,6.1
ATH040,Bench Press,2025-12-12,155.2,4,10,9.0
ATH040,Farmer's Walk,2025-12-12,222.0,3,26,8.5
ATH040,Pull-ups,2025-12-12,23.5,3,12,6.8
ATH040,Incline Bench Press,2025-12-14,106.7,3,6,6.7
ATH040,Log Press,2025-12-14,139.9,3,3,7.0
ATH040,Squat,2025-12-14,215.4,3,5,7.6
ATH040,Atlas Stone Load,2025-12-17,197.9,4,2,7.2
ATH040,Overhead Press,2025-12-17,84.6,5,10,7.5
ATH040,Pull-ups,2025-12-17,40.9,4,10,7.2
ATH040,Farmer's Walk,2025-12-19,185.5,3,25,7.1
ATH040,Overhead Press,2025-12-19,84.2,5,5,8.8
ATH040,Pull-ups,2025-12-19,32.5,3,12,8.1
ATH040,Atlas Stone Load,2025-12-21,190.3,4,2,7.4
ATH040,Incline Bench Press,2025-12-21,123.2,4,6,7.9
ATH040,Overhead Press,2025-12-21,86.7,3,5,8.2
ATH041,Bench Press,2025-10-01,155.4,4,6,8.1
ATH041,Pull-ups,2025-10-01,22.6,3,6,6.9
ATH041,Yoke Walk,2025-10-01,393.1,4,12,8.9
ATH041,Atlas Stone Load,2025-10-03,178.4,4,5,9.1
ATH041,Barbell Row,2025-10-03,151.1,4,6,8.5
ATH041,Bench Press,2025-10-03,154.3,4,8,8.3
ATH041,Atlas Stone Load,2025-10-05,133.8,4,2,7.8
ATH041,Barbell Row,2025-10-05,119.6,4,8,7.3
ATH041,Deadlift,2025-10-05,194.7,3,5,9.2
ATH041,Atlas Stone Load,2025-10-08,187.2,4,3,8.6
ATH041,Bench Press,2025-10-08,168.9,3,5,6.1
ATH041,Pull-ups,2025-10-08,8.5,3,6,7.3
ATH041,Barbell Row,2025-10-10,121.0,4,12,6.3
ATH041,Log Press,2025-10-10,117.2,4,5,9.0
ATH041,Squat,2025-10-10,178.8,3,3,8.3
ATH041,Front Squat,2025-10-12,149.2,4,6,8.1
ATH041,Log Press,2025-10-12,127.7,3,5,6.7
ATH041,Overhead Press,2025-10-12,103.5,4,5,6.8
ATH041,Deadlift,2025-10-15,256.6,4,4,6.7
ATH041,Front Squat,2025-10-15,116.3,3,8,7.1
ATH041,Yoke Walk,2025-10-15,345.6,3,22,8.0
ATH041,Incline Bench Press,2025-10-17,116.8,3,8,7.7
ATH041,Sandbag Carry,2025-10-17,139.4,3,26,7.0
ATH041,Squat,2025-10-17,161.3,4,6,8.8
ATH041,Bench Press,2025-10-19,139.9,3,6,6.1
ATH041,Farmer's Walk,2025-10-19,207.6,3,25,8.8
ATH041,Front Squat,2025-10-19,124.0,4,8,8.2
ATH041,Farmer's Walk,2025-10-22,183.2,3,15,8.1
ATH041,Front Squat,2025-10-22,124.3,3,8,6.5
ATH041,Overhead Press,2025-10-22,107.3,3,8,6.4
ATH041,Deadlift,2025-10-24,253.3,4,3,7.8
ATH041,Farmer's Walk,2025-10-24,203.1,3,10,6.8
ATH041,Incline Bench Press,2025-10-24,111.0,4,8,8.4
ATH041,Front Squat,2025-10-26,127.1,4,12,6.5
ATH041,Squat,2025-10-26,209.6,4,5,7.7
ATH041,Yoke Walk,2025-10-26,333.8,3,22,7.7
ATH041,Barbell Row,2025-10-29,130.3,4,6,6.2
ATH041,Deadlift,2025-10-29,263.4,5,3,7.4
ATH041,Yoke Walk,2025-10-29,368.9,3,20,9.1
ATH041,Log Press,2025-10-31,103.3,4,8,7.0
ATH041,Overhead Press,2025-10-31,81.0,5,8,7.4
ATH041,Romanian Deadlift,2025-10-31,176.0,4,6,8.4
ATH041,Atlas Stone Load,2025-11-02,186.4,4,3,7.9
ATH041,Deadlift,2025-11-02,195.2,4,5,7.9
ATH041,Pull-ups,2025-11-02,12.4,3,10,8.1
ATH041,Farmer's Walk,2025-11-05,149.5,3,30,8.3
ATH041,Overhead Press,2025-11-05,95.1,4,10,7.2
ATH041,Romanian Deadlift,2025-11-05,164.3,3,8,7.2
ATH041,Farmer's Walk,2025-11-07,218.2,4,10,6.5
ATH041,Incline Bench Press,2025-11-07,81.9,4,12,7.7
ATH041,Overhead Press,2025-11-07,112.0,5,8,8.5
ATH041,Bench Press,2025-11-09,166.3,4,5,7.6
ATH041,Log Press,2025-11-09,123.7,3,6,7.9
ATH041,Romanian Deadlift,2025-11-09,176.8,4,8,8.7
ATH041,Barbell Row,2025-11-12,112.9,3,6,7.2
ATH041,Farmer's Walk,2025-11-12,201.8,4,18,6.2
ATH041,Overhead Press,2025-11-12,107.2,5,10,5.5
ATH041,Bench Press,2025-11-14,98.3,3,5,5.5
ATH041,Front Squat,2025-11-14,131.7,3,6,6.2
ATH041,Sandbag Carry,2025-11-14,172.8,4,25,5.9
ATH041,Farmer's Walk,2025-11-16,178.5,3,18,6.8
ATH041,Overhead Press,2025-11-16,91.2,5,10,7.3
ATH041,Romanian Deadlift,2025-11-16,156.4,4,12,7.8
ATH041,Log Press,2025-11-19,129.2,3,5,9.0
ATH041,Overhead Press,2025-11-19,107.9,5,6,6.7
ATH041,Romanian Deadlift,2025-11-19,168.0,3,8,7.5
ATH041,Bench Press,2025-11-21,180.2,4,10,6.6
ATH041,Pull-ups,2025-11-21,17.1,3,10,6.4
ATH041,Yoke Walk,2025-11-21,342.4,3,12,8.4
ATH041,Front Squat,2025-11-23,169.3,4,6,7.6
ATH041,Squat,2025-11-23,159.4,3,3,8.3
ATH041,Yoke Walk,2025-11-23,405.1,3,20,8.3
ATH041,Atlas Stone Load,2025-11-26,188.1,3,4,8.0
ATH041,Bench Press,2025-11-26,116.8,3,10,6.1
ATH041,Romanian Deadlift,2025-11-26,190.8,3,8,8.5
ATH041,Incline Bench Press,2025-11-28,113.6,4,12,8.4
ATH041,Sandbag Carry,2025-11-28,194.0,3,12,7.0
ATH041,Squat,2025-11-28,152.1,4,4,7.5
ATH041,Front Squat,2025-11-30,161.0,3,10,7.0
ATH041,Overhead Press,2025-11-30,105.8,5,8,6.5
ATH041,Sandbag Carry,2025-11-30,193.2,3,20,8.9
ATH041,Pull-ups,2025-12-03,37.0,3,6,8.3
ATH041,Sandbag Carry,2025-12-03,148.6,4,12,9.0
ATH041,Squat,2025-12-03,211.1,5,3,6.6
ATH041,Barbell Row,2025-12-05,138.2,4,6,7.8
ATH041,Overhead Press,2025-12-05,94.6,4,6,6.5
ATH041,Yoke Walk,2025-12-05,321.6,4,18,7.2
ATH041,Incline Bench Press,2025-12-07,94.3,3,12,7.0
ATH041,Sandbag Carry,2025-12-07,175.1,3,10,7.0
ATH041,Squat,2025-12-07,205.8,3,3,8.7
ATH041,Pull-ups,2025-12-10,20.7,4,10,7.3
ATH041,Sandbag Carry,2025-12-10,156.9,4,25,8.0
ATH041,Squat,2025-12-10,137.2,4,3,6.9
ATH041,Barbell Row,2025-12-12,139.4,3,6,7.5
ATH041,Log Press,2025-12-12,105.1,4,3,6.6
ATH041,Squat,2025-12-12,205.3,5,6,7.4
ATH041,Farmer's Walk,2025-12-14,197.0,3,26,6.6
ATH041,Front Squat,2025-12-14,127.1,4,6,7.2
ATH041,Squat,2025-12-14,153.1,3,3,8.2
ATH041,Barbell Row,2025-12-17,115.8,3,8,6.1
ATH041,Deadlift,2025-12-17,250.2,4,6,9.1
ATH041,Yoke Walk,2025-12-17,332.9,3,12,9.1
ATH041,Front Squat,2025-12-19,134.9,3,8,7.0
ATH041,Squat,2025-12-19,175.2,5,4,7.8
ATH041,Yoke Walk,2025-12-19,389.1,3,12,8.9
ATH041,Bench Press,2025-12-21,125.7,4,8,6.6
ATH041,Front Squat,2025-12-21,162.5,4,8,6.7
ATH041,Log Press,2025-12-21,134.8,4,3,7.0
ATH042,Bench Press,2025-10-01,163.0,5,6,8.8
ATH042,Front Squat,2025-10-01,202.6,3,8,6.1
ATH042,Yoke Walk,2025-10-01,415.6,3,15,8.7
ATH042,Overhead Press,2025-10-03,137.3,4,6,6.7
ATH042,Pull-ups,2025-10-03,31.4,3,12,8.0
ATH042,Yoke Walk,2025-10-03,419.7,3,22,7.0
ATH042,Log Press,2025-10-05,140.4,4,5,9.4
ATH042,Overhead Press,2025-10-05,96.9,4,6,8.6
ATH042,Romanian Deadlift,2025-10-05,237.7,4,10,6.3
ATH042,Bench Press,2025-10-08,200.6,3,8,6.4
ATH042,Romanian Deadlift,2025-10-08,204.7,3,8,7.3
ATH042,Sandbag Carry,2025-10-08,228.2,4,10,8.7
ATH042,Bench Press,2025-10-10,216.4,5,5,6.9
ATH042,Front Squat,2025-10-10,150.0,4,10,8.4
ATH042,Sandbag Carry,2025-10-10,183.4,4,12,6.7
ATH042,Atlas Stone Load,2025-10-12,228.7,4,2,9.2
ATH042,Bench Press,2025-10-12,190.6,5,10,7.4
ATH042,Incline Bench Press,2025-10-12,114.3,4,8,7.9
ATH042,Farmer's Walk,2025-10-15,184.4,4,22,9.1
ATH042,Incline Bench Press,2025-10-15,145.5,3,8,8.2
ATH042,Squat,2025-10-15,176.2,3,6,7.0
ATH042,Front Squat,2025-10-17,210.8,4,12,6.7
ATH042,Log Press,2025-10-17,116.5,4,3,8.9
ATH042,Squat,2025-10-17,223.0,3,6,7.4
ATH042,Incline Bench Press,2025-10-19,134.4,4,12,6.3
ATH042,Overhead Press,2025-10-19,102.0,3,6,7.0
ATH042,Yoke Walk,2025-10-19,413.9,3,15,7.3
ATH042,Atlas Stone Load,2025-10-22,227.4,3,5,8.5
ATH042,Barbell Row,2025-10-22,131.7,4,10,8.5
ATH042,Deadlift,2025-10-22,268.2,3,6,9.2
ATH042,Deadlift,2025-10-24,326.6,4,6,7.0
ATH042,Incline Bench Press,2025-10-24,114.8,4,8,7.3
ATH042,Log Press,2025-10-24,125.8,4,5,6.5
ATH042,Pull-ups,2025-10-26,12.9,4,12,8.3
ATH042,Sandbag Carry,2025-10-26,184.5,3,20,8.4
ATH042,Squat,2025-10-26,181.1,3,5,6.9
ATH042,Log Press,2025-10-29,130.0,4,3,8.3
ATH042,Overhead Press,2025-10-29,103.5,5,10,8.5
ATH042,Pull-ups,2025-10-29,35.0,3,12,7.7
ATH042,Deadlift,2025-10-31,255.2,4,3,7.3
ATH042,Log Press,2025-10-31,141.0,4,3,8.2
ATH042,Pull-ups,2025-10-31,41.4,4,10,6.1
ATH042,Barbell Row,2025-11-02,146.6,3,6,6.4
ATH042,Log Press,2025-11-02,122.0,4,6,8.5
ATH042,Overhead Press,2025-11-02,98.7,4,8,7.6
ATH042,Farmer's Walk,2025-11-05,231.4,4,30,8.6
ATH042,Front Squat,2025-11-05,161.1,4,12,7.7
ATH042,Overhead Press,2025-11-05,137.6,3,10,8.0
ATH042,Deadlift,2025-11-07,285.9,5,6,7.2
ATH042,Log Press,2025-11-07,167.0,4,3,6.7
ATH042,Romanian Deadlift,2025-11-07,202.4,4,12,6.6
ATH042,Barbell Row,2025-11-09,174.5,4,8,7.2
ATH042,Overhead Press,2025-11-09,122.2,3,10,8.7
ATH042,Sandbag Carry,2025-11-09,237.7,4,26,7.0
ATH042,Barbell Row,2025-11-12,124.2,3,8,7.3
ATH042,Bench Press,2025-11-12,198.5,3,5,7.0
ATH042,Yoke Walk,2025-11-12,459.4,4,18,7.9
ATH042,Incline Bench Press,2025-11-14,106.2,4,12,6.3
ATH042,Sandbag Carry,2025-11-14,184.0,4,10,6.0
ATH042,Squat,2025-11-14,253.0,3,5,6.8
ATH042,Deadlift,2025-11-16,313.4,3,4,7.7
ATH042,Romanian Deadlift,2025-11-16,214.4,4,6,6.3
ATH042,Sandbag Carry,2025-11-16,201.5,3,25,6.3
ATH042,Barbell Row,2025-11-19,152.6,4,6,8.3
ATH042,Deadlift,2025-11-19,249.4,5,3,7.7
ATH042,Yoke Walk,2025-11-19,547.2,4,18,6.9
ATH042,Bench Press,2025-11-21,167.2,4,8,8.6
ATH042,Farmer's Walk,2025-11-21,208.9,4,18,7.3
ATH042,Front Squat,2025-11-21,193.3,4,12,7.9
ATH042,Barbell Row,2025-11-23,151.4,4,6,7.3
ATH042,Bench Press,2025-11-23,211.8,4,5,7.8
ATH042,Farmer's Walk,2025-11-23,225.1,3,22,8.2
ATH042,Barbell Row,2025-11-26,144.6,3,8,7.8
ATH042,Bench Press,2025-11-26,211.2,3,10,8.2
ATH042,Yoke Walk,2025-11-26,464.4,3,20,6.9
ATH042,Atlas Stone Load,2025-11-28,221.2,3,3,8.1
ATH042,Bench Press,2025-11-28,157.0,5,10,7.7
ATH042,Front Squat,2025-11-28,194.2,4,10,7.9
ATH042,Incline Bench Press,2025-11-30,110.8,4,12,6.1
ATH042,Squat,2025-11-30,244.4,5,3,7.1
ATH042,Yoke Walk,2025-11-30,471.9,4,12,8.5
ATH042,Incline Bench Press,2025-12-03,124.2,3,12,7.9
ATH042,Overhead Press,2025-12-03,115.5,3,8,8.5
ATH042,Sandbag Carry,2025-12-03,178.1,3,10,8.9
ATH042,Deadlift,2025-12-05,259.8,5,5,7.1
ATH042,Romanian Deadlift,2025-12-05,201.5,3,10,8.0
ATH042,Yoke Walk,2025-12-05,427.5,3,12,7.2
ATH042,Barbell Row,2025-12-07,183.6,3,12,6.4
ATH042,Log Press,2025-12-07,144.5,3,3,7.7
ATH042,Squat,2025-12-07,232.3,4,6,8.2
ATH042,Deadlift,2025-12-10,279.2,5,6,8.2
ATH042,Pull-ups,2025-12-10,25.2,3,10,8.2
ATH042,Sandbag Carry,2025-12-10,236.9,4,20,6.8
ATH042,Farmer's Walk,2025-12-12,233.9,4,26,7.1
ATH042,Romanian Deadlift,2025-12-12,270.7,4,12,7.7
ATH042,Squat,2025-12-12,233.8,4,5,8.6
ATH042,Atlas Stone Load,2025-12-14,205.7,4,4,7.6
ATH042,Deadlift,2025-12-14,284.2,5,4,8.5
ATH042,Pull-ups,2025-12-14,29.0,3,12,7.9
ATH042,Atlas Stone Load,2025-12-17,220.1,4,5,7.2
ATH042,Deadlift,2025-12-17,267.1,3,4,7.2
ATH042,Pull-ups,2025-12-17,18.9,4,12,7.6
ATH042,Barbell Row,2025-12-19,155.4,4,8,7.9
ATH042,Bench Press,2025-12-19,138.6,5,5,8.3
ATH042,Farmer's Walk,2025-12-19,253.1,3,18,7.3
ATH042,Atlas Stone Load,2025-12-21,223.7,3,5,9.4
ATH042,Deadlift,2025-12-21,329.3,5,4,6.6
ATH042,Incline Bench Press,2025-12-21,133.9,3,12,7.7
ATH043,Deadlift,2025-10-01,261.2,4,3,7.5
ATH043,Incline Bench Press,2025-10-01,84.8,3,8,8.3
ATH043,Yoke Walk,2025-10-01,418.1,4,25,6.6
ATH043,Deadlift,2025-10-03,226.2,5,6,7.5
ATH043,Farmer's Walk,2025-10-03,145.1,3,20,8.2
ATH043,Front Squat,2025-10-03,158.6,4,6,6.1
ATH043,Atlas Stone Load,2025-10-05,177.8,3,5,9.2
ATH043,Bench Press,2025-10-05,154.2,3,8,7.2
ATH043,Romanian Deadlift,2025-10-05,214.4,4,10,6.6
ATH043,Romanian Deadlift,2025-10-08,160.0,3,8,6.0
ATH043,Squat,2025-10-08,144.2,5,3,7.7
ATH043,Yoke Walk,2025-10-08,327.8,3,22,7.7
ATH043,Barbell Row,2025-10-10,128.2,3,10,6.7
ATH043,Deadlift,2025-10-10,211.7,5,5,8.7
ATH043,Log Press,2025-10-10,135.5,3,3,7.8
ATH043,Atlas Stone Load,2025-10-12,196.4,3,2,7.8
ATH043,Incline Bench Press,2025-10-12,99.0,4,12,8.3
ATH043,Overhead Press,2025-10-12,87.7,4,8,8.3
ATH043,Barbell Row,2025-10-15,157.6,4,8,6.2
ATH043,Farmer's Walk,2025-10-15,177.3,3,18,7.6
ATH043,Squat,2025-10-15,190.5,5,6,8.4
ATH043,Bench Press,2025-10-17,137.1,5,10,6.9
ATH043,Farmer's Walk,2025-10-17,181.7,4,22,8.9
ATH043,Pull-ups,2025-10-17,26.2,3,8,7.7
ATH043,Bench Press,2025-10-19,165.4,4,10,6.5
ATH043,Farmer's Walk,2025-10-19,184.5,3,15,9.0
ATH043,Front Squat,2025-10-19,124.0,4,10,7.9
ATH043,Barbell Row,2025-10-22,116.2,3,10,6.8
ATH043,Deadlift,2025-10-22,265.2,4,3,8.2
ATH043,Log Press,2025-10-22,140.1,3,6,8.4
ATH043,Deadlift,2025-10-24,214.0,5,5,7.8
ATH043,Farmer's Walk,2025-10-24,188.1,4,18,7.2
ATH043,Front Squat,2025-10-24,135.1,3,8,8.0
ATH043,Romanian Deadlift,2025-10-26,151.0,4,12,6.7
ATH043,Sandbag Carry,2025-10-26,179.2,3,22,8.6
ATH043,Squat,2025-10-26,180.4,3,4,7.0
ATH043,Overhead Press,2025-10-29,103.8,4,8,7.3
ATH043,Romanian Deadlift,2025-10-29,200.9,4,6,8.3
ATH043,Sandbag Carry,2025-10-29,163.3,3,15,8.9
ATH043,Atlas Stone Load,2025-10-31,192.4,4,3,7.6
ATH043,Bench Press,2025-10-31,171.5,4,6,8.7
ATH043,Front Squat,2025-10-31,174.2,4,8,7.9
ATH043,Front Squat,2025-11-02,135.1,3,6,7.9
ATH043,Log Press,2025-11-02,99.1,4,6,7.6
ATH043,Squat,2025-11-02,203.1,5,5,7.5
ATH043,Barbell Row,2025-11-05,118.6,4,6,6.7
ATH043,Bench Press,2025-11-05,175.0,5,8,7.6
ATH043,Log Press,2025-11-05,108.5,3,5,8.5
ATH043,Incline Bench Press,2025-11-07,110.4,3,12,6.8
ATH043,Squat,2025-11-07,179.8,5,6,7.1
ATH043,Yoke Walk,2025-11-07,413.7,4,25,7.9
ATH043,Pull-ups,2025-11-09,18.6,4,6,8.4
ATH043,Sandbag Carry,2025-11-09,182.1,4,20,6.6
ATH043,Squat,2025-11-09,175.4,4,5,7.8
ATH043,Atlas Stone Load,2025-11-12,169.8,4,4,7.5
ATH043,Deadlift,2025-11-12,233.3,5,5,5.5
ATH043,Pull-ups,2025-11-12,8.7,3,8,7.3
ATH043,Bench Press,2025-11-14,159.2,5,8,6.7
ATH043,Log Press,2025-11-14,111.6,4,6,7.5
ATH043,Romanian Deadlift,2025-11-14,168.4,4,10,6.0
ATH043,Overhead Press,2025-11-16,112.2,3,10,7.3
ATH043,Romanian Deadlift,2025-11-16,187.4,4,8,6.3
ATH043,Yoke Walk,2025-11-16,416.5,4,12,7.5
ATH043,Barbell Row,2025-11-19,131.9,3,6,8.7
ATH043,Squat,2025-11-19,224.8,5,4,6.9
ATH043,Yoke Walk,2025-11-19,351.5,4,20,7.4
ATH043,Farmer's Walk,2025-11-21,162.6,4,20,7.7
ATH043,Front Squat,2025-11-21,128.4,4,8,6.9
ATH043,Overhead Press,2025-11-21,105.9,4,5,7.5
ATH043,Deadlift,2025-11-23,225.0,4,4,7.3
ATH043,Front Squat,2025-11-23,183.9,3,8,6.4
ATH043,Sandbag Carry,2025-11-23,155.1,4,18,9.0
ATH043,Barbell Row,2025-11-26,136.9,4,6,8.0
ATH043,Squat,2025-11-26,186.8,3,6,8.2
ATH043,Yoke Walk,2025-11-26,409.0,3,22,7.4
ATH043,Barbell Row,2025-11-28,150.0,4,10,7.6
ATH043,Farmer's Walk,2025-11-28,197.8,4,12,8.7
ATH043,Overhead Press,2025-11-28,76.6,3,10,6.1
ATH043,Front Squat,2025-11-30,180.6,3,6,7.0
ATH043,Overhead Press,2025-11-30,105.4,5,10,7.7
ATH043,Sandbag Carry,2025-11-30,156.7,4,22,7.9
ATH043,Deadlift,2025-12-03,229.3,3,5,6.6
ATH043,Farmer's Walk,2025-12-03,151.7,4,12,8.6
ATH043,Front Squat,2025-12-03,160.7,3,8,8.6
ATH043,Atlas Stone Load,2025-12-05,199.4,3,4,9.1
ATH043,Bench Press,2025-12-05,116.2,3,10,8.7
ATH043,Incline Bench Press,2025-12-05,109.3,4,8,7.0
ATH043,Bench Press,2025-12-07,130.2,5,10,6.1
ATH043,Front Squat,2025-12-07,176.7,4,10,8.6
ATH043,Log Press,2025-12-07,106.4,4,3,8.6
ATH043,Incline Bench Press,2025-12-10,112.5,3,8,8.2
ATH043,Log Press,2025-12-10,110.6,4,8,8.4
ATH043,Overhead Press,2025-12-10,106.0,5,6,6.5
ATH043,Barbell Row,2025-12-12,144.6,4,6,8.7
ATH043,Deadlift,2025-12-12,204.8,5,3,6.8
ATH043,Log Press,2025-12-12,119.7,4,3,8.6
ATH043,Overhead Press,2025-12-14,114.3,3,5,7.2
ATH043,Pull-ups,2025-12-14,35.3,4,8,8.5
ATH043,Sandbag Carry,2025-12-14,174.5,3,22,7.7
ATH043,Atlas Stone Load,2025-12-17,157.6,4,2,9.4
ATH043,Bench Press,2025-12-17,175.6,5,6,7.7
ATH043,Pull-ups,2025-12-17,22.3,3,6,7.5
ATH043,Front Squat,2025-12-19,140.4,3,12,7.4
ATH043,Overhead Press,2025-12-19,124.4,5,6,6.5
ATH043,Yoke Walk,2025-12-19,347.2,3,26,9.0
ATH043,Bench Press,2025-12-21,140.5,5,5,8.2
ATH043,Farmer's Walk,2025-12-21,176.4,3,18,8.6
ATH043,Romanian Deadlift,2025-12-21,222.0,3,10,6.4
ATH044,Barbell Row,2025-10-01,131.4,4,12,8.7
ATH044,Farmer's Walk,2025-10-01,199.8,4,12,7.6
ATH044,Overhead Press,2025-10-01,81.9,3,6,8.6
ATH044,Deadlift,2025-10-03,262.1,5,4,8.7
ATH044,Romanian Deadlift,2025-10-03,176.2,3,10,7.5
ATH044,Yoke Walk,2025-10-03,337.5,4,20,8.1
ATH044,Atlas Stone Load,2025-10-05,199.1,3,4,7.0
ATH044,Deadlift,2025-10-05,224.6,4,5,6.8
ATH044,Front Squat,2025-10-05,135.9,4,10,7.2
ATH044,Farmer's Walk,2025-10-08,198.0,4,25,7.4
ATH044,Front Squat,2025-10-08,140.7,4,8,7.8
ATH044,Overhead Press,2025-10-08,89.0,4,6,6.8
ATH044,Front Squat,2025-10-10,173.1,4,8,8.6
ATH044,Overhead Press,2025-10-10,117.5,5,8,7.9
ATH044,Yoke Walk,2025-10-10,368.7,4,18,7.3
ATH044,Barbell Row,2025-10-12,135.6,4,8,6.8
ATH044,Bench Press,2025-10-12,181.2,4,10,7.7
ATH044,Log Press,2025-10-12,111.1,4,6,7.2
ATH044,Atlas Stone Load,2025-10-15,184.5,3,3,8.1
ATH044,Bench Press,2025-10-15,174.4,5,5,7.6
ATH044,Front Squat,2025-10-15,181.8,3,8,8.3
ATH044,Barbell Row,2025-10-17,121.0,4,6,8.7
ATH044,Deadlift,2025-10-17,287.4,3,4,8.9
ATH044,Sandbag Carry,2025-10-17,161.9,3,30,9.0
ATH044,Bench Press,2025-10-19,142.4,3,8,8.9
ATH044,Log Press,2025-10-19,129.8,4,3,8.6
ATH044,Pull-ups,2025-10-19,28.7,4,8,8.1
ATH044,Atlas Stone Load,2025-10-22,184.0,4,5,7.9
ATH044,Deadlift,2025-10-22,272.4,3,4,9.0
ATH044,Front Squat,2025-10-22,142.7,3,8,8.4
ATH044,Deadlift,2025-10-24,258.8,5,5,8.7
ATH044,Farmer's Walk,2025-10-24,188.6,4,18,8.8
ATH044,Incline Bench Press,2025-10-24,91.3,3,10,6.6
ATH044,Incline Bench Press,2025-10-26,98.1,3,10,8.3
ATH044,Sandbag Carry,2025-10-26,192.5,3,15,7.0
ATH044,Squat,2025-10-26,163.3,3,6,7.9
ATH044,Log Press,2025-10-29,116.7,3,8,9.3
ATH044,Pull-ups,2025-10-29,10.1,3,12,6.9
ATH044,Squat,2025-10-29,177.0,3,5,6.7
ATH044,Deadlift,2025-10-31,200.6,4,6,7.2
ATH044,Front Squat,2025-10-31,162.1,4,12,7.5
ATH044,Yoke Walk,2025-10-31,353.4,3,10,8.1
ATH044,Farmer's Walk,2025-11-02,186.5,3,20,6.9
ATH044,Incline Bench Press,2025-11-02,90.8,3,6,6.7
ATH044,Squat,2025-11-02,156.4,4,6,8.1
ATH044,Incline Bench Press,2025-11-05,122.7,3,8,7.0
ATH044,Sandbag Carry,2025-11-05,209.4,3,20,8.5
ATH044,Squat,2025-11-05,203.1,4,3,9.0
ATH044,Deadlift,2025-11-07,288.2,3,5,6.9
ATH044,Romanian Deadlift,2025-11-07,162.3,4,12,7.9
ATH044,Yoke Walk,2025-11-07,419.2,4,15,8.1
ATH044,Bench Press,2025-11-09,185.0,3,6,6.9
ATH044,Farmer's Walk,2025-11-09,224.0,3,10,7.8
ATH044,Front Squat,2025-11-09,177.9,3,12,8.1
ATH044,Deadlift,2025-11-12,265.4,4,3,6.5
ATH044,Farmer's Walk,2025-11-12,141.8,4,15,7.1
ATH044,Front Squat,2025-11-12,149.8,4,8,7.0
ATH044,Front Squat,2025-11-14,128.6,4,12,5.5
ATH044,Squat,2025-11-14,172.3,5,4,7.3
ATH044,Yoke Walk,2025-11-14,383.6,3,22,6.2
ATH044,Farmer's Walk,2025-11-16,197.0,4,18,5.8
ATH044,Incline Bench Press,2025-11-16,116.1,4,10,6.7
ATH044,Overhead Press,2025-11-16,93.0,3,8,5.6
ATH044,Incline Bench Press,2025-11-19,113.1,4,6,7.9
ATH044,Log Press,2025-11-19,105.5,3,3,6.8
ATH044,Overhead Press,2025-11-19,110.9,5,8,6.6
ATH044,Atlas Stone Load,2025-11-21,175.0,3,2,7.3
ATH044,Overhead Press,2025-11-21,109.6,3,8,7.6
ATH044,Romanian Deadlift,2025-11-21,194.0,4,6,7.0
ATH044,Deadlift,2025-11-23,262.4,4,4,7.6
ATH044,Romanian Deadlift,2025-11-23,160.9,4,10,6.4
ATH044,Yoke Walk,2025-11-23,378.8,4,30,6.9
ATH044,Incline Bench Press,2025-11-26,127.9,4,12,7.3
ATH044,Log Press,2025-11-26,113.1,3,8,6.9
ATH044,Overhead Press,2025-11-26,110.4,3,8,6.9
ATH044,Incline Bench Press,2025-11-28,130.1,3,6,8.5
ATH044,Overhead Press,2025-11-28,91.7,4,5,6.6
ATH044,Yoke Walk,2025-11-28,360.4,4,30,6.8
ATH044,Atlas Stone Load,2025-11-30,148.6,4,2,8.9
ATH044,Bench Press,2025-11-30,119.6,3,8,8.9
ATH044,Incline Bench Press,2025-11-30,110.7,3,8,6.9
ATH044,Atlas Stone Load,2025-12-03,150.6,4,4,8.5
ATH044,Barbell Row,2025-12-03,118.0,3,10,7.3
ATH044,Overhead Press,2025-12-03,117.7,3,6,7.5
ATH044,Farmer's Walk,2025-12-05,215.4,4,18,6.6
ATH044,Front Squat,2025-12-05,158.9,4,8,7.7
ATH044,Squat,2025-12-05,184.5,3,3,9.1
ATH044,Log Press,2025-12-07,126.6,3,6,9.1
ATH044,Overhead Press,2025-12-07,120.8,5,10,8.2
ATH044,Romanian Deadlift,2025-12-07,222.3,4,12,8.2
ATH044,Atlas Stone Load,2025-12-10,170.9,4,2,7.0
ATH044,Bench Press,2025-12-10,161.2,4,5,8.9
ATH044,Pull-ups,2025-12-10,20.6,4,6,6.8
ATH044,Barbell Row,2025-12-12,149.1,4,12,8.1
ATH044,Log Press,2025-12-12,103.5,4,3,6.5
ATH044,Overhead Press,2025-12-12,87.1,4,6,6.2
ATH044,Barbell Row,2025-12-14,138.1,3,6,6.7
ATH044,Bench Press,2025-12-14,153.2,4,6,6.0
ATH044,Yoke Walk,2025-12-14,397.8,4,22,7.9
ATH044,Barbell Row,2025-12-17,145.2,3,10,6.8
ATH044,Farmer's Walk,2025-12-17,208.9,4,18,7.1
ATH044,Squat,2025-12-17,225.0,3,6,7.7
ATH044,Incline Bench Press,2025-12-19,98.8,4,12,8.1
ATH044,Sandbag Carry,2025-12-19,183.4,3,22,6.7
ATH044,Squat,2025-12-19,170.6,5,4,8.5
ATH044,Romanian Deadlift,2025-12-21,213.4,4,6,6.7
ATH044,Squat,2025-12-21,208.5,5,3,7.6
ATH044,Yoke Walk,2025-12-21,420.4,4,18,9.1
ATH045,Atlas Stone Load,2025-10-01,141.9,4,2,8.8
ATH045,Bench Press,2025-10-01,137.9,4,5,8.1
ATH045,Front Squat,2025-10-01,163.8,3,10,8.7
ATH045,Atlas Stone Load,2025-10-03,154.4,4,4,8.4
ATH045,Bench Press,2025-10-03,160.7,3,8,6.3
ATH045,Romanian Deadlift,2025-10-03,195.7,3,6,7.9
ATH045,Romanian Deadlift,2025-10-05,178.4,4,12,7.6
ATH045,Squat,2025-10-05,214.8,4,5,7.1
ATH045,Yoke Walk,2025-10-05,335.5,4,22,8.0
ATH045,Deadlift,2025-10-08,206.4,4,5,7.4
ATH045,Romanian Deadlift,2025-10-08,202.1,3,12,6.3
ATH045,Yoke Walk,2025-10-08,410.7,3,15,7.4
ATH045,Atlas Stone Load,2025-10-10,160.0,4,4,7.5
ATH045,Front Squat,2025-10-10,151.4,4,12,6.8
ATH045,Overhead Press,2025-10-10,77.9,3,10,6.8
ATH045,Front Squat,2025-10-12,146.3,3,6,7.3
ATH045,Sandbag Carry,2025-10-12,158.5,3,26,8.8
ATH045,Squat,2025-10-12,165.8,3,6,6.7
ATH045,Front Squat,2025-10-15,142.2,4,8,6.2
ATH045,Sandbag Carry,2025-10-15,159.7,3,22,8.3
ATH045,Squat,2025-10-15,185.4,4,4,6.9
ATH045,Incline Bench Press,2025-10-17,97.0,3,12,7.6
ATH045,Overhead Press,2025-10-17,112.7,4,6,6.8
ATH045,Sandbag Carry,2025-10-17,168.6,3,15,9.0
ATH045,Deadlift,2025-10-19,186.3,3,3,7.5
ATH045,Incline Bench Press,2025-10-19,110.4,4,6,6.4
ATH045,Log Press,2025-10-19,125.9,3,5,9.4
ATH045,Farmer's Walk,2025-10-22,195.0,3,26,6.9
ATH045,Front Squat,2025-10-22,152.9,4,8,6.0
ATH045,Squat,2025-10-22,153.7,4,5,9.1
ATH045,Bench Press,2025-10-24,153.7,3,8,6.1
ATH045,Front Squat,2025-10-24,166.5,3,8,6.9
ATH045,Yoke Walk,2025-10-24,421.2,4,12,6.5
ATH045,Barbell Row,2025-10-26,131.7,3,12,7.7
ATH045,Deadlift,2025-10-26,210.7,4,3,8.5
ATH045,Yoke Walk,2025-10-26,423.2,3,26,7.7
ATH045,Bench Press,2025-10-29,141.5,5,5,6.5
ATH045,Incline Bench Press,2025-10-29,106.1,3,6,7.5
ATH045,Yoke Walk,2025-10-29,387.5,4,30,7.8
ATH045,Atlas Stone Load,2025-10-31,171.4,3,3,8.2
ATH045,Bench Press,2025-10-31,130.8,5,6,7.8
ATH045,Front Squat,2025-10-31,121.2,3,10,6.8
ATH045,Deadlift,2025-11-02,188.5,4,5,9.2
ATH045,Farmer's Walk,2025-11-02,148.7,4,30,7.9
ATH045,Front Squat,2025-11-02,182.5,3,12,7.8
ATH045,Bench Press,2025-11-05,176.0,5,10,7.3
ATH045,Romanian Deadlift,2025-11-05,218.4,3,10,7.7
ATH045,Yoke Walk,2025-11-05,350.8,4,26,7.7
ATH045,Atlas Stone Load,2025-11-07,184.0,4,3,7.7
ATH045,Overhead Press,2025-11-07,86.5,5,6,8.1
ATH045,Pull-ups,2025-11-07,20.2,3,6,7.2
ATH045,Atlas Stone Load,2025-11-09,206.1,3,2,8.9
ATH045,Deadlift,2025-11-09,280.1,3,5,7.1
ATH045,Pull-ups,2025-11-09,31.4,3,10,7.9
ATH045,Front Squat,2025-11-12,118.0,4,8,6.4
ATH045,Overhead Press,2025-11-12,83.9,4,5,7.5
ATH045,Yoke Walk,2025-11-12,351.4,4,12,7.4
ATH045,Atlas Stone Load,2025-11-14,178.9,3,4,7.9
ATH045,Incline Bench Press,2025-11-14,97.1,3,12,6.1
ATH045,Squat,2025-11-14,177.3,5,4,7.3
ATH045,Bench Press,2025-11-16,113.2,5,5,6.2
ATH045,Log Press,2025-11-16,112.5,4,8,6.2
ATH045,Romanian Deadlift,2025-11-16,171.8,3,10,5.5
ATH045,Front Squat,2025-11-19,160.5,4,10,8.3
ATH045,Overhead Press,2025-11-19,85.9,4,8,6.8
ATH045,Yoke Walk,2025-11-19,389.7,3,22,7.4
ATH045,Atlas Stone Load,2025-11-21,203.7,3,5,9.0
ATH045,Front Squat,2025-11-21,173.7,4,6,6.4
ATH045,Overhead Press,2025-11-21,83.1,3,8,8.6
ATH045,Barbell Row,2025-11-23,119.6,4,12,8.6
ATH045,Log Press,2025-11-23,117.9,3,6,7.0
ATH045,Squat,2025-11-23,197.5,4,6,8.4
ATH045,Bench Press,2025-11-26,122.7,4,6,6.9
ATH045,Front Squat,2025-11-26,180.0,4,8,8.2
ATH045,Log Press,2025-11-26,128.5,4,8,7.2
ATH045,Barbell Row,2025-11-28,131.9,4,6,7.1
ATH045,Log Press,2025-11-28,119.3,4,5,8.0
ATH045,Overhead Press,2025-11-28,99.8,3,10,6.7
ATH045,Farmer's Walk,2025-11-30,150.3,3,12,7.4
ATH045,Front Squat,2025-11-30,148.8,4,6,7.0
ATH045,Overhead Press,2025-11-30,114.8,4,5,6.1
ATH045,Barbell Row,2025-12-03,114.5,4,8,6.2
ATH045,Overhead Press,2025-12-03,84.3,3,6,7.4
ATH045,Yoke Walk,2025-12-03,402.0,3,15,8.4
ATH045,Atlas Stone Load,2025-12-05,186.9,3,5,8.3
ATH045,Romanian Deadlift,2025-12-05,172.0,4,10,7.2
ATH045,Squat,2025-12-05,146.0,3,5,7.0
ATH045,Bench Press,2025-12-07,136.8,5,8,6.2
ATH045,Front Squat,2025-12-07,135.0,4,6,8.2
ATH045,Sandbag Carry,2025-12-07,191.9,3,15,9.0
ATH045,Deadlift,2025-12-10,274.8,5,4,8.5
ATH045,Romanian Deadlift,2025-12-10,184.3,3,8,7.5
ATH045,Sandbag Carry,2025-12-10,174.7,3,25,7.4
ATH045,Atlas Stone Load,2025-12-12,151.9,4,4,9.1
ATH045,Overhead Press,2025-12-12,111.9,5,6,6.2
ATH045,Pull-ups,2025-12-12,31.0,3,12,6.9
ATH045,Overhead Press,2025-12-14,87.2,4,5,6.5
ATH045,Pull-ups,2025-12-14,31.6,4,12,6.0
ATH045,Yoke Walk,2025-12-14,416.0,3,12,8.7
ATH045,Barbell Row,2025-12-17,132.8,4,10,8.0
ATH045,Overhead Press,2025-12-17,114.8,5,10,8.9
ATH045,Sandbag Carry,2025-12-17,171.4,4,18,8.8
ATH045,Overhead Press,2025-12-19,88.6,4,5,8.2
ATH045,Romanian Deadlift,2025-12-19,172.3,3,12,6.8
ATH045,Yoke Walk,2025-12-19,357.2,4,26,7.1
ATH045,Farmer's Walk,2025-12-21,188.8,4,12,6.7
ATH045,Front Squat,2025-12-21,172.2,3,8,6.5
ATH045,Overhead Press,2025-12-21,82.6,4,5,7.7
ATH046,Bench Press,2025-10-01,104.2,5,6,6.0
ATH046,Farmer's Walk,2025-10-01,153.1,4,22,7.1
ATH046,Romanian Deadlift,2025-10-01,133.2,4,6,7.3
ATH046,Farmer's Walk,2025-10-03,123.7,4,22,8.8
ATH046,Front Squat,2025-10-03,130.9,3,6,7.1
ATH046,Squat,2025-10-03,141.6,3,6,7.3
ATH046,Deadlift,2025-10-05,161.4,4,3,7.6
ATH046,Log Press,2025-10-05,98.2,3,3,8.4
ATH046,Romanian Deadlift,2025-10-05,156.9,3,8,7.2
ATH046,Overhead Press,2025-10-08,73.6,4,10,6.2
ATH046,Pull-ups,2025-10-08,18.4,4,8,7.6
ATH046,Yoke Walk,2025-10-08,321.7,4,22,8.5
ATH046,Front Squat,2025-10-10,141.3,4,8,6.1
ATH046,Log Press,2025-10-10,102.3,4,3,7.7
ATH046,Overhead Press,2025-10-10,76.8,4,6,7.6
ATH046,Deadlift,2025-10-12,235.6,4,4,8.0
ATH046,Farmer's Walk,2025-10-12,171.1,3,22,7.1
ATH046,Romanian Deadlift,2025-10-12,160.4,4,6,7.2
ATH046,Barbell Row,2025-10-15,99.4,3,8,8.5
ATH046,Farmer's Walk,2025-10-15,137.5,4,22,8.0
ATH046,Squat,2025-10-15,151.0,5,4,7.0
ATH046,Atlas Stone Load,2025-10-17,138.2,4,3,9.2
ATH046,Bench Press,2025-10-17,142.2,4,10,6.6
ATH046,Pull-ups,2025-10-17,5.1,3,6,6.9
ATH046,Atlas Stone Load,2025-10-19,138.2,3,5,7.4
ATH046,Deadlift,2025-10-19,202.9,5,6,7.6
ATH046,Front Squat,2025-10-19,106.0,4,8,8.2
ATH046,Bench Press,2025-10-22,149.5,3,8,6.5
ATH046,Incline Bench Press,2025-10-22,106.5,3,10,6.2
ATH046,Yoke Walk,2025-10-22,343.7,3,10,8.1
ATH046,Bench Press,2025-10-24,156.1,4,8,6.1
ATH046,Incline Bench Press,2025-10-24,95.1,4,10,7.2
ATH046,Sandbag Carry,2025-10-24,144.0,3,12,8.1
ATH046,Deadlift,2025-10-26,241.0,3,6,6.9
ATH046,Farmer's Walk,2025-10-26,125.9,3,26,6.9
ATH046,Romanian Deadlift,2025-10-26,169.7,4,12,6.3
ATH046,Overhead Press,2025-10-29,74.2,5,6,6.3
ATH046,Romanian Deadlift,2025-10-29,141.2,4,10,8.4
ATH046,Yoke Walk,2025-10-29,297.3,4,12,6.7
ATH046,Bench Press,2025-10-31,113.6,5,6,8.0
ATH046,Farmer's Walk,2025-10-31,132.3,3,15,7.9
ATH046,Incline Bench Press,2025-10-31,77.0,4,10,6.1
ATH046,Atlas Stone Load,2025-11-02,136.6,3,2,8.6
ATH046,Barbell Row,2025-11-02,107.9,4,6,8.0
ATH046,Bench Press,2025-11-02,156.7,3,8,8.2
ATH046,Overhead Press,2025-11-05,95.8,5,10,7.9
ATH046,Pull-ups,2025-11-05,22.9,3,12,6.7
ATH046,Yoke Walk,2025-11-05,373.0,3,10,8.4
ATH046,Barbell Row,2025-11-07,110.5,3,10,6.4
ATH046,Deadlift,2025-11-07,245.0,4,5,7.6
ATH046,Sandbag Carry,2025-11-07,175.8,3,20,8.4
ATH046,Barbell Row,2025-11-09,134.3,3,10,7.4
ATH046,Log Press,2025-11-09,127.8,4,3,7.3
ATH046,Squat,2025-11-09,142.4,4,4,7.1
ATH046,Bench Press,2025-11-12,127.4,5,5,7.0
ATH046,Pull-ups,2025-11-12,6.9,4,12,6.7
ATH046,Sandbag Carry,2025-11-12,115.1,3,25,5.5
ATH046,Bench Press,2025-11-14,97.6,3,6,6.6
ATH046,Incline Bench Press,2025-11-14,88.4,4,8,6.6
ATH046,Sandbag Carry,2025-11-14,154.7,3,20,7.8
ATH046,Barbell Row,2025-11-16,90.0,3,12,7.7
ATH046,Farmer's Walk,2025-11-16,145.7,3,22,7.3
ATH046,Overhead Press,2025-11-16,75.6,3,5,5.6
ATH046,Bench Press,2025-11-19,121.8,4,5,7.3
ATH046,Pull-ups,2025-11-19,31.4,4,10,8.1
ATH046,Yoke Walk,2025-11-19,379.8,3,20,8.8
ATH046,Farmer's Walk,2025-11-21,141.2,3,15,9.0
ATH046,Front Squat,2025-11-21,143.0,4,8,8.7
ATH046,Squat,2025-11-21,189.4,5,4,8.9
ATH046,Atlas Stone Load,2025-11-23,168.7,4,3,8.2
ATH046,Front Squat,2025-11-23,127.8,3,12,7.6
ATH046,Overhead Press,2025-11-23,86.0,4,6,6.8
ATH046,Barbell Row,2025-11-26,103.9,3,10,7.9
ATH046,Log Press,2025-11-26,127.0,4,6,9.2
ATH046,Squat,2025-11-26,168.1,5,6,7.8
ATH046,Incline Bench Press,2025-11-28,94.0,3,12,6.7
ATH046,Log Press,2025-11-28,127.1,3,6,8.2
ATH046,Squat,2025-11-28,144.7,5,6,8.7
ATH046,Bench Press,2025-11-30,110.7,3,6,7.9
ATH046,Romanian Deadlift,2025-11-30,135.8,4,8,6.7
ATH046,Yoke Walk,2025-11-30,330.9,4,20,6.9
ATH046,Atlas Stone Load,2025-12-03,177.3,4,4,8.7
ATH046,Bench Press,2025-12-03,157.7,4,8,7.5
ATH046,Front Squat,2025-12-03,123.8,4,6,6.1
ATH046,Bench Press,2025-12-05,105.6,4,5,6.9
ATH046,Romanian Deadlift,2025-12-05,150.5,3,8,6.3
ATH046,Sandbag Carry,2025-12-05,133.3,3,20,6.7
ATH046,Overhead Press,2025-12-07,88.4,5,10,7.4
ATH046,Romanian Deadlift,2025-12-07,155.2,3,6,7.0
ATH046,Yoke Walk,2025-12-07,291.4,4,22,7.7
ATH046,Farmer's Walk,2025-12-10,150.9,3,18,8.2
ATH046,Romanian Deadlift,2025-12-10,155.1,4,12,6.2
ATH046,Squat,2025-12-10,164.7,3,3,8.8
ATH046,Deadlift,2025-12-12,222.9,5,6,7.0
ATH046,Romanian Deadlift,2025-12-12,179.5,3,12,8.8
ATH046,Yoke Walk,2025-12-12,346.3,4,20,7.3
ATH046,Farmer's Walk,2025-12-14,138.1,3,10,8.4
ATH046,Overhead Press,2025-12-14,67.1,3,6,7.4
ATH046,Pull-ups,2025-12-14,20.1,4,10,7.0
ATH046,Overhead Press,2025-12-17,68.1,5,6,6.5
ATH046,Romanian Deadlift,2025-12-17,173.7,3,6,8.6
ATH046,Sandbag Carry,2025-12-17,151.1,4,10,7.1
ATH046,Farmer's Walk,2025-12-19,145.2,4,22,8.7
ATH046,Incline Bench Press,2025-12-19,117.5,4,8,6.4
ATH046,Overhead Press,2025-12-19,67.7,5,5,6.7
ATH046,Incline Bench Press,2025-12-21,110.6,3,6,8.3
ATH046,Sandbag Carry,2025-12-21,160.3,3,20,8.0
ATH046,Squat,2025-12-21,158.9,5,3,7.2
ATH047,Deadlift,2025-10-01,225.1,4,6,6.8
ATH047,Front Squat,2025-10-01,114.5,3,10,8.0
ATH047,Sandbag Carry,2025-10-01,162.7,4,22,8.0
ATH047,Barbell Row,2025-10-03,138.5,3,6,6.2
ATH047,Log Press,2025-10-03,97.1,3,3,7.4
ATH047,Squat,2025-10-03,169.9,5,6,8.1
ATH047,Atlas Stone Load,2025-10-05,139.8,3,2,7.1
ATH047,Barbell Row,2025-10-05,123.4,4,8,6.4
ATH047,Squat,2025-10-05,137.1,3,3,9.1
ATH047,Overhead Press,2025-10-08,113.4,5,10,6.5
ATH047,Pull-ups,2025-10-08,12.2,3,6,7.5
ATH047,Yoke Walk,2025-10-08,344.1,3,15,7.4
ATH047,Log Press,2025-10-10,102.4,3,3,6.7
ATH047,Overhead Press,2025-10-10,107.1,3,6,8.3
ATH047,Pull-ups,2025-10-10,33.1,3,12,8.1
ATH047,Barbell Row,2025-10-12,119.0,4,6,6.6
ATH047,Bench Press,2025-10-12,107.6,4,6,7.1
ATH047,Yoke Walk,2025-10-12,337.7,4,22,8.7
ATH047,Deadlift,2025-10-15,209.8,4,4,7.5
ATH047,Incline Bench Press,2025-10-15,112.1,3,10,6.7
ATH047,Log Press,2025-10-15,110.4,3,3,6.9
ATH047,Incline Bench Press,2025-10-17,113.6,3,8,6.0
ATH047,Sandbag Carry,2025-10-17,165.1,3,25,8.0
ATH047,Squat,2025-10-17,152.3,3,5,8.7
ATH047,Atlas Stone Load,2025-10-19,194.8,4,2,7.9
ATH047,Bench Press,2025-10-19,113.0,3,6,8.4
ATH047,Incline Bench Press,2025-10-19,100.4,3,6,8.3
ATH047,Front Squat,2025-10-22,133.3,4,10,7.8
ATH047,Sandbag Carry,2025-10-22,155.8,3,18,8.5
ATH047,Squat,2025-10-22,204.6,3,5,7.2
ATH047,Bench Press,2025-10-24,113.5,3,10,8.7
ATH047,Farmer's Walk,2025-10-24,205.5,3,26,8.4
ATH047,Front Squat,2025-10-24,140.5,3,12,6.6
ATH047,Atlas Stone Load,2025-10-26,175.8,4,5,7.2
ATH047,Incline Bench Press,2025-10-26,107.1,3,6,6.9
ATH047,Squat,2025-10-26,197.8,3,6,7.0
ATH047,Deadlift,2025-10-29,254.4,4,6,6.9
ATH047,Log Press,2025-10-29,114.6,3,3,8.1
ATH047,Romanian Deadlift,2025-10-29,148.8,4,10,6.7
ATH047,Atlas Stone Load,2025-10-31,175.1,3,4,9.5
ATH047,Overhead Press,2025-10-31,73.5,3,8,6.3
ATH047,Romanian Deadlift,2025-10-31,201.8,3,12,6.2
ATH047,Farmer's Walk,2025-11-02,204.6,3,25,6.5
ATH047,Pull-ups,2025-11-02,27.4,4,10,8.0
ATH047,Squat,2025-11-02,212.4,4,3,8.8
ATH047,Barbell Row,2025-11-05,128.6,3,8,8.3
ATH047,Deadlift,2025-11-05,265.8,3,5,7.8
ATH047,Sandbag Carry,2025-11-05,179.2,3,15,8.2
ATH047,Deadlift,2025-11-07,243.3,5,3,7.5
ATH047,Incline Bench Press,2025-11-07,87.9,4,10,8.0
ATH047,Log Press,2025-11-07,108.1,3,3,9.1
ATH047,Atlas Stone Load,2025-11-09,205.4,4,5,9.0
ATH047,Barbell Row,2025-11-09,134.0,4,6,6.9
ATH047,Overhead Press,2025-11-09,81.0,4,10,7.8
ATH047,Bench Press,2025-11-12,152.8,3,5,7.4
ATH047,Front Squat,2025-11-12,105.6,4,6,5.5
ATH047,Log Press,2025-11-12,119.7,4,6,7.7
ATH047,Deadlift,2025-11-14,253.8,4,3,5.5
ATH047,Front Squat,2025-11-14,114.5,4,8,5.6
ATH047,Yoke Walk,2025-11-14,366.3,3,22,5.9
ATH047,Atlas Stone Load,2025-11-16,146.5,4,4,5.9
ATH047,Pull-ups,2025-11-16,29.4,4,10,6.4
ATH047,Squat,2025-11-16,191.4,5,6,6.3
ATH047,Romanian Deadlift,2025-11-19,154.7,3,8,6.0
ATH047,Squat,2025-11-19,177.6,4,3,8.4
ATH047,Yoke Walk,2025-11-19,334.1,4,12,7.5
ATH047,Pull-ups,2025-11-21,33.4,4,6,6.0
ATH047,Sandbag Carry,2025-11-21,184.9,3,22,8.8
ATH047,Squat,2025-11-21,213.0,4,5,7.4
ATH047,Atlas Stone Load,2025-11-23,171.8,4,2,7.9
ATH047,Incline Bench Press,2025-11-23,89.8,3,10,8.6
ATH047,Squat,2025-11-23,178.8,3,3,8.5
ATH047,Bench Press,2025-11-26,127.3,4,10,7.5
ATH047,Log Press,2025-11-26,102.8,4,8,6.5
ATH047,Romanian Deadlift,2025-11-26,196.3,3,10,8.2
ATH047,Bench Press,2025-11-28,148.5,3,8,8.3
ATH047,Front Squat,2025-11-28,147.3,4,12,8.3
ATH047,Log Press,2025-11-28,110.9,3,5,9.4
ATH047,Farmer's Walk,2025-11-30,153.4,4,22,8.9
ATH047,Incline Bench Press,2025-11-30,95.4,4,10,6.7
ATH047,Overhead Press,2025-11-30,87.4,5,6,8.3
ATH047,Farmer's Walk,2025-12-03,181.7,4,25,8.6
ATH047,Incline Bench Press,2025-12-03,122.4,3,8,6.6
ATH047,Overhead Press,2025-12-03,95.2,5,8,6.3
ATH047,Bench Press,2025-12-05,162.1,4,6,7.1
ATH047,Incline Bench Press,2025-12-05,93.9,3,10,7.2
ATH047,Sandbag Carry,2025-12-05,156.8,3,22,7.3
ATH047,Log Press,2025-12-07,128.7,4,8,7.3
ATH047,Overhead Press,2025-12-07,76.1,3,5,6.2
ATH047,Romanian Deadlift,2025-12-07,203.9,3,10,8.1
ATH047,Deadlift,2025-12-10,267.0,4,4,7.8
ATH047,Log Press,2025-12-10,103.8,3,8,8.9
ATH047,Romanian Deadlift,2025-12-10,149.7,3,10,7.5
ATH047,Deadlift,2025-12-12,191.1,3,6,9.0
ATH047,Incline Bench Press,2025-12-12,120.5,4,8,6.5
ATH047,Yoke Walk,2025-12-12,394.8,4,10,6.7
ATH047,Front Squat,2025-12-14,175.8,4,8,8.3
ATH047,Sandbag Carry,2025-12-14,165.8,3,26,6.5
ATH047,Squat,2025-12-14,194.4,5,5,8.2
ATH047,Log Press,2025-12-17,131.0,3,5,7.9
ATH047,Romanian Deadlift,2025-12-17,213.1,3,10,6.6
ATH047,Squat,2025-12-17,181.6,4,5,6.9
ATH047,Farmer's Walk,2025-12-19,165.8,4,30,8.6
ATH047,Front Squat,2025-12-19,178.1,3,6,7.6
ATH047,Overhead Press,2025-12-19,108.5,5,8,6.7
ATH047,Bench Press,2025-12-21,155.4,3,8,8.9
ATH047,Incline Bench Press,2025-12-21,90.0,4,10,6.9
ATH047,Log Press,2025-12-21,108.6,3,5,8.4
ATH048,Deadlift,2025-10-01,289.9,3,3,8.7
ATH048,Front Squat,2025-10-01,187.1,4,8,7.5
ATH048,Sandbag Carry,2025-10-01,179.3,3,25,8.7
ATH048,Bench Press,2025-10-03,189.1,4,10,7.8
ATH048,Log Press,2025-10-03,103.4,3,8,8.4
ATH048,Pull-ups,2025-10-03,22.0,4,10,7.9
ATH048,Deadlift,2025-10-05,277.6,5,6,6.9
ATH048,Front Squat,2025-10-05,192.0,3,10,8.1
ATH048,Log Press,2025-10-05,115.9,3,6,7.8
ATH048,Bench Press,2025-10-08,126.3,5,5,8.8
ATH048,Log Press,2025-10-08,134.6,4,3,6.9
ATH048,Pull-ups,2025-10-08,8.0,4,12,7.7
ATH048,Farmer's Walk,2025-10-10,221.1,4,25,7.1
ATH048,Romanian Deadlift,2025-10-10,229.8,4,12,6.2
ATH048,Squat,2025-10-10,191.7,5,4,9.1
ATH048,Farmer's Walk,2025-10-12,197.8,3,26,7.8
ATH048,Romanian Deadlift,2025-10-12,168.0,4,12,6.6
ATH048,Squat,2025-10-12,233.6,3,3,6.9
ATH048,Overhead Press,2025-10-15,90.5,3,6,7.4
ATH048,Romanian Deadlift,2025-10-15,232.6,4,12,7.8
ATH048,Yoke Walk,2025-10-15,465.2,4,20,6.8
ATH048,Pull-ups,2025-10-17,37.5,3,8,6.5
ATH048,Squat,2025-10-17,185.3,3,3,7.8
ATH048,Yoke Walk,2025-10-17,358.6,4,12,7.8
ATH048,Romanian Deadlift,2025-10-19,194.5,4,12,7.4
ATH048,Sandbag Carry,2025-10-19,196.2,3,12,7.6
ATH048,Squat,2025-10-19,218.4,5,3,8.8
ATH048,Bench Press,2025-10-22,169.7,4,6,8.2
ATH048,Pull-ups,2025-10-22,32.2,3,12,8.3
ATH048,Sandbag Carry,2025-10-22,190.7,4,15,8.6
ATH048,Deadlift,2025-10-24,247.3,5,6,8.0
ATH048,Incline Bench Press,2025-10-24,113.3,4,6,8.1
ATH048,Sandbag Carry,2025-10-24,177.1,4,15,6.6
ATH048,Deadlift,2025-10-26,233.4,5,4,7.1
ATH048,Incline Bench Press,2025-10-26,96.6,4,10,8.7
ATH048,Yoke Walk,2025-10-26,420.5,3,10,8.1
ATH048,Barbell Row,2025-10-29,121.7,4,8,6.2
ATH048,Farmer's Walk,2025-10-29,168.3,4,20,6.9
ATH048,Squat,2025-10-29,188.9,4,5,8.8
ATH048,Farmer's Walk,2025-10-31,186.8,4,12,7.8
ATH048,Incline Bench Press,2025-10-31,108.5,4,12,6.0
ATH048,Overhead Press,2025-10-31,117.9,3,10,6.8
ATH048,Farmer's Walk,2025-11-02,176.3,4,10,7.0
ATH048,Overhead Press,2025-11-02,97.8,3,5,6.5
ATH048,Pull-ups,2025-11-02,18.3,4,10,7.3
ATH048,Atlas Stone Load,2025-11-05,217.7,4,4,9.5
ATH048,Barbell Row,2025-11-05,132.3,3,10,8.8
ATH048,Squat,2025-11-05,203.1,4,3,7.3
ATH048,Bench Press,2025-11-07,130.4,4,8,7.3
ATH048,Incline Bench Press,2025-11-07,113.8,4,6,8.2
ATH048,Yoke Walk,2025-11-07,387.7,4,30,8.9
ATH048,Deadlift,2025-11-09,207.2,4,4,6.9
ATH048,Pull-ups,2025-11-09,7.2,3,10,7.4
ATH048,Sandbag Carry,2025-11-09,216.5,3,30,7.1
ATH048,Barbell Row,2025-11-12,135.5,3,12,5.9
ATH048,Farmer's Walk,2025-11-12,168.4,3,20,7.1
ATH048,Squat,2025-11-12,171.0,3,4,6.9
ATH048,Farmer's Walk,2025-11-14,205.8,3,22,6.3
ATH048,Front Squat,2025-11-14,123.0,3,6,6.7
ATH048,Squat,2025-11-14,197.9,3,6,5.5
ATH048,Barbell Row,2025-11-16,121.0,3,8,5.7
ATH048,Bench Press,2025-11-16,152.9,3,6,5.7
ATH048,Farmer's Walk,2025-11-16,220.1,3,15,7.3
ATH048,Atlas Stone Load,2025-11-19,187.9,4,3,8.3
ATH048,Front Squat,2025-11-19,172.7,3,8,6.3
ATH048,Squat,2025-11-19,211.6,3,6,8.9
ATH048,Front Squat,2025-11-21,186.8,3,10,8.4
ATH048,Overhead Press,2025-11-21,115.8,4,10,6.3
ATH048,Sandbag Carry,2025-11-21,181.2,3,25,9.2
ATH048,Bench Press,2025-11-23,159.8,3,6,8.4
ATH048,Front Squat,2025-11-23,198.1,3,10,8.6
ATH048,Sandbag Carry,2025-11-23,171.5,4,18,7.1
ATH048,Barbell Row,2025-11-26,170.1,3,10,6.4
ATH048,Deadlift,2025-11-26,282.5,4,4,7.6
ATH048,Farmer's Walk,2025-11-26,239.3,3,22,6.6
ATH048,Deadlift,2025-11-28,215.0,4,5,8.1
ATH048,Farmer's Walk,2025-11-28,231.8,3,12,7.2
ATH048,Incline Bench Press,2025-11-28,123.4,3,8,7.7
ATH048,Farmer's Walk,2025-11-30,225.4,3,12,7.9
ATH048,Overhead Press,2025-11-30,98.5,5,10,7.3
ATH048,Romanian Deadlift,2025-11-30,218.2,3,12,8.2
ATH048,Barbell Row,2025-12-03,159.6,4,8,8.7
ATH048,Log Press,2025-12-03,110.0,3,6,7.2
ATH048,Overhead Press,2025-12-03,128.7,3,10,6.2
ATH048,Barbell Row,2025-12-05,171.2,4,10,7.1
ATH048,Overhead Press,2025-12-05,130.3,5,8,7.3
ATH048,Yoke Walk,2025-12-05,448.2,4,18,8.3
ATH048,Bench Press,2025-12-07,136.3,4,10,6.7
ATH048,Front Squat,2025-12-07,155.4,3,6,6.1
ATH048,Log Press,2025-12-07,128.3,4,8,7.2
ATH048,Barbell Row,2025-12-10,162.1,3,12,7.8
ATH048,Deadlift,2025-12-10,234.3,4,6,8.5
ATH048,Yoke Walk,2025-12-10,456.4,4,25,8.6
ATH048,Deadlift,2025-12-12,299.9,4,3,7.2
ATH048,Pull-ups,2025-12-12,6.6,4,8,7.9
ATH048,Yoke Walk,2025-12-12,372.9,3,25,7.3
ATH048,Romanian Deadlift,2025-12-14,198.2,4,8,7.7
ATH048,Sandbag Carry,2025-12-14,219.8,4,15,8.2
ATH048,Squat,2025-12-14,196.2,5,3,7.0
ATH048,Log Press,2025-12-17,118.1,4,5,8.5
ATH048,Overhead Press,2025-12-17,121.2,5,6,6.8
ATH048,Romanian Deadlift,2025-12-17,242.6,4,12,6.9
ATH048,Bench Press,2025-12-19,181.7,3,6,8.7
ATH048,Farmer's Walk,2025-12-19,234.8,4,10,8.6
ATH048,Incline Bench Press,2025-12-19,129.2,4,10,8.8
ATH048,Farmer's Walk,2025-12-21,228.8,4,12,7.9
ATH048,Overhead Press,2025-12-21,120.0,3,5,8.7
ATH048,Pull-ups,2025-12-21,25.9,3,12,6.8
ATH049,Farmer's Walk,2025-10-01,150.6,4,15,8.9
ATH049,Pull-ups,2025-10-01,31.9,3,8,7.5
ATH049,Squat,2025-10-01,188.2,4,6,6.8
ATH049,Deadlift,2025-10-03,209.1,5,5,7.3
ATH049,Log Press,2025-10-03,126.4,3,6,7.4
ATH049,Romanian Deadlift,2025-10-03,188.3,4,10,7.5
ATH049,Front Squat,2025-10-05,140.2,3,12,6.3
ATH049,Overhead Press,2025-10-05,114.2,3,6,6.9
ATH049,Sandbag Carry,2025-10-05,169.8,4,30,6.6
ATH049,Barbell Row,2025-10-08,139.9,3,8,8.6
ATH049,Bench Press,2025-10-08,156.4,4,6,8.1
ATH049,Yoke Walk,2025-10-08,393.9,3,18,7.2
ATH049,Barbell Row,2025-10-10,149.6,4,10,8.2
ATH049,Sandbag Carry,2025-10-10,197.4,3,10,7.4
ATH049,Squat,2025-10-10,222.0,3,4,7.2
ATH049,Deadlift,2025-10-12,218.1,3,3,9.0
ATH049,Farmer's Walk,2025-10-12,152.8,4,26,6.8
ATH049,Front Squat,2025-10-12,183.0,4,6,8.0
ATH049,Atlas Stone Load,2025-10-15,188.3,3,4,7.2
ATH049,Bench Press,2025-10-15,153.5,4,6,7.4
ATH049,Romanian Deadlift,2025-10-15,221.1,4,6,6.5
ATH049,Deadlift,2025-10-17,243.6,3,5,7.1
ATH049,Front Squat,2025-10-17,147.6,4,12,8.7
ATH049,Log Press,2025-10-17,101.9,4,6,6.8
ATH049,Barbell Row,2025-10-19,154.7,4,8,8.0
ATH049,Bench Press,2025-10-19,177.5,3,6,7.4
ATH049,Log Press,2025-10-19,125.0,3,6,8.5
ATH049,Barbell Row,2025-10-22,130.6,4,10,8.2
ATH049,Bench Press,2025-10-22,132.3,3,10,6.5
ATH049,Yoke Walk,2025-10-22,401.7,4,26,6.8
ATH049,Front Squat,2025-10-24,152.6,4,12,8.5
ATH049,Squat,2025-10-24,164.9,3,6,9.0
ATH049,Yoke Walk,2025-10-24,357.8,3,20,7.9
ATH049,Overhead Press,2025-10-26,123.3,4,10,7.5
ATH049,Pull-ups,2025-10-26,33.1,4,12,7.5
ATH049,Yoke Walk,2025-10-26,359.1,3,26,9.0
ATH049,Barbell Row,2025-10-29,113.5,3,12,7.4
ATH049,Bench Press,2025-10-29,161.4,3,6,8.3
ATH049,Yoke Walk,2025-10-29,380.3,3,12,9.1
ATH049,Atlas Stone Load,2025-10-31,206.8,4,4,8.6
ATH049,Overhead Press,2025-10-31,120.0,5,5,6.6
ATH049,Pull-ups,2025-10-31,29.3,4,8,8.0
ATH049,Deadlift,2025-11-02,211.3,4,4,7.8
ATH049,Incline Bench Press,2025-11-02,105.0,3,6,6.0
ATH049,Yoke Walk,2025-11-02,383.5,3,30,6.6
ATH049,Bench Press,2025-11-05,142.4,3,10,7.9
ATH049,Front Squat,2025-11-05,145.0,4,12,6.9
ATH049,Log Press,2025-11-05,112.6,4,5,7.9
ATH049,Farmer's Walk,2025-11-07,160.6,3,26,8.9
ATH049,Front Squat,2025-11-07,167.4,4,8,7.2
ATH049,Overhead Press,2025-11-07,106.2,5,5,8.4
ATH049,Atlas Stone Load,2025-11-09,208.6,4,2,8.4
ATH049,Deadlift,2025-11-09,225.4,4,6,7.9
ATH049,Front Squat,2025-11-09,174.4,3,6,7.0
ATH049,Pull-ups,2025-11-12,24.3,4,6,5.6
ATH049,Sandbag Carry,2025-11-12,154.9,3,18,5.6
ATH049,Squat,2025-11-12,160.6,3,4,5.8
ATH049,Deadlift,2025-11-14,265.6,3,5,5.5
ATH049,Pull-ups,2025-11-14,24.6,4,10,6.9
ATH049,Sandbag Carry,2025-11-14,155.0,4,15,5.5
ATH049,Incline Bench Press,2025-11-16,100.8,3,8,5.5
ATH049,Sandbag Carry,2025-11-16,181.3,4,12,5.6
ATH049,Squat,2025-11-16,155.5,5,4,6.2
ATH049,Barbell Row,2025-11-19,137.4,3,12,8.6
ATH049,Farmer's Walk,2025-11-19,172.2,4,18,7.0
ATH049,Overhead Press,2025-11-19,100.1,5,8,8.2
ATH049,Deadlift,2025-11-21,231.3,4,6,8.5
ATH049,Front Squat,2025-11-21,158.4,3,8,6.6
ATH049,Sandbag Carry,2025-11-21,155.5,3,20,7.6
ATH049,Atlas Stone Load,2025-11-23,185.4,3,3,7.4
ATH049,Pull-ups,2025-11-23,23.6,4,8,8.0
ATH049,Squat,2025-11-23,161.6,3,3,9.2
ATH049,Front Squat,2025-11-26,159.2,4,12,8.6
ATH049,Squat,2025-11-26,221.4,3,4,6.8
ATH049,Yoke Walk,2025-11-26,406.4,4,15,8.4
ATH049,Barbell Row,2025-11-28,127.5,3,6,8.0
ATH049,Log Press,2025-11-28,102.8,3,3,7.8
ATH049,Squat,2025-11-28,202.9,5,4,8.2
ATH049,Overhead Press,2025-11-30,111.8,5,6,6.5
ATH049,Romanian Deadlift,2025-11-30,213.1,4,12,6.7
ATH049,Sandbag Carry,2025-11-30,184.9,4,30,7.1
ATH049,Front Squat,2025-12-03,162.7,3,12,7.2
ATH049,Log Press,2025-12-03,142.7,4,8,6.7
ATH049,Squat,2025-12-03,202.2,4,6,8.6
ATH049,Barbell Row,2025-12-05,157.3,4,6,6.1
ATH049,Bench Press,2025-12-05,128.8,4,5,8.1
ATH049,Farmer's Walk,2025-12-05,229.1,3,25,7.1
ATH049,Bench Press,2025-12-07,182.3,3,6,7.4
ATH049,Front Squat,2025-12-07,142.7,4,8,7.4
ATH049,Log Press,2025-12-07,103.8,4,6,7.2
ATH049,Farmer's Walk,2025-12-10,186.6,4,26,7.9
ATH049,Incline Bench Press,2025-12-10,112.3,4,12,7.4
ATH049,Squat,2025-12-10,210.5,3,6,7.1
ATH049,Bench Press,2025-12-12,140.8,3,6,7.4
ATH049,Incline Bench Press,2025-12-12,115.6,4,6,8.5
ATH049,Yoke Walk,2025-12-12,415.2,3,26,8.4
ATH049,Incline Bench Press,2025-12-14,100.6,4,6,7.2
ATH049,Log Press,2025-12-14,133.0,3,3,7.2
ATH049,Overhead Press,2025-12-14,92.9,4,5,7.4
ATH049,Pull-ups,2025-12-17,30.4,3,10,7.4
ATH049,Squat,2025-12-17,197.2,4,4,6.5
ATH049,Yoke Walk,2025-12-17,406.3,3,22,7.3
ATH049,Log Press,2025-12-19,116.5,4,3,7.8
ATH049,Pull-ups,2025-12-19,37.7,4,6,6.5
ATH049,Squat,2025-12-19,212.1,4,4,8.5
ATH049,Overhead Press,2025-12-21,123.9,4,6,7.4
ATH049,Pull-ups,2025-12-21,32.9,4,8,8.4
ATH049,Sandbag Carry,2025-12-21,198.5,4,20,7.9
ATH050,Log Press,2025-10-01,118.7,4,8,7.7
ATH050,Pull-ups,2025-10-01,28.2,3,10,6.8
ATH050,Squat,2025-10-01,179.4,3,6,8.9
ATH050,Barbell Row,2025-10-03,118.8,3,6,7.5
ATH050,Deadlift,2025-10-03,241.3,5,4,7.8
ATH050,Farmer's Walk,2025-10-03,212.7,3,15,8.3
ATH050,Deadlift,2025-10-05,233.4,5,3,7.2
ATH050,Farmer's Walk,2025-10-05,233.9,3,22,9.0
ATH050,Romanian Deadlift,2025-10-05,213.9,3,12,8.4
ATH050,Barbell Row,2025-10-08,161.3,4,12,7.2
ATH050,Farmer's Walk,2025-10-08,192.4,4,12,7.8
ATH050,Overhead Press,2025-10-08,118.8,5,8,7.7
ATH050,Atlas Stone Load,2025-10-10,194.9,4,5,9.4
ATH050,Bench Press,2025-10-10,142.2,5,6,6.9
ATH050,Front Squat,2025-10-10,185.0,4,8,7.1
ATH050,Barbell Row,2025-10-12,149.1,3,8,7.1
ATH050,Farmer's Walk,2025-10-12,187.1,4,12,7.4
ATH050,Squat,2025-10-12,201.7,5,4,7.8
ATH050,Farmer's Walk,2025-10-15,236.7,4,26,8.8
ATH050,Pull-ups,2025-10-15,17.3,4,12,6.2
ATH050,Squat,2025-10-15,171.7,4,3,6.6
ATH050,Deadlift,2025-10-17,197.6,5,6,7.1
ATH050,Farmer's Walk,2025-10-17,197.8,3,30,9.2
ATH050,Front Squat,2025-10-17,164.2,3,6,8.3
ATH050,Farmer's Walk,2025-10-19,196.8,3,10,8.5
ATH050,Overhead Press,2025-10-19,82.3,5,5,7.5
ATH050,Romanian Deadlift,2025-10-19,179.8,4,10,8.7
ATH050,Incline Bench Press,2025-10-22,123.5,3,6,6.0
ATH050,Overhead Press,2025-10-22,123.2,4,6,7.6
ATH050,Sandbag Carry,2025-10-22,158.8,3,18,7.0
ATH050,Deadlift,2025-10-24,304.6,5,4,8.8
ATH050,Romanian Deadlift,2025-10-24,200.7,4,6,8.3
ATH050,Yoke Walk,2025-10-24,430.8,4,22,7.6
ATH050,Atlas Stone Load,2025-10-26,216.3,4,3,8.8
ATH050,Barbell Row,2025-10-26,127.8,4,8,8.5
ATH050,Bench Press,2025-10-26,157.6,5,10,8.3
ATH050,Overhead Press,2025-10-29,94.4,5,10,6.8
ATH050,Romanian Deadlift,2025-10-29,219.9,3,6,6.8
ATH050,Sandbag Carry,2025-10-29,181.2,3,25,8.9
ATH050,Atlas Stone Load,2025-10-31,199.8,4,2,8.2
ATH050,Incline Bench Press,2025-10-31,108.3,3,10,6.8
ATH050,Squat,2025-10-31,228.2,3,5,7.1
ATH050,Overhead Press,2025-11-02,109.2,5,8,6.5
ATH050,Romanian Deadlift,2025-11-02,215.5,3,12,8.4
ATH050,Sandbag Carry,2025-11-02,168.2,3,26,7.1
ATH050,Bench Press,2025-11-05,140.6,3,10,6.9
ATH050,Incline Bench Press,2025-11-05,107.0,3,6,6.1
ATH050,Log Press,2025-11-05,132.7,4,6,8.8
ATH050,Bench Press,2025-11-07,139.9,4,10,6.1
ATH050,Incline Bench Press,2025-11-07,100.9,3,12,6.4
ATH050,Log Press,2025-11-07,120.6,4,6,7.9
ATH050,Bench Press,2025-11-09,200.9,3,8,7.0
ATH050,Farmer's Walk,2025-11-09,161.0,3,18,8.3
ATH050,Pull-ups,2025-11-09,37.2,4,10,7.7
ATH050,Bench Press,2025-11-12,124.3,3,10,6.8
ATH050,Farmer's Walk,2025-11-12,197.1,4,18,7.7
ATH050,Front Squat,2025-11-12,158.6,3,12,5.5
ATH050,Front Squat,2025-11-14,129.3,4,6,7.5
ATH050,Overhead Press,2025-11-14,85.7,3,5,5.5
ATH050,Sandbag Carry,2025-11-14,206.6,3,18,7.5
ATH050,Bench Press,2025-11-16,169.1,4,5,6.5
ATH050,Incline Bench Press,2025-11-16,111.2,3,12,7.4
ATH050,Sandbag Carry,2025-11-16,188.5,3,18,6.1
ATH050,Deadlift,2025-11-19,255.3,4,3,8.7
ATH050,Front Squat,2025-11-19,185.2,3,12,8.7
ATH050,Sandbag Carry,2025-11-19,193.6,3,26,6.7
ATH050,Log Press,2025-11-21,149.0,3,6,8.7
ATH050,Romanian Deadlift,2025-11-21,183.0,3,12,8.2
ATH050,Squat,2025-11-21,202.7,3,3,8.1
ATH050,Deadlift,2025-11-23,268.7,4,4,7.7
ATH050,Farmer's Walk,2025-11-23,218.7,3,10,8.0
ATH050,Front Squat,2025-11-23,153.5,4,8,8.0
ATH050,Barbell Row,2025-11-26,148.2,3,12,8.8
ATH050,Bench Press,2025-11-26,178.2,5,5,6.5
ATH050,Sandbag Carry,2025-11-26,167.6,4,25,8.6
ATH050,Barbell Row,2025-11-28,123.0,4,12,8.7
ATH050,Bench Press,2025-11-28,122.9,4,5,8.4
ATH050,Farmer's Walk,2025-11-28,186.0,3,22,9.1
ATH050,Atlas Stone Load,2025-11-30,202.6,3,4,8.6
ATH050,Barbell Row,2025-11-30,168.6,4,6,7.9
ATH050,Bench Press,2025-11-30,176.5,4,5,6.8
ATH050,Bench Press,2025-12-03,125.4,3,6,8.4
ATH050,Log Press,2025-12-03,114.4,3,3,9.1
ATH050,Pull-ups,2025-12-03,27.2,4,12,8.0
ATH050,Atlas Stone Load,2025-12-05,185.6,4,2,7.7
ATH050,Deadlift,2025-12-05,291.7,3,5,9.0
ATH050,Romanian Deadlift,2025-12-05,218.2,4,10,7.9
ATH050,Deadlift,2025-12-07,216.0,4,3,7.9
ATH050,Farmer's Walk,2025-12-07,217.1,4,22,6.6
ATH050,Pull-ups,2025-12-07,21.2,3,6,6.9
ATH050,Deadlift,2025-12-10,283.0,3,3,8.2
ATH050,Farmer's Walk,2025-12-10,244.6,4,18,6.5
ATH050,Front Squat,2025-12-10,190.4,3,12,6.7
ATH050,Atlas Stone Load,2025-12-12,209.5,3,3,7.3
ATH050,Deadlift,2025-12-12,245.7,4,4,6.6
ATH050,Romanian Deadlift,2025-12-12,217.2,4,8,7.8
ATH050,Barbell Row,2025-12-14,170.5,3,12,6.7
ATH050,Overhead Press,2025-12-14,101.0,4,10,8.0
ATH050,Yoke Walk,2025-12-14,430.9,3,22,6.6
ATH050,Barbell Row,2025-12-17,148.9,3,8,6.7
ATH050,Squat,2025-12-17,231.7,5,3,7.5
ATH050,Yoke Walk,2025-12-17,400.9,4,12,7.3
ATH050,Atlas Stone Load,2025-12-19,211.7,4,2,8.3
ATH050,Barbell Row,2025-12-19,142.4,3,8,6.6
ATH050,Bench Press,2025-12-19,189.9,4,10,7.0
ATH050,Atlas Stone Load,2025-12-21,203.2,3,5,7.0
ATH050,Barbell Row,2025-12-21,153.1,3,6,7.5
ATH050,Bench Press,2025-12-21,157.2,5,8,7.8
